
=============================== Model properties ==============================

   Number of:
     all atoms      : 1225
     H or D atoms   : 0
     chains         : 1
     a.a. residues  : 0
     nucleotides    : 58
     water          : 0
     other (ligands): 0
   Ligands: None

============================= Geometry restraints =============================


                        ----------Bond lengths----------                       

  atoms                 ideal   model   delta   sigma   slack  residual   deviation
   0  37    C  O3'
   0  38    C  P           1.61     2.94    -1.34  1.50e-02  7.94e+03  89.1*sigma
   0  40    G  O3'
   0  41    G  P           1.61     2.74    -1.14  1.50e-02  5.75e+03  75.8*sigma
   0  53    C  O3'
   0  54    C  P           1.61     2.71    -1.10  1.50e-02  5.37e+03  73.3*sigma
   0  51    U  O3'
   0  52    A  P           1.61     2.69    -1.08  1.50e-02  5.18e+03  72.0*sigma
   0  41    G  O3'
   0  42    U  P           1.61     2.63    -1.02  1.50e-02  4.63e+03  68.0*sigma
   0  49    U  O3'
   0  50    U  P           1.61     2.35    -0.74  1.50e-02  2.43e+03  49.3*sigma
   0  29    U  O3'
   0  30    G  P           1.61     0.88     0.73  1.50e-02  2.34e+03  48.4*sigma
   0   4    A  O3'
   0   5    C  P           1.61     0.91     0.70  1.50e-02  2.16e+03  46.5*sigma
   0  38    C  C3'
   0  38    C  O3'         1.42     2.31    -0.90  2.00e-02  2.02e+03  44.9*sigma
   0   7    C  O3'
   0   8    U  P           1.61     0.98     0.63  1.50e-02  1.77e+03  42.0*sigma
   0  22    C  C2'
   0  22    C  C1'         1.53     0.90     0.63  1.50e-02  1.76e+03  42.0*sigma
   0  31    A  O3'
   0  32    A  P           1.61     0.98     0.63  1.50e-02  1.76e+03  41.9*sigma
   0  14    U  C5'
   0  14    U  C4'         1.51     0.91     0.60  1.50e-02  1.61e+03  40.2*sigma
   0  45    A  C5'
   0  45    A  C4'         1.51     0.93     0.58  1.50e-02  1.51e+03  38.9*sigma
   0  31    A  C5'
   0  31    A  C4'         1.51     0.93     0.58  1.50e-02  1.49e+03  38.6*sigma
   0  23    G  P
   0  23    G  O5'         1.59     1.03     0.56  1.50e-02  1.41e+03  37.5*sigma
   0  32    A  C5'
   0  32    A  C4'         1.51     0.96     0.54  1.50e-02  1.32e+03  36.3*sigma
   0   6    A  P
   0   6    A  O5'         1.59     1.06     0.54  1.50e-02  1.29e+03  35.9*sigma
   0  42    U  C5'
   0  42    U  C4'         1.51     0.97     0.54  1.50e-02  1.28e+03  35.8*sigma
   0  32    A  C3'
   0  32    A  O3'         1.42     0.89     0.53  1.50e-02  1.25e+03  35.4*sigma
   0   6    A  O3'
   0   7    C  P           1.61     2.14    -0.53  1.50e-02  1.25e+03  35.4*sigma
   0   4    A  C5'
   0   4    A  C4'         1.51     0.99     0.52  1.50e-02  1.20e+03  34.6*sigma
   0   1    C  O3'
   0   2    G  P           1.61     1.09     0.52  1.50e-02  1.18e+03  34.4*sigma
   0   8    U  O3'
   0   9    C  P           1.61     1.10     0.51  1.50e-02  1.16e+03  34.0*sigma
   0  41    G  C2'
   0  41    G  C1'         1.53     1.02     0.51  1.50e-02  1.15e+03  34.0*sigma
   0  10    G  O3'
   0  11    G  P           1.61     1.10     0.50  1.50e-02  1.13e+03  33.7*sigma
   0  26    A  C5'
   0  26    A  C4'         1.51     1.01     0.50  1.50e-02  1.11e+03  33.3*sigma
   0  44    G  C4'
   0  44    G  C3'         1.52     1.03     0.49  1.50e-02  1.08e+03  32.9*sigma
   0  41    G  C4'
   0  41    G  C3'         1.52     1.04     0.49  1.50e-02  1.05e+03  32.4*sigma
   0  51    U  C5'
   0  51    U  C4'         1.51     1.03     0.48  1.50e-02  1.04e+03  32.2*sigma
   0  46    A  C5'
   0  46    A  C4'         1.51     1.03     0.48  1.50e-02  1.02e+03  31.9*sigma
   0  12    A  C5'
   0  12    A  C4'         1.51     1.03     0.47  1.50e-02  1.00e+03  31.6*sigma
   0  31    A  O4'
   0  31    A  C1'         1.41     0.94     0.47  1.50e-02  9.97e+02  31.6*sigma
   0  40    G  C2'
   0  40    G  C1'         1.53     1.06     0.47  1.50e-02  9.79e+02  31.3*sigma
   0  31    A  P
   0  31    A  O5'         1.59     1.13     0.47  1.50e-02  9.61e+02  31.0*sigma
   0  52    A  C2'
   0  52    A  O2'         1.42     0.96     0.46  1.50e-02  9.36e+02  30.6*sigma
   0  40    G  C3'
   0  40    G  O3'         1.42     1.87    -0.46  1.50e-02  9.31e+02  30.5*sigma
   0  39    C  C3'
   0  39    C  O3'         1.42     1.87    -0.45  1.50e-02  9.09e+02  30.2*sigma
   0  49    U  C2'
   0  49    U  C1'         1.53     1.08     0.45  1.50e-02  9.06e+02  30.1*sigma
   0  15    G  C2
   0  15    G  N3          1.32     1.92    -0.60  2.00e-02  8.93e+02  29.9*sigma
   0  47    U  C5'
   0  47    U  C4'         1.51     1.06     0.45  1.50e-02  8.88e+02  29.8*sigma
   0   3    C  O3'
   0   4    A  P           1.61     1.16     0.45  1.50e-02  8.84e+02  29.7*sigma
   0  30    G  C2
   0  30    G  N3          1.32     1.92    -0.59  2.00e-02  8.78e+02  29.6*sigma
   0  26    A  O4'
   0  26    A  C1'         1.41     0.98     0.44  1.50e-02  8.47e+02  29.1*sigma
   0  41    G  C3'
   0  41    G  C2'         1.52     1.96    -0.44  1.50e-02  8.43e+02  29.0*sigma
   0   4    A  P
   0   4    A  O5'         1.59     1.16     0.43  1.50e-02  8.39e+02  29.0*sigma
   0  55    G  O3'
   0  56    U  P           1.61     1.17     0.43  1.50e-02  8.35e+02  28.9*sigma
   0  37    C  C5'
   0  37    C  C4'         1.51     1.08     0.43  1.50e-02  8.22e+02  28.7*sigma
   0  16    A  P
   0  16    A  O5'         1.59     1.16     0.43  1.50e-02  8.17e+02  28.6*sigma
   0  16    A  O4'
   0  16    A  C1'         1.41     0.98     0.43  1.50e-02  8.11e+02  28.5*sigma
   0  46    A  P
   0  46    A  O5'         1.59     1.17     0.43  1.50e-02  8.08e+02  28.4*sigma
   0  43    G  O3'
   0  44    G  P           1.61     1.18     0.43  1.50e-02  8.05e+02  28.4*sigma
   0  16    A  C5'
   0  16    A  C4'         1.51     1.08     0.43  1.50e-02  8.04e+02  28.4*sigma
   0  30    G  C5'
   0  30    G  C4'         1.51     1.08     0.42  1.50e-02  8.03e+02  28.3*sigma
   0  57    C  C5'
   0  57    C  C4'         1.51     1.09     0.42  1.50e-02  7.91e+02  28.1*sigma
   0  41    G  C3'
   0  41    G  O3'         1.42     1.84    -0.42  1.50e-02  7.80e+02  27.9*sigma
   0  15    G  C5'
   0  15    G  C4'         1.51     1.09     0.42  1.50e-02  7.77e+02  27.9*sigma
   0  45    A  P
   0  45    A  O5'         1.59     1.17     0.42  1.50e-02  7.77e+02  27.9*sigma
   0   7    C  C4'
   0   7    C  O4'         1.45     1.87    -0.42  1.50e-02  7.73e+02  27.8*sigma
   0   3    C  N3
   0   3    C  C4          1.33     1.89    -0.56  2.00e-02  7.71e+02  27.8*sigma
   0  40    G  C5
   0  40    G  C6          1.42     0.87     0.55  2.00e-02  7.53e+02  27.4*sigma
   0   9    C  O3'
   0  10    G  P           1.61     1.20     0.41  1.50e-02  7.38e+02  27.2*sigma
   0  42    U  C3'
   0  42    U  C2'         1.52     1.93    -0.41  1.50e-02  7.32e+02  27.1*sigma
   0  35    C  C3'
   0  35    C  O3'         1.42     1.01     0.41  1.50e-02  7.30e+02  27.0*sigma
   0   3    C  C5'
   0   3    C  C4'         1.51     1.10     0.40  1.50e-02  7.26e+02  26.9*sigma
   0  11    G  C2
   0  11    G  N3          1.32     1.86    -0.54  2.00e-02  7.22e+02  26.9*sigma
   0  36    U  C2'
   0  36    U  C1'         1.53     1.13     0.40  1.50e-02  7.14e+02  26.7*sigma
   0  19    C  C5'
   0  19    C  C4'         1.51     1.11     0.40  1.50e-02  7.07e+02  26.6*sigma
   0  21    U  O3'
   0  22    C  P           1.61     1.21     0.39  1.50e-02  6.93e+02  26.3*sigma
   0  34    G  C5'
   0  34    G  C4'         1.51     1.11     0.39  1.50e-02  6.91e+02  26.3*sigma
   0  32    A  P
   0  32    A  O5'         1.59     1.20     0.39  1.50e-02  6.89e+02  26.2*sigma
   0  54    C  C2'
   0  54    C  C1'         1.53     1.14     0.39  1.50e-02  6.87e+02  26.2*sigma
   0  21    U  C5'
   0  21    U  C4'         1.51     1.12     0.39  1.50e-02  6.73e+02  25.9*sigma
   0   7    C  C5'
   0   7    C  C4'         1.51     1.12     0.39  1.50e-02  6.66e+02  25.8*sigma
   0   7    C  C2
   0   7    C  O2          1.24     1.75    -0.51  2.00e-02  6.62e+02  25.7*sigma
   0  41    G  C2'
   0  41    G  O2'         1.42     1.80    -0.38  1.50e-02  6.50e+02  25.5*sigma
   0   9    C  C5'
   0   9    C  C4'         1.51     1.13     0.38  1.50e-02  6.44e+02  25.4*sigma
   0   5    C  C5'
   0   5    C  C4'         1.51     1.13     0.38  1.50e-02  6.35e+02  25.2*sigma
   0  12    A  O4'
   0  12    A  C1'         1.41     1.04     0.38  1.50e-02  6.31e+02  25.1*sigma
   0  55    G  C2'
   0  55    G  C1'         1.53     1.15     0.38  1.50e-02  6.25e+02  25.0*sigma
   0  52    A  N1
   0  52    A  C2          1.34     0.84     0.50  2.00e-02  6.23e+02  25.0*sigma
   0  11    G  C5'
   0  11    G  C4'         1.51     1.13     0.37  1.50e-02  6.21e+02  24.9*sigma
   0  52    A  C4'
   0  52    A  O4'         1.45     1.82    -0.37  1.50e-02  6.12e+02  24.7*sigma
   0  50    U  C2'
   0  50    U  C1'         1.53     1.16     0.37  1.50e-02  6.08e+02  24.7*sigma
   0  43    G  P
   0  43    G  O5'         1.59     1.22     0.37  1.50e-02  6.07e+02  24.6*sigma
   0  51    U  C3'
   0  51    U  O3'         1.42     1.78    -0.37  1.50e-02  5.95e+02  24.4*sigma
   0  25    C  C5'
   0  25    C  C4'         1.51     1.14     0.37  1.50e-02  5.92e+02  24.3*sigma
   0  44    G  C8
   0  44    G  N7          1.30     0.82     0.49  2.00e-02  5.91e+02  24.3*sigma
   0  10    G  P
   0  10    G  OP2         1.49     1.97    -0.48  2.00e-02  5.84e+02  24.2*sigma
   0  22    C  C3'
   0  22    C  O3'         1.43     1.79    -0.36  1.50e-02  5.83e+02  24.2*sigma
   0  26    A  P
   0  26    A  O5'         1.59     1.23     0.36  1.50e-02  5.81e+02  24.1*sigma
   0  33    C  N1
   0  33    C  C6          1.37     0.89     0.48  2.00e-02  5.80e+02  24.1*sigma
   0  18    G  C5'
   0  18    G  C4'         1.51     1.15     0.36  1.50e-02  5.76e+02  24.0*sigma
   0  29    U  C5'
   0  29    U  C4'         1.51     1.15     0.36  1.50e-02  5.70e+02  23.9*sigma
   0  12    A  P
   0  12    A  O5'         1.59     1.24     0.36  1.50e-02  5.69e+02  23.9*sigma
   0  28    C  C5'
   0  28    C  C4'         1.51     1.15     0.36  1.50e-02  5.68e+02  23.8*sigma
   0  34    G  C2
   0  34    G  N3          1.32     1.80    -0.48  2.00e-02  5.67e+02  23.8*sigma
   0  36    U  C5'
   0  36    U  C4'         1.51     1.15     0.36  1.50e-02  5.66e+02  23.8*sigma
   0  56    U  C2'
   0  56    U  C1'         1.53     1.17     0.36  1.50e-02  5.61e+02  23.7*sigma
   0  19    C  C3'
   0  19    C  O3'         1.42     1.06     0.36  1.50e-02  5.61e+02  23.7*sigma
   0  19    C  N1
   0  19    C  C6          1.37     0.89     0.47  2.00e-02  5.59e+02  23.6*sigma
   0   2    G  C8
   0   2    G  N7          1.30     0.83     0.47  2.00e-02  5.58e+02  23.6*sigma
   0  27    C  C5'
   0  27    C  C4'         1.51     1.15     0.35  1.50e-02  5.56e+02  23.6*sigma
   0  45    A  N7
   0  45    A  C5          1.39     1.86    -0.47  2.00e-02  5.49e+02  23.4*sigma
   0  30    G  C8
   0  30    G  N7          1.30     0.84     0.47  2.00e-02  5.47e+02  23.4*sigma
   0  10    G  C8
   0  10    G  N7          1.30     0.84     0.47  2.00e-02  5.43e+02  23.3*sigma
   0  15    G  N9
   0  15    G  C8          1.37     1.84    -0.47  2.00e-02  5.41e+02  23.3*sigma
   0  43    G  C8
   0  43    G  N7          1.30     0.84     0.46  2.00e-02  5.33e+02  23.1*sigma
   0  55    G  C4'
   0  55    G  C3'         1.52     1.17     0.35  1.50e-02  5.32e+02  23.1*sigma
   0  46    A  C8
   0  46    A  N7          1.31     0.85     0.46  2.00e-02  5.31e+02  23.0*sigma
   0  20    C  C5'
   0  20    C  C4'         1.51     1.16     0.35  1.50e-02  5.31e+02  23.0*sigma
   0  53    C  C5'
   0  53    C  C4'         1.51     1.16     0.35  1.50e-02  5.31e+02  23.0*sigma
   0  15    G  C8
   0  15    G  N7          1.30     0.84     0.46  2.00e-02  5.30e+02  23.0*sigma
   0  49    U  C4'
   0  49    U  C3'         1.52     1.18     0.35  1.50e-02  5.30e+02  23.0*sigma
   0  18    G  C2
   0  18    G  N3          1.32     1.78    -0.46  2.00e-02  5.30e+02  23.0*sigma
   0  30    G  C5
   0  30    G  C6          1.42     0.96     0.46  2.00e-02  5.29e+02  23.0*sigma
   0  41    G  C5
   0  41    G  C6          1.42     0.96     0.46  2.00e-02  5.26e+02  22.9*sigma
   0  30    G  C2'
   0  30    G  C1'         1.53     1.19     0.34  1.50e-02  5.24e+02  22.9*sigma
   0  29    U  C3'
   0  29    U  O3'         1.42     1.76    -0.34  1.50e-02  5.24e+02  22.9*sigma
   0  22    C  C2'
   0  22    C  O2'         1.41     1.76    -0.34  1.50e-02  5.23e+02  22.9*sigma
   0  42    U  C3'
   0  42    U  O3'         1.42     1.76    -0.34  1.50e-02  5.16e+02  22.7*sigma
   0   6    A  O4'
   0   6    A  C1'         1.41     1.07     0.34  1.50e-02  5.14e+02  22.7*sigma
   0  39    C  C4'
   0  39    C  C3'         1.52     1.86    -0.34  1.50e-02  5.14e+02  22.7*sigma
   0  28    C  O4'
   0  28    C  C1'         1.41     1.75    -0.34  1.50e-02  5.13e+02  22.7*sigma
   0  54    C  O4'
   0  54    C  C1'         1.41     1.75    -0.34  1.50e-02  5.12e+02  22.6*sigma
   0  17    C  N1
   0  17    C  C6          1.37     0.92     0.45  2.00e-02  5.10e+02  22.6*sigma
   0   2    G  C5'
   0   2    G  C4'         1.51     1.17     0.34  1.50e-02  5.09e+02  22.6*sigma
   0  35    C  N1
   0  35    C  C6          1.37     0.92     0.45  2.00e-02  5.06e+02  22.5*sigma
   0   3    C  N1
   0   3    C  C6          1.37     0.92     0.45  2.00e-02  5.03e+02  22.4*sigma
   0  11    G  C8
   0  11    G  N7          1.30     0.86     0.45  2.00e-02  5.01e+02  22.4*sigma
   0  55    G  C8
   0  55    G  N7          1.30     0.86     0.45  2.00e-02  4.97e+02  22.3*sigma
   0  23    G  C8
   0  23    G  N7          1.30     0.86     0.45  2.00e-02  4.97e+02  22.3*sigma
   0  41    G  P
   0  41    G  O5'         1.59     1.26     0.33  1.50e-02  4.97e+02  22.3*sigma
   0  52    A  C8
   0  52    A  N7          1.31     0.87     0.45  2.00e-02  4.95e+02  22.3*sigma
   0  10    G  C2'
   0  10    G  O2'         1.42     1.75    -0.33  1.50e-02  4.93e+02  22.2*sigma
   0  45    A  C8
   0  45    A  N7          1.31     0.87     0.44  2.00e-02  4.89e+02  22.1*sigma
   0  24    G  C8
   0  24    G  N7          1.30     0.86     0.44  2.00e-02  4.87e+02  22.1*sigma
   0  50    U  N1
   0  50    U  C6          1.38     0.94     0.44  2.00e-02  4.78e+02  21.9*sigma
   0  45    A  C4'
   0  45    A  O4'         1.45     1.78    -0.33  1.50e-02  4.78e+02  21.9*sigma
   0  55    G  C2
   0  55    G  N3          1.32     1.76    -0.43  2.00e-02  4.73e+02  21.7*sigma
   0  11    G  N9
   0  11    G  C8          1.37     1.81    -0.43  2.00e-02  4.69e+02  21.7*sigma
   0   6    A  C5'
   0   6    A  C4'         1.51     1.18     0.32  1.50e-02  4.65e+02  21.6*sigma
   0  16    A  C4'
   0  16    A  O4'         1.45     1.77    -0.32  1.50e-02  4.64e+02  21.5*sigma
   0   7    C  C3'
   0   7    C  C2'         1.52     1.85    -0.32  1.50e-02  4.64e+02  21.5*sigma
   0  15    G  C2'
   0  15    G  C1'         1.53     1.21     0.32  1.50e-02  4.63e+02  21.5*sigma
   0  49    U  C5'
   0  49    U  C4'         1.51     1.19     0.32  1.50e-02  4.63e+02  21.5*sigma
   0  44    G  C2'
   0  44    G  C1'         1.53     1.21     0.32  1.50e-02  4.61e+02  21.5*sigma
   0  34    G  C8
   0  34    G  N7          1.30     0.88     0.43  2.00e-02  4.58e+02  21.4*sigma
   0  18    G  C8
   0  18    G  N7          1.30     0.88     0.43  2.00e-02  4.56e+02  21.3*sigma
   0  57    C  C3'
   0  57    C  O3'         1.42     1.10     0.32  1.50e-02  4.54e+02  21.3*sigma
   0   8    U  N1
   0   8    U  C6          1.38     0.95     0.43  2.00e-02  4.53e+02  21.3*sigma
   0  48    G  C8
   0  48    G  N7          1.30     0.88     0.43  2.00e-02  4.53e+02  21.3*sigma
   0  29    U  N1
   0  29    U  C6          1.38     0.95     0.42  2.00e-02  4.51e+02  21.2*sigma
   0  36    U  N1
   0  36    U  C6          1.38     0.95     0.42  2.00e-02  4.49e+02  21.2*sigma
   0  48    G  N9
   0  48    G  C8          1.37     1.80    -0.42  2.00e-02  4.49e+02  21.2*sigma
   0   1    C  C2
   0   1    C  O2          1.24     1.66    -0.42  2.00e-02  4.48e+02  21.2*sigma
   0  49    U  O5'
   0  49    U  C5'         1.42     1.10     0.32  1.50e-02  4.45e+02  21.1*sigma
   0  55    G  C5
   0  55    G  C6          1.42     1.00     0.42  2.00e-02  4.45e+02  21.1*sigma
   0  35    C  C2'
   0  35    C  C1'         1.53     1.21     0.32  1.50e-02  4.45e+02  21.1*sigma
   0  32    A  C8
   0  32    A  N7          1.31     0.89     0.42  2.00e-02  4.41e+02  21.0*sigma
   0   8    U  P
   0   8    U  OP1         1.49     1.07     0.42  2.00e-02  4.39e+02  20.9*sigma
   0  32    A  O4'
   0  32    A  C1'         1.41     1.10     0.31  1.50e-02  4.38e+02  20.9*sigma
   0  44    G  C2'
   0  44    G  O2'         1.42     1.73    -0.31  1.50e-02  4.36e+02  20.9*sigma
   0  39    C  P
   0  39    C  O5'         1.59     1.28     0.31  1.50e-02  4.35e+02  20.9*sigma
   0   2    G  C2
   0   2    G  N3          1.32     1.74    -0.42  2.00e-02  4.35e+02  20.8*sigma
   0   8    U  C5'
   0   8    U  C4'         1.51     1.20     0.31  1.50e-02  4.32e+02  20.8*sigma
   0  32    A  C4'
   0  32    A  O4'         1.45     1.76    -0.31  1.50e-02  4.31e+02  20.8*sigma
   0  51    U  C2'
   0  51    U  C1'         1.53     1.22     0.31  1.50e-02  4.30e+02  20.7*sigma
   0  51    U  N1
   0  51    U  C6          1.38     0.96     0.41  2.00e-02  4.30e+02  20.7*sigma
   0  31    A  C8
   0  31    A  N7          1.31     0.90     0.41  2.00e-02  4.30e+02  20.7*sigma
   0  49    U  C4'
   0  49    U  O4'         1.45     1.76    -0.31  1.50e-02  4.29e+02  20.7*sigma
   0  40    G  C3'
   0  40    G  C2'         1.52     1.83    -0.31  1.50e-02  4.24e+02  20.6*sigma
   0  35    C  C4'
   0  35    C  C3'         1.52     1.21     0.31  1.50e-02  4.19e+02  20.5*sigma
   0  20    C  C2'
   0  20    C  C1'         1.53     1.22     0.31  1.50e-02  4.18e+02  20.5*sigma
   0  35    C  O4'
   0  35    C  C1'         1.41     1.72    -0.31  1.50e-02  4.18e+02  20.4*sigma
   0  17    C  C3'
   0  17    C  C2'         1.52     1.83    -0.31  1.50e-02  4.18e+02  20.4*sigma
   0   2    G  C5
   0   2    G  C6          1.42     1.01     0.41  2.00e-02  4.17e+02  20.4*sigma
   0   2    G  C6
   0   2    G  O6          1.24     1.64    -0.41  2.00e-02  4.13e+02  20.3*sigma
   0  36    U  C3'
   0  36    U  O3'         1.42     1.11     0.30  1.50e-02  4.13e+02  20.3*sigma
   0  17    C  C5'
   0  17    C  C4'         1.51     1.20     0.30  1.50e-02  4.11e+02  20.3*sigma
   0  10    G  C2'
   0  10    G  C1'         1.53     1.23     0.30  1.50e-02  4.08e+02  20.2*sigma
   0  41    G  O5'
   0  41    G  C5'         1.42     1.72    -0.30  1.50e-02  4.05e+02  20.1*sigma
   0  16    A  C8
   0  16    A  N7          1.31     0.91     0.40  2.00e-02  4.04e+02  20.1*sigma
   0   3    C  O4'
   0   3    C  C1'         1.41     1.71    -0.30  1.50e-02  4.03e+02  20.1*sigma
   0  10    G  N9
   0  10    G  C8          1.37     1.78    -0.40  2.00e-02  4.03e+02  20.1*sigma
   0   8    U  P
   0   8    U  O5'         1.59     1.29     0.30  1.50e-02  4.01e+02  20.0*sigma
   0  44    G  C3'
   0  44    G  C2'         1.52     1.82    -0.30  1.50e-02  4.00e+02  20.0*sigma
   0   5    C  C4'
   0   5    C  O4'         1.45     1.75    -0.30  1.50e-02  3.99e+02  20.0*sigma
   0  49    U  P
   0  49    U  OP1         1.49     1.09     0.40  2.00e-02  3.98e+02  19.9*sigma
   0  34    G  C5
   0  34    G  C6          1.42     1.02     0.40  2.00e-02  3.96e+02  19.9*sigma
   0  52    A  C3'
   0  52    A  C2'         1.52     1.23     0.30  1.50e-02  3.95e+02  19.9*sigma
   0  48    G  C2
   0  48    G  N3          1.32     1.72    -0.40  2.00e-02  3.94e+02  19.8*sigma
   0  14    U  O3'
   0  15    G  P           1.61     1.31     0.30  1.50e-02  3.93e+02  19.8*sigma
   0  21    U  C3'
   0  21    U  O3'         1.42     1.71    -0.30  1.50e-02  3.92e+02  19.8*sigma
   0   1    C  C5'
   0   1    C  C4'         1.51     1.21     0.30  1.50e-02  3.92e+02  19.8*sigma
   0  23    G  N9
   0  23    G  C4          1.38     0.98     0.40  2.00e-02  3.91e+02  19.8*sigma
   0  37    C  N1
   0  37    C  C6          1.37     0.97     0.39  2.00e-02  3.90e+02  19.7*sigma
   0  34    G  N9
   0  34    G  C8          1.37     1.77    -0.39  2.00e-02  3.88e+02  19.7*sigma
   0   5    C  N1
   0   5    C  C6          1.37     0.97     0.39  2.00e-02  3.88e+02  19.7*sigma
   0  55    G  N9
   0  55    G  C8          1.37     1.77    -0.39  2.00e-02  3.88e+02  19.7*sigma
   0  34    G  C2'
   0  34    G  C1'         1.53     1.23     0.29  1.50e-02  3.87e+02  19.7*sigma
   0  40    G  P
   0  40    G  O5'         1.59     1.30     0.29  1.50e-02  3.86e+02  19.6*sigma
   0  38    C  C4
   0  38    C  N4          1.33     1.73    -0.39  2.00e-02  3.82e+02  19.5*sigma
   0  44    G  C5
   0  44    G  C6          1.42     1.03     0.39  2.00e-02  3.79e+02  19.5*sigma
   0  18    G  C5
   0  18    G  C6          1.42     1.03     0.39  2.00e-02  3.77e+02  19.4*sigma
   0  57    C  N1
   0  57    C  C6          1.37     0.98     0.39  2.00e-02  3.76e+02  19.4*sigma
   0  24    G  N9
   0  24    G  C4          1.38     0.99     0.39  2.00e-02  3.76e+02  19.4*sigma
   0  18    G  N9
   0  18    G  C8          1.37     1.76    -0.39  2.00e-02  3.75e+02  19.4*sigma
   0  53    C  N1
   0  53    C  C6          1.37     0.98     0.39  2.00e-02  3.73e+02  19.3*sigma
   0  25    C  N1
   0  25    C  C6          1.37     0.98     0.39  2.00e-02  3.73e+02  19.3*sigma
   0  52    A  C5'
   0  52    A  C4'         1.51     1.22     0.29  1.50e-02  3.73e+02  19.3*sigma
   0  23    G  C5
   0  23    G  C6          1.42     1.03     0.39  2.00e-02  3.73e+02  19.3*sigma
   0  56    U  C5'
   0  56    U  C4'         1.51     1.22     0.29  1.50e-02  3.70e+02  19.2*sigma
   0  10    G  C2
   0  10    G  N3          1.32     1.71    -0.38  2.00e-02  3.69e+02  19.2*sigma
   0  24    G  N9
   0  24    G  C8          1.37     1.76    -0.38  2.00e-02  3.68e+02  19.2*sigma
   0  24    G  C2
   0  24    G  N3          1.32     1.71    -0.38  2.00e-02  3.67e+02  19.2*sigma
   0  43    G  C5
   0  43    G  C6          1.42     1.04     0.38  2.00e-02  3.67e+02  19.1*sigma
   0  23    G  C2
   0  23    G  N3          1.32     1.71    -0.38  2.00e-02  3.65e+02  19.1*sigma
   0  17    C  C2'
   0  17    C  C1'         1.53     1.24     0.29  1.50e-02  3.64e+02  19.1*sigma
   0  37    C  C2'
   0  37    C  C1'         1.53     1.24     0.29  1.50e-02  3.64e+02  19.1*sigma
   0  30    G  N9
   0  30    G  C8          1.37     1.76    -0.38  2.00e-02  3.64e+02  19.1*sigma
   0  31    A  P
   0  31    A  OP1         1.49     1.10     0.38  2.00e-02  3.63e+02  19.1*sigma
   0  12    A  C4'
   0  12    A  O4'         1.45     1.74    -0.28  1.50e-02  3.59e+02  19.0*sigma
   0  35    C  O3'
   0  36    U  P           1.61     1.32     0.28  1.50e-02  3.58e+02  18.9*sigma
   0  27    C  O3'
   0  28    C  P           1.61     1.32     0.28  1.50e-02  3.58e+02  18.9*sigma
   0  50    U  C4'
   0  50    U  C3'         1.52     1.24     0.28  1.50e-02  3.56e+02  18.9*sigma
   0  44    G  O5'
   0  44    G  C5'         1.42     1.70    -0.28  1.50e-02  3.53e+02  18.8*sigma
   0  33    C  C3'
   0  33    C  O3'         1.42     1.14     0.28  1.50e-02  3.53e+02  18.8*sigma
   0  11    G  C2'
   0  11    G  C1'         1.53     1.25     0.28  1.50e-02  3.53e+02  18.8*sigma
   0   2    G  N9
   0   2    G  C8          1.37     1.75    -0.38  2.00e-02  3.52e+02  18.8*sigma
   0  22    C  C4'
   0  22    C  C3'         1.53     1.25     0.28  1.50e-02  3.50e+02  18.7*sigma
   0  14    U  N1
   0  14    U  C6          1.38     1.00     0.37  2.00e-02  3.49e+02  18.7*sigma
   0  33    C  C5'
   0  33    C  C4'         1.51     1.23     0.28  1.50e-02  3.47e+02  18.6*sigma
   0  17    C  C4'
   0  17    C  O4'         1.45     1.73    -0.28  1.50e-02  3.45e+02  18.6*sigma
   0  20    C  N1
   0  20    C  C6          1.37     1.00     0.37  2.00e-02  3.45e+02  18.6*sigma
   0  24    G  C5
   0  24    G  C6          1.42     1.05     0.37  2.00e-02  3.43e+02  18.5*sigma
   0  31    A  N1
   0  31    A  C2          1.34     0.97     0.37  2.00e-02  3.36e+02  18.3*sigma
   0   4    A  N9
   0   4    A  C8          1.37     1.74    -0.37  2.00e-02  3.36e+02  18.3*sigma
   0   4    A  P
   0   4    A  OP1         1.49     1.12     0.37  2.00e-02  3.35e+02  18.3*sigma
   0  52    A  P
   0  52    A  O5'         1.59     1.32     0.27  1.50e-02  3.34e+02  18.3*sigma
   0  26    A  C8
   0  26    A  N7          1.31     0.95     0.37  2.00e-02  3.34e+02  18.3*sigma
   0   7    C  O4'
   0   7    C  C1'         1.41     1.69    -0.27  1.50e-02  3.34e+02  18.3*sigma
   0  17    C  C3'
   0  17    C  O3'         1.42     1.14     0.27  1.50e-02  3.33e+02  18.2*sigma
   0  40    G  O5'
   0  40    G  C5'         1.42     1.69    -0.27  1.50e-02  3.32e+02  18.2*sigma
   0  48    G  N9
   0  48    G  C4          1.38     1.01     0.36  2.00e-02  3.30e+02  18.2*sigma
   0  25    C  N3
   0  25    C  C4          1.33     1.70    -0.36  2.00e-02  3.29e+02  18.1*sigma
   0  11    G  C6
   0  11    G  O6          1.24     1.60    -0.36  2.00e-02  3.28e+02  18.1*sigma
   0  11    G  C5
   0  11    G  C6          1.42     1.06     0.36  2.00e-02  3.28e+02  18.1*sigma
   0  42    U  C2'
   0  42    U  C1'         1.53     1.26     0.27  1.50e-02  3.28e+02  18.1*sigma
   0  52    A  O4'
   0  52    A  C1'         1.41     1.14     0.27  1.50e-02  3.28e+02  18.1*sigma
   0  26    A  P
   0  26    A  OP1         1.49     1.12     0.36  2.00e-02  3.27e+02  18.1*sigma
   0  55    G  O5'
   0  55    G  C5'         1.42     1.69    -0.27  1.50e-02  3.27e+02  18.1*sigma
   0  15    G  C5
   0  15    G  C6          1.42     1.06     0.36  2.00e-02  3.26e+02  18.1*sigma
   0   3    C  C2
   0   3    C  O2          1.24     1.60    -0.36  2.00e-02  3.22e+02  17.9*sigma
   0  37    C  C4'
   0  37    C  O4'         1.45     1.72    -0.27  1.50e-02  3.21e+02  17.9*sigma
   0  48    G  P
   0  48    G  OP1         1.49     1.84    -0.36  2.00e-02  3.20e+02  17.9*sigma
   0  52    A  C6
   0  52    A  N6          1.33     1.69    -0.36  2.00e-02  3.19e+02  17.8*sigma
   0  25    C  C4'
   0  25    C  O4'         1.45     1.72    -0.27  1.50e-02  3.16e+02  17.8*sigma
   0   8    U  C3'
   0   8    U  O3'         1.42     1.15     0.27  1.50e-02  3.16e+02  17.8*sigma
   0  10    G  C5
   0  10    G  C6          1.42     1.06     0.36  2.00e-02  3.15e+02  17.8*sigma
   0  32    A  N7
   0  32    A  C5          1.39     1.74    -0.36  2.00e-02  3.15e+02  17.8*sigma
   0  13    C  C5'
   0  13    C  C4'         1.51     1.24     0.27  1.50e-02  3.15e+02  17.8*sigma
   0  21    U  C4'
   0  21    U  C3'         1.52     1.79    -0.27  1.50e-02  3.15e+02  17.7*sigma
   0  55    G  C6
   0  55    G  O6          1.24     1.59    -0.35  2.00e-02  3.14e+02  17.7*sigma
   0   4    A  C4'
   0   4    A  O4'         1.45     1.72    -0.27  1.50e-02  3.12e+02  17.7*sigma
   0   8    U  C4'
   0   8    U  C3'         1.52     1.26     0.26  1.50e-02  3.12e+02  17.7*sigma
   0  19    C  C4'
   0  19    C  O4'         1.45     1.72    -0.26  1.50e-02  3.10e+02  17.6*sigma
   0  13    C  C4'
   0  13    C  O4'         1.45     1.71    -0.26  1.50e-02  3.09e+02  17.6*sigma
   0  15    G  N9
   0  15    G  C4          1.38     1.03     0.35  2.00e-02  3.06e+02  17.5*sigma
   0   1    C  P
   0   1    C  OP1         1.49     1.14     0.35  2.00e-02  3.06e+02  17.5*sigma
   0   2    G  N9
   0   2    G  C4          1.38     1.03     0.35  2.00e-02  3.05e+02  17.5*sigma
   0  44    G  P
   0  44    G  O5'         1.59     1.33     0.26  1.50e-02  3.04e+02  17.4*sigma
   0  35    C  C3'
   0  35    C  C2'         1.52     1.78    -0.26  1.50e-02  3.02e+02  17.4*sigma
   0  30    G  C5
   0  30    G  C4          1.38     1.73    -0.35  2.00e-02  3.01e+02  17.4*sigma
   0   1    C  O5'
   0   1    C  C5'         1.42     1.16     0.26  1.50e-02  3.00e+02  17.3*sigma
   0  38    C  C2'
   0  38    C  C1'         1.53     1.18     0.35  2.00e-02  3.00e+02  17.3*sigma
   0  29    U  C2
   0  29    U  O2          1.22     0.87     0.35  2.00e-02  2.99e+02  17.3*sigma
   0   6    A  C4'
   0   6    A  O4'         1.45     1.71    -0.26  1.50e-02  2.99e+02  17.3*sigma
   0  13    C  C2'
   0  13    C  C1'         1.53     1.27     0.26  1.50e-02  2.98e+02  17.3*sigma
   0  54    C  N1
   0  54    C  C6          1.37     1.02     0.35  2.00e-02  2.98e+02  17.3*sigma
   0   7    C  P
   0   7    C  OP1         1.49     1.14     0.34  2.00e-02  2.97e+02  17.2*sigma
   0   8    U  C4
   0   8    U  C5          1.43     1.78    -0.34  2.00e-02  2.97e+02  17.2*sigma
   0  13    C  C3'
   0  13    C  C2'         1.52     1.78    -0.26  1.50e-02  2.95e+02  17.2*sigma
   0  43    G  N9
   0  43    G  C8          1.37     1.72    -0.34  2.00e-02  2.95e+02  17.2*sigma
   0  45    A  P
   0  45    A  OP1         1.49     1.14     0.34  2.00e-02  2.94e+02  17.1*sigma
   0  18    G  N9
   0  18    G  C4          1.38     1.03     0.34  2.00e-02  2.94e+02  17.1*sigma
   0   4    A  O4'
   0   4    A  C1'         1.41     1.15     0.26  1.50e-02  2.94e+02  17.1*sigma
   0  56    U  C3'
   0  56    U  C2'         1.52     1.78    -0.26  1.50e-02  2.93e+02  17.1*sigma
   0  16    A  N7
   0  16    A  C5          1.39     1.73    -0.34  2.00e-02  2.91e+02  17.1*sigma
   0  52    A  N9
   0  52    A  C8          1.37     1.71    -0.34  2.00e-02  2.91e+02  17.0*sigma
   0   4    A  C8
   0   4    A  N7          1.31     0.97     0.34  2.00e-02  2.90e+02  17.0*sigma
   0  37    C  P
   0  37    C  O5'         1.59     1.34     0.26  1.50e-02  2.89e+02  17.0*sigma
   0  41    G  C8
   0  41    G  N7          1.30     0.97     0.34  2.00e-02  2.88e+02  17.0*sigma
   0  34    G  N1
   0  34    G  C2          1.37     1.03     0.34  2.00e-02  2.88e+02  17.0*sigma
   0  31    A  N9
   0  31    A  C8          1.37     1.71    -0.34  2.00e-02  2.86e+02  16.9*sigma
   0  30    G  P
   0  30    G  OP1         1.49     1.82    -0.34  2.00e-02  2.85e+02  16.9*sigma
   0  25    C  C3'
   0  25    C  O3'         1.42     1.16     0.25  1.50e-02  2.85e+02  16.9*sigma
   0  28    C  C2'
   0  28    C  C1'         1.53     1.28     0.25  1.50e-02  2.85e+02  16.9*sigma
   0  11    G  C4'
   0  11    G  C3'         1.52     1.27     0.25  1.50e-02  2.84e+02  16.9*sigma
   0  13    C  N1
   0  13    C  C6          1.37     1.03     0.34  2.00e-02  2.84e+02  16.9*sigma
   0  40    G  N7
   0  40    G  C5          1.39     1.72    -0.34  2.00e-02  2.84e+02  16.8*sigma
   0   6    A  C2'
   0   6    A  O2'         1.42     1.67    -0.25  1.50e-02  2.83e+02  16.8*sigma
   0  42    U  C4'
   0  42    U  O4'         1.45     1.70    -0.25  1.50e-02  2.81e+02  16.8*sigma
   0  18    G  P
   0  18    G  OP1         1.49     1.82    -0.34  2.00e-02  2.81e+02  16.8*sigma
   0   1    C  C2'
   0   1    C  C1'         1.53     1.28     0.25  1.50e-02  2.80e+02  16.7*sigma
   0  22    C  N1
   0  22    C  C6          1.37     1.03     0.33  2.00e-02  2.79e+02  16.7*sigma
   0  13    C  C4'
   0  13    C  C3'         1.52     1.27     0.25  1.50e-02  2.78e+02  16.7*sigma
   0  25    C  C2
   0  25    C  O2          1.24     1.57    -0.33  2.00e-02  2.77e+02  16.6*sigma
   0  47    U  C2'
   0  47    U  C1'         1.53     1.28     0.25  1.50e-02  2.77e+02  16.6*sigma
   0  34    G  P
   0  34    G  OP1         1.49     1.82    -0.33  2.00e-02  2.76e+02  16.6*sigma
   0  10    G  O5'
   0  10    G  C5'         1.42     1.67    -0.25  1.50e-02  2.76e+02  16.6*sigma
   0  33    C  O3'
   0  34    G  P           1.61     1.36     0.25  1.50e-02  2.74e+02  16.6*sigma
   0  46    A  C4'
   0  46    A  O4'         1.45     1.70    -0.25  1.50e-02  2.74e+02  16.6*sigma
   0  44    G  N9
   0  44    G  C8          1.37     1.71    -0.33  2.00e-02  2.74e+02  16.6*sigma
   0  34    G  N9
   0  34    G  C4          1.38     1.04     0.33  2.00e-02  2.73e+02  16.5*sigma
   0  40    G  C8
   0  40    G  N7          1.30     0.97     0.33  2.00e-02  2.73e+02  16.5*sigma
   0  24    G  P
   0  24    G  OP1         1.49     1.82    -0.33  2.00e-02  2.73e+02  16.5*sigma
   0   7    C  N3
   0   7    C  C4          1.33     1.66    -0.33  2.00e-02  2.72e+02  16.5*sigma
   0   4    A  C2'
   0   4    A  O2'         1.42     1.17     0.25  1.50e-02  2.72e+02  16.5*sigma
   0   1    C  N1
   0   1    C  C6          1.37     1.04     0.33  2.00e-02  2.71e+02  16.5*sigma
   0  40    G  C4'
   0  40    G  C3'         1.52     1.27     0.25  1.50e-02  2.70e+02  16.4*sigma
   0  54    C  C3'
   0  54    C  C2'         1.52     1.77    -0.25  1.50e-02  2.69e+02  16.4*sigma
   0  56    U  C2
   0  56    U  O2          1.22     0.89     0.33  2.00e-02  2.67e+02  16.3*sigma
   0  21    U  O5'
   0  21    U  C5'         1.42     1.66    -0.24  1.50e-02  2.65e+02  16.3*sigma
   0  49    U  C3'
   0  49    U  C2'         1.52     1.77    -0.24  1.50e-02  2.64e+02  16.3*sigma
   0   7    C  C4'
   0   7    C  C3'         1.52     1.28     0.24  1.50e-02  2.64e+02  16.2*sigma
   0  10    G  C6
   0  10    G  O6          1.24     1.56    -0.32  2.00e-02  2.62e+02  16.2*sigma
   0  12    A  P
   0  12    A  OP1         1.49     1.16     0.32  2.00e-02  2.62e+02  16.2*sigma
   0  37    C  C2'
   0  37    C  O2'         1.42     1.66    -0.24  1.50e-02  2.60e+02  16.1*sigma
   0  43    G  P
   0  43    G  OP2         1.49     1.81    -0.32  2.00e-02  2.60e+02  16.1*sigma
   0  52    A  C3'
   0  52    A  O3'         1.42     1.18     0.24  1.50e-02  2.58e+02  16.1*sigma
   0  12    A  C8
   0  12    A  N7          1.31     0.99     0.32  2.00e-02  2.58e+02  16.1*sigma
   0  53    C  P
   0  53    C  O5'         1.59     1.35     0.24  1.50e-02  2.55e+02  16.0*sigma
   0  20    C  C4'
   0  20    C  O4'         1.45     1.69    -0.24  1.50e-02  2.55e+02  16.0*sigma
   0  28    C  P
   0  28    C  O5'         1.59     1.35     0.24  1.50e-02  2.55e+02  16.0*sigma
   0  40    G  N9
   0  40    G  C8          1.37     1.69    -0.32  2.00e-02  2.54e+02  15.9*sigma
   0  19    C  O4'
   0  19    C  C1'         1.41     1.65    -0.24  1.50e-02  2.54e+02  15.9*sigma
   0   1    C  C2'
   0   1    C  O2'         1.42     1.66    -0.24  1.50e-02  2.54e+02  15.9*sigma
   0   5    C  N3
   0   5    C  C4          1.33     1.65    -0.32  2.00e-02  2.52e+02  15.9*sigma
   0  49    U  C3'
   0  49    U  O3'         1.42     1.66    -0.24  1.50e-02  2.52e+02  15.9*sigma
   0  15    G  C2'
   0  15    G  O2'         1.42     1.66    -0.24  1.50e-02  2.52e+02  15.9*sigma
   0   3    C  C4'
   0   3    C  O4'         1.45     1.69    -0.24  1.50e-02  2.51e+02  15.8*sigma
   0  27    C  N1
   0  27    C  C6          1.37     1.05     0.32  2.00e-02  2.50e+02  15.8*sigma
   0  40    G  C6
   0  40    G  N1          1.39     1.71    -0.32  2.00e-02  2.50e+02  15.8*sigma
   0  26    A  C4'
   0  26    A  O4'         1.45     1.69    -0.24  1.50e-02  2.49e+02  15.8*sigma
   0   1    C  C4'
   0   1    C  C3'         1.52     1.76    -0.24  1.50e-02  2.49e+02  15.8*sigma
   0  41    G  N9
   0  41    G  C8          1.37     1.69    -0.32  2.00e-02  2.49e+02  15.8*sigma
   0   3    C  C4'
   0   3    C  C3'         1.52     1.28     0.24  1.50e-02  2.48e+02  15.8*sigma
   0  35    C  C5'
   0  35    C  C4'         1.51     1.27     0.24  1.50e-02  2.48e+02  15.8*sigma
   0  11    G  O3'
   0  12    A  P           1.61     1.84    -0.24  1.50e-02  2.48e+02  15.8*sigma
   0   1    C  N1
   0   1    C  C2          1.40     1.71    -0.31  2.00e-02  2.48e+02  15.7*sigma
   0   7    C  P
   0   7    C  O5'         1.59     1.36     0.24  1.50e-02  2.48e+02  15.7*sigma
   0  11    G  N9
   0  11    G  C4          1.38     1.06     0.31  2.00e-02  2.47e+02  15.7*sigma
   0  45    A  N9
   0  45    A  C8          1.37     1.69    -0.31  2.00e-02  2.46e+02  15.7*sigma
   0  11    G  P
   0  11    G  OP1         1.49     1.80    -0.31  2.00e-02  2.46e+02  15.7*sigma
   0  33    C  C4'
   0  33    C  O4'         1.45     1.69    -0.24  1.50e-02  2.46e+02  15.7*sigma
   0  33    C  C2'
   0  33    C  C1'         1.53     1.29     0.24  1.50e-02  2.46e+02  15.7*sigma
   0  42    U  C4
   0  42    U  C5          1.43     1.74    -0.31  2.00e-02  2.45e+02  15.7*sigma
   0  38    C  C4'
   0  38    C  O4'         1.45     1.76    -0.31  2.00e-02  2.45e+02  15.7*sigma
   0  15    G  C6
   0  15    G  O6          1.24     1.55    -0.31  2.00e-02  2.45e+02  15.7*sigma
   0  19    C  C2'
   0  19    C  C1'         1.53     1.29     0.23  1.50e-02  2.44e+02  15.6*sigma
   0  25    C  O4'
   0  25    C  C1'         1.41     1.65    -0.23  1.50e-02  2.43e+02  15.6*sigma
   0  57    C  C4'
   0  57    C  O4'         1.45     1.68    -0.23  1.50e-02  2.43e+02  15.6*sigma
   0   6    A  C2'
   0   6    A  C1'         1.53     1.30     0.23  1.50e-02  2.42e+02  15.6*sigma
   0  10    G  C6
   0  10    G  N1          1.39     1.70    -0.31  2.00e-02  2.42e+02  15.6*sigma
   0  39    C  C2'
   0  39    C  O2'         1.42     1.65    -0.23  1.50e-02  2.42e+02  15.6*sigma
   0  22    C  O4'
   0  22    C  C1'         1.42     1.65    -0.23  1.50e-02  2.42e+02  15.6*sigma
   0  56    U  N1
   0  56    U  C6          1.38     1.06     0.31  2.00e-02  2.42e+02  15.5*sigma
   0  51    U  C4'
   0  51    U  O4'         1.45     1.68    -0.23  1.50e-02  2.41e+02  15.5*sigma
   0  28    C  O5'
   0  28    C  C5'         1.42     1.19     0.23  1.50e-02  2.41e+02  15.5*sigma
   0  52    A  O5'
   0  52    A  C5'         1.42     1.65    -0.23  1.50e-02  2.40e+02  15.5*sigma
   0   9    C  C4'
   0   9    C  O4'         1.45     1.68    -0.23  1.50e-02  2.38e+02  15.4*sigma
   0  32    A  N9
   0  32    A  C8          1.37     1.68    -0.31  2.00e-02  2.38e+02  15.4*sigma
   0  26    A  C4'
   0  26    A  C3'         1.52     1.75    -0.23  1.50e-02  2.37e+02  15.4*sigma
   0  55    G  P
   0  55    G  OP2         1.49     1.79    -0.31  2.00e-02  2.37e+02  15.4*sigma
   0  28    C  O3'
   0  29    U  P           1.61     1.84    -0.23  1.50e-02  2.37e+02  15.4*sigma
   0   4    A  N7
   0   4    A  C5          1.39     1.70    -0.31  2.00e-02  2.36e+02  15.4*sigma
   0   6    A  N1
   0   6    A  C2          1.34     1.03     0.31  2.00e-02  2.35e+02  15.3*sigma
   0  12    A  N9
   0  12    A  C8          1.37     1.68    -0.31  2.00e-02  2.33e+02  15.3*sigma
   0  48    G  C6
   0  48    G  O6          1.24     1.54    -0.30  2.00e-02  2.32e+02  15.2*sigma
   0  31    A  N7
   0  31    A  C5          1.39     1.69    -0.30  2.00e-02  2.32e+02  15.2*sigma
   0  30    G  N9
   0  30    G  C4          1.38     1.07     0.30  2.00e-02  2.31e+02  15.2*sigma
   0  10    G  N9
   0  10    G  C4          1.38     1.07     0.30  2.00e-02  2.31e+02  15.2*sigma
   0  51    U  P
   0  51    U  O5'         1.59     1.37     0.23  1.50e-02  2.30e+02  15.2*sigma
   0  37    C  C4
   0  37    C  C5          1.43     1.73    -0.30  2.00e-02  2.30e+02  15.2*sigma
   0  35    C  C4'
   0  35    C  O4'         1.45     1.68    -0.23  1.50e-02  2.29e+02  15.1*sigma
   0  47    U  N1
   0  47    U  C6          1.38     1.07     0.30  2.00e-02  2.29e+02  15.1*sigma
   0  13    C  O4'
   0  13    C  C1'         1.41     1.64    -0.23  1.50e-02  2.28e+02  15.1*sigma
   0  34    G  C6
   0  34    G  O6          1.24     1.54    -0.30  2.00e-02  2.28e+02  15.1*sigma
   0  58    C  N1
   0  58    C  C6          1.37     1.07     0.30  2.00e-02  2.28e+02  15.1*sigma
   0  28    C  N1
   0  28    C  C6          1.37     1.07     0.30  2.00e-02  2.26e+02  15.0*sigma
   0  10    G  N1
   0  10    G  C2          1.37     1.07     0.30  2.00e-02  2.26e+02  15.0*sigma
   0  48    G  C5
   0  48    G  C6          1.42     1.12     0.30  2.00e-02  2.25e+02  15.0*sigma
   0  16    A  O5'
   0  16    A  C5'         1.42     1.64    -0.22  1.50e-02  2.25e+02  15.0*sigma
   0  49    U  N1
   0  49    U  C6          1.38     1.08     0.30  2.00e-02  2.24e+02  15.0*sigma
   0  40    G  C6
   0  40    G  O6          1.24     1.54    -0.30  2.00e-02  2.24e+02  15.0*sigma
   0  49    U  P
   0  49    U  O5'         1.59     1.37     0.22  1.50e-02  2.23e+02  14.9*sigma
   0  21    U  C3'
   0  21    U  C2'         1.52     1.75    -0.22  1.50e-02  2.23e+02  14.9*sigma
   0  23    G  N7
   0  23    G  C5          1.39     1.69    -0.30  2.00e-02  2.21e+02  14.9*sigma
   0  23    G  C5
   0  23    G  C4          1.38     1.68    -0.30  2.00e-02  2.21e+02  14.9*sigma
   0  46    A  P
   0  46    A  OP1         1.49     1.19     0.30  2.00e-02  2.20e+02  14.8*sigma
   0  54    C  P
   0  54    C  O5'         1.59     1.37     0.22  1.50e-02  2.20e+02  14.8*sigma
   0  58    C  C2'
   0  58    C  C1'         1.53     1.31     0.22  1.50e-02  2.20e+02  14.8*sigma
   0  14    U  C2'
   0  14    U  C1'         1.53     1.31     0.22  1.50e-02  2.20e+02  14.8*sigma
   0  57    C  C4'
   0  57    C  C3'         1.52     1.30     0.22  1.50e-02  2.19e+02  14.8*sigma
   0  43    G  C6
   0  43    G  O6          1.24     1.53    -0.30  2.00e-02  2.18e+02  14.8*sigma
   0  53    C  C4'
   0  53    C  C3'         1.52     1.74    -0.22  1.50e-02  2.17e+02  14.7*sigma
   0  48    G  C2'
   0  48    G  C1'         1.53     1.31     0.22  1.50e-02  2.17e+02  14.7*sigma
   0  38    C  C2'
   0  38    C  O2'         1.42     1.72    -0.29  2.00e-02  2.17e+02  14.7*sigma
   0  55    G  N9
   0  55    G  C4          1.38     1.08     0.29  2.00e-02  2.17e+02  14.7*sigma
   0  44    G  P
   0  44    G  OP2         1.49     1.78    -0.29  2.00e-02  2.17e+02  14.7*sigma
   0  27    C  C4
   0  27    C  C5          1.43     1.72    -0.29  2.00e-02  2.16e+02  14.7*sigma
   0  13    C  N3
   0  13    C  C4          1.33     1.63    -0.29  2.00e-02  2.15e+02  14.7*sigma
   0  57    C  O4'
   0  57    C  C1'         1.41     1.63    -0.22  1.50e-02  2.14e+02  14.6*sigma
   0  24    G  P
   0  24    G  O5'         1.59     1.37     0.22  1.50e-02  2.14e+02  14.6*sigma
   0  36    U  C3'
   0  36    U  C2'         1.52     1.74    -0.22  1.50e-02  2.13e+02  14.6*sigma
   0  27    C  P
   0  27    C  OP1         1.49     1.19     0.29  2.00e-02  2.13e+02  14.6*sigma
   0  39    C  N3
   0  39    C  C4          1.33     1.63    -0.29  2.00e-02  2.13e+02  14.6*sigma
   0  18    G  C2'
   0  18    G  C1'         1.53     1.31     0.22  1.50e-02  2.13e+02  14.6*sigma
   0  18    G  N1
   0  18    G  C2          1.37     1.08     0.29  2.00e-02  2.13e+02  14.6*sigma
   0  15    G  N1
   0  15    G  C2          1.37     1.08     0.29  2.00e-02  2.12e+02  14.6*sigma
   0  47    U  C3'
   0  47    U  C2'         1.52     1.74    -0.22  1.50e-02  2.12e+02  14.5*sigma
   0  28    C  C4'
   0  28    C  O4'         1.45     1.67    -0.22  1.50e-02  2.11e+02  14.5*sigma
   0  55    G  N1
   0  55    G  C2          1.37     1.08     0.29  2.00e-02  2.11e+02  14.5*sigma
   0  24    G  C3'
   0  24    G  O3'         1.42     1.20     0.22  1.50e-02  2.10e+02  14.5*sigma
   0   6    A  C8
   0   6    A  N7          1.31     1.02     0.29  2.00e-02  2.10e+02  14.5*sigma
   0  16    A  C3'
   0  16    A  O3'         1.42     1.20     0.22  1.50e-02  2.09e+02  14.4*sigma
   0   2    G  N1
   0   2    G  C2          1.37     1.08     0.29  2.00e-02  2.08e+02  14.4*sigma
   0  23    G  O5'
   0  23    G  C5'         1.42     1.64    -0.22  1.50e-02  2.06e+02  14.4*sigma
   0  29    U  P
   0  29    U  OP1         1.49     1.20     0.29  2.00e-02  2.05e+02  14.3*sigma
   0  43    G  N9
   0  43    G  C4          1.38     1.09     0.29  2.00e-02  2.05e+02  14.3*sigma
   0  38    C  N1
   0  38    C  C6          1.37     1.08     0.28  2.00e-02  2.03e+02  14.2*sigma
   0  54    C  N3
   0  54    C  C4          1.33     1.62    -0.28  2.00e-02  2.03e+02  14.2*sigma
   0   5    C  P
   0   5    C  OP1         1.49     1.20     0.28  2.00e-02  2.02e+02  14.2*sigma
   0  49    U  P
   0  49    U  OP2         1.49     1.20     0.28  2.00e-02  2.02e+02  14.2*sigma
   0   6    A  N9
   0   6    A  C8          1.37     1.66    -0.28  2.00e-02  2.01e+02  14.2*sigma
   0  27    C  N1
   0  27    C  C2          1.40     1.68    -0.28  2.00e-02  2.01e+02  14.2*sigma
   0  50    U  C3'
   0  50    U  C2'         1.52     1.74    -0.21  1.50e-02  2.01e+02  14.2*sigma
   0  56    U  O3'
   0  57    C  P           1.61     1.39     0.21  1.50e-02  2.01e+02  14.2*sigma
   0  52    A  N7
   0  52    A  C5          1.39     1.67    -0.28  2.00e-02  2.00e+02  14.1*sigma
   0  43    G  C4'
   0  43    G  C3'         1.52     1.31     0.21  1.50e-02  1.99e+02  14.1*sigma
   0  23    G  O4'
   0  23    G  C1'         1.41     1.20     0.21  1.50e-02  1.98e+02  14.1*sigma
   0   5    C  O3'
   0   6    A  P           1.61     1.82    -0.21  1.50e-02  1.98e+02  14.1*sigma
   0   6    A  C5
   0   6    A  C6          1.41     1.13     0.28  2.00e-02  1.97e+02  14.0*sigma
   0  28    C  P
   0  28    C  OP1         1.49     1.20     0.28  2.00e-02  1.96e+02  14.0*sigma
   0  23    G  C6
   0  23    G  N1          1.39     1.67    -0.28  2.00e-02  1.96e+02  14.0*sigma
   0   7    C  N1
   0   7    C  C2          1.40     1.68    -0.28  2.00e-02  1.96e+02  14.0*sigma
   0  11    G  C2'
   0  11    G  O2'         1.42     1.63    -0.21  1.50e-02  1.95e+02  14.0*sigma
   0   7    C  O5'
   0   7    C  C5'         1.42     1.21     0.21  1.50e-02  1.95e+02  14.0*sigma
   0  23    G  C5'
   0  23    G  C4'         1.51     1.30     0.21  1.50e-02  1.93e+02  13.9*sigma
   0  50    U  C5'
   0  50    U  C4'         1.51     1.30     0.21  1.50e-02  1.92e+02  13.9*sigma
   0  31    A  N3
   0  31    A  C4          1.34     1.07     0.28  2.00e-02  1.92e+02  13.8*sigma
   0  19    C  C3'
   0  19    C  C2'         1.52     1.73    -0.21  1.50e-02  1.91e+02  13.8*sigma
   0   2    G  P
   0   2    G  OP1         1.49     1.76    -0.28  2.00e-02  1.89e+02  13.8*sigma
   0   7    C  N1
   0   7    C  C6          1.37     1.09     0.27  2.00e-02  1.89e+02  13.7*sigma
   0  52    A  N3
   0  52    A  C4          1.34     1.07     0.27  2.00e-02  1.88e+02  13.7*sigma
   0  31    A  C4'
   0  31    A  O4'         1.45     1.66    -0.21  1.50e-02  1.87e+02  13.7*sigma
   0   6    A  P
   0   6    A  OP1         1.49     1.21     0.27  2.00e-02  1.87e+02  13.7*sigma
   0  47    U  O3'
   0  48    G  P           1.61     1.40     0.21  1.50e-02  1.87e+02  13.7*sigma
   0  43    G  C3'
   0  43    G  O3'         1.42     1.62    -0.20  1.50e-02  1.87e+02  13.7*sigma
   0   9    C  C2
   0   9    C  O2          1.24     1.51    -0.27  2.00e-02  1.86e+02  13.6*sigma
   0  47    U  P
   0  47    U  O5'         1.59     1.39     0.20  1.50e-02  1.86e+02  13.6*sigma
   0   9    C  N1
   0   9    C  C6          1.37     1.09     0.27  2.00e-02  1.85e+02  13.6*sigma
   0  40    G  C2'
   0  40    G  O2'         1.42     1.62    -0.20  1.50e-02  1.85e+02  13.6*sigma
   0  44    G  C6
   0  44    G  O6          1.24     1.51    -0.27  2.00e-02  1.85e+02  13.6*sigma
   0  41    G  C6
   0  41    G  N1          1.39     1.66    -0.27  2.00e-02  1.84e+02  13.6*sigma
   0  57    C  C3'
   0  57    C  C2'         1.52     1.73    -0.20  1.50e-02  1.83e+02  13.5*sigma
   0  31    A  C6
   0  31    A  N6          1.33     1.61    -0.27  2.00e-02  1.83e+02  13.5*sigma
   0  22    C  C4
   0  22    C  N4          1.33     1.60    -0.27  2.00e-02  1.82e+02  13.5*sigma
   0  52    A  P
   0  52    A  OP1         1.49     1.22     0.27  2.00e-02  1.81e+02  13.5*sigma
   0  56    U  O5'
   0  56    U  C5'         1.42     1.22     0.20  1.50e-02  1.81e+02  13.5*sigma
   0  51    U  P
   0  51    U  OP1         1.49     1.22     0.27  2.00e-02  1.81e+02  13.5*sigma
   0  32    A  P
   0  32    A  OP1         1.49     1.22     0.27  2.00e-02  1.81e+02  13.4*sigma
   0  25    C  N1
   0  25    C  C2          1.40     1.67    -0.27  2.00e-02  1.81e+02  13.4*sigma
   0  58    C  N3
   0  58    C  C4          1.33     1.60    -0.27  2.00e-02  1.80e+02  13.4*sigma
   0  50    U  C4'
   0  50    U  O4'         1.45     1.65    -0.20  1.50e-02  1.80e+02  13.4*sigma
   0  46    A  N9
   0  46    A  C8          1.37     1.64    -0.27  2.00e-02  1.79e+02  13.4*sigma
   0  17    C  C4
   0  17    C  C5          1.43     1.69    -0.27  2.00e-02  1.78e+02  13.4*sigma
   0  45    A  C6
   0  45    A  N1          1.35     1.62    -0.27  2.00e-02  1.78e+02  13.3*sigma
   0  33    C  O5'
   0  33    C  C5'         1.42     1.22     0.20  1.50e-02  1.77e+02  13.3*sigma
   0  48    G  C2'
   0  48    G  O2'         1.42     1.62    -0.20  1.50e-02  1.77e+02  13.3*sigma
   0  51    U  C4'
   0  51    U  C3'         1.52     1.32     0.20  1.50e-02  1.77e+02  13.3*sigma
   0  26    A  C6
   0  26    A  N1          1.35     1.62    -0.26  2.00e-02  1.75e+02  13.2*sigma
   0  17    C  C4'
   0  17    C  C3'         1.52     1.32     0.20  1.50e-02  1.75e+02  13.2*sigma
   0  12    A  N7
   0  12    A  C5          1.39     1.65    -0.26  2.00e-02  1.74e+02  13.2*sigma
   0   9    C  N3
   0   9    C  C4          1.33     1.60    -0.26  2.00e-02  1.74e+02  13.2*sigma
   0  44    G  N9
   0  44    G  C4          1.38     1.11     0.26  2.00e-02  1.72e+02  13.1*sigma
   0   5    C  C2'
   0   5    C  C1'         1.53     1.33     0.20  1.50e-02  1.72e+02  13.1*sigma
   0   3    C  P
   0   3    C  OP1         1.49     1.22     0.26  2.00e-02  1.71e+02  13.1*sigma
   0  42    U  N1
   0  42    U  C6          1.38     1.11     0.26  2.00e-02  1.71e+02  13.1*sigma
   0  47    U  C4'
   0  47    U  O4'         1.45     1.65    -0.20  1.50e-02  1.70e+02  13.0*sigma
   0  43    G  C2
   0  43    G  N3          1.32     1.58    -0.26  2.00e-02  1.70e+02  13.0*sigma
   0  18    G  C6
   0  18    G  O6          1.24     1.50    -0.26  2.00e-02  1.70e+02  13.0*sigma
   0  13    C  C2
   0  13    C  O2          1.24     1.50    -0.26  2.00e-02  1.70e+02  13.0*sigma
   0  57    C  C2'
   0  57    C  C1'         1.53     1.33     0.20  1.50e-02  1.69e+02  13.0*sigma
   0  24    G  C2'
   0  24    G  C1'         1.53     1.33     0.19  1.50e-02  1.68e+02  13.0*sigma
   0  55    G  C2'
   0  55    G  O2'         1.42     1.61    -0.19  1.50e-02  1.67e+02  12.9*sigma
   0  47    U  C4
   0  47    U  C5          1.43     1.69    -0.26  2.00e-02  1.67e+02  12.9*sigma
   0  23    G  N9
   0  23    G  C8          1.37     1.63    -0.26  2.00e-02  1.66e+02  12.9*sigma
   0  50    U  P
   0  50    U  OP1         1.49     1.23     0.26  2.00e-02  1.65e+02  12.8*sigma
   0  20    C  C2'
   0  20    C  O2'         1.42     1.61    -0.19  1.50e-02  1.64e+02  12.8*sigma
   0   6    A  N7
   0   6    A  C5          1.39     1.64    -0.26  2.00e-02  1.64e+02  12.8*sigma
   0   7    C  C2'
   0   7    C  O2'         1.42     1.61    -0.19  1.50e-02  1.64e+02  12.8*sigma
   0   1    C  O4'
   0   1    C  C1'         1.41     1.60    -0.19  1.50e-02  1.62e+02  12.7*sigma
   0  40    G  P
   0  40    G  OP2         1.49     1.74    -0.25  2.00e-02  1.62e+02  12.7*sigma
   0  16    A  C2'
   0  16    A  C1'         1.53     1.34     0.19  1.50e-02  1.62e+02  12.7*sigma
   0  29    U  C2'
   0  29    U  C1'         1.53     1.34     0.19  1.50e-02  1.62e+02  12.7*sigma
   0   8    U  P
   0   8    U  OP2         1.49     1.23     0.25  2.00e-02  1.61e+02  12.7*sigma
   0   8    U  C2'
   0   8    U  C1'         1.53     1.34     0.19  1.50e-02  1.60e+02  12.7*sigma
   0  43    G  C3'
   0  43    G  C2'         1.52     1.71    -0.19  1.50e-02  1.60e+02  12.7*sigma
   0  24    G  C5'
   0  24    G  C4'         1.51     1.32     0.19  1.50e-02  1.59e+02  12.6*sigma
   0  53    C  C5
   0  53    C  C6          1.34     1.59    -0.25  2.00e-02  1.59e+02  12.6*sigma
   0  38    C  C5
   0  38    C  C6          1.34     1.59    -0.25  2.00e-02  1.58e+02  12.6*sigma
   0   3    C  N1
   0   3    C  C2          1.40     1.65    -0.25  2.00e-02  1.58e+02  12.6*sigma
   0  56    U  C3'
   0  56    U  O3'         1.42     1.23     0.19  1.50e-02  1.58e+02  12.6*sigma
   0  41    G  C2
   0  41    G  N2          1.34     1.09     0.25  2.00e-02  1.57e+02  12.5*sigma
   0   1    C  P
   0   1    C  OP2         1.49     1.23     0.25  2.00e-02  1.57e+02  12.5*sigma
   0  17    C  C2
   0  17    C  O2          1.24     1.49    -0.25  2.00e-02  1.57e+02  12.5*sigma
   0  40    G  C2
   0  40    G  N2          1.34     1.09     0.25  2.00e-02  1.56e+02  12.5*sigma
   0  58    C  C4'
   0  58    C  O4'         1.45     1.64    -0.19  1.50e-02  1.56e+02  12.5*sigma
   0  34    G  P
   0  34    G  OP2         1.49     1.73    -0.25  2.00e-02  1.56e+02  12.5*sigma
   0  33    C  P
   0  33    C  OP2         1.49     1.24     0.25  2.00e-02  1.56e+02  12.5*sigma
   0  39    C  N1
   0  39    C  C6          1.37     1.12     0.25  2.00e-02  1.55e+02  12.5*sigma
   0  28    C  C2'
   0  28    C  O2'         1.42     1.61    -0.19  1.50e-02  1.55e+02  12.5*sigma
   0  36    U  C4'
   0  36    U  C3'         1.52     1.33     0.19  1.50e-02  1.55e+02  12.4*sigma
   0  54    C  C4
   0  54    C  C5          1.43     1.67    -0.25  2.00e-02  1.55e+02  12.4*sigma
   0  33    C  C3'
   0  33    C  C2'         1.52     1.71    -0.19  1.50e-02  1.55e+02  12.4*sigma
   0  24    G  O5'
   0  24    G  C5'         1.42     1.61    -0.19  1.50e-02  1.53e+02  12.4*sigma
   0  39    C  C4'
   0  39    C  O4'         1.45     1.64    -0.19  1.50e-02  1.53e+02  12.4*sigma
   0   5    C  C3'
   0   5    C  O3'         1.42     1.23     0.18  1.50e-02  1.51e+02  12.3*sigma
   0  19    C  N1
   0  19    C  C2          1.40     1.64    -0.25  2.00e-02  1.51e+02  12.3*sigma
   0  41    G  N7
   0  41    G  C5          1.39     1.63    -0.25  2.00e-02  1.50e+02  12.3*sigma
   0  30    G  C6
   0  30    G  O6          1.24     1.48    -0.25  2.00e-02  1.50e+02  12.3*sigma
   0  30    G  C4'
   0  30    G  C3'         1.52     1.34     0.18  1.50e-02  1.50e+02  12.3*sigma
   0  13    C  P
   0  13    C  OP2         1.49     1.24     0.24  2.00e-02  1.50e+02  12.2*sigma
   0  26    A  O3'
   0  27    C  P           1.61     1.42     0.18  1.50e-02  1.49e+02  12.2*sigma
   0  50    U  P
   0  50    U  O5'         1.59     1.41     0.18  1.50e-02  1.49e+02  12.2*sigma
   0  32    A  N1
   0  32    A  C2          1.34     1.10     0.24  2.00e-02  1.48e+02  12.2*sigma
   0  33    C  O4'
   0  33    C  C1'         1.41     1.59    -0.18  1.50e-02  1.48e+02  12.2*sigma
   0  49    U  O4'
   0  49    U  C1'         1.41     1.59    -0.18  1.50e-02  1.48e+02  12.2*sigma
   0   7    C  P
   0   7    C  OP2         1.49     1.24     0.24  2.00e-02  1.47e+02  12.1*sigma
   0  48    G  N1
   0  48    G  C2          1.37     1.13     0.24  2.00e-02  1.47e+02  12.1*sigma
   0  15    G  P
   0  15    G  OP1         1.49     1.73    -0.24  2.00e-02  1.47e+02  12.1*sigma
   0  45    A  N9
   0  45    A  C4          1.37     1.62    -0.24  2.00e-02  1.47e+02  12.1*sigma
   0  44    G  N7
   0  44    G  C5          1.39     1.63    -0.24  2.00e-02  1.46e+02  12.1*sigma
   0  26    A  N7
   0  26    A  C5          1.39     1.63    -0.24  2.00e-02  1.46e+02  12.1*sigma
   0  32    A  C3'
   0  32    A  C2'         1.52     1.34     0.18  1.50e-02  1.44e+02  12.0*sigma
   0  31    A  C2'
   0  31    A  O2'         1.42     1.24     0.18  1.50e-02  1.44e+02  12.0*sigma
   0  20    C  O4'
   0  20    C  C1'         1.41     1.59    -0.18  1.50e-02  1.44e+02  12.0*sigma
   0  48    G  C5'
   0  48    G  C4'         1.51     1.33     0.18  1.50e-02  1.44e+02  12.0*sigma
   0  14    U  C3'
   0  14    U  O3'         1.42     1.24     0.18  1.50e-02  1.43e+02  12.0*sigma
   0  41    G  C6
   0  41    G  O6          1.24     1.48    -0.24  2.00e-02  1.43e+02  12.0*sigma
   0  50    U  C2'
   0  50    U  O2'         1.42     1.60    -0.18  1.50e-02  1.43e+02  12.0*sigma
   0  12    A  O3'
   0  13    C  P           1.61     1.43     0.18  1.50e-02  1.43e+02  11.9*sigma
   0  38    C  P
   0  38    C  OP2         1.49     1.25     0.24  2.00e-02  1.43e+02  11.9*sigma
   0  20    C  C2
   0  20    C  O2          1.24     1.48    -0.24  2.00e-02  1.42e+02  11.9*sigma
   0  10    G  C4'
   0  10    G  C3'         1.52     1.34     0.18  1.50e-02  1.42e+02  11.9*sigma
   0  57    C  O3'
   0  58    C  P           1.61     1.43     0.18  1.50e-02  1.42e+02  11.9*sigma
   0  19    C  C2
   0  19    C  O2          1.24     1.48    -0.24  2.00e-02  1.42e+02  11.9*sigma
   0  39    C  C2'
   0  39    C  C1'         1.53     1.35     0.18  1.50e-02  1.41e+02  11.9*sigma
   0  36    U  C4
   0  36    U  C5          1.43     1.67    -0.24  2.00e-02  1.41e+02  11.9*sigma
   0  48    G  P
   0  48    G  OP2         1.49     1.72    -0.24  2.00e-02  1.41e+02  11.9*sigma
   0  57    C  N1
   0  57    C  C2          1.40     1.63    -0.24  2.00e-02  1.41e+02  11.9*sigma
   0   6    A  C4'
   0   6    A  C3'         1.52     1.34     0.18  1.50e-02  1.40e+02  11.8*sigma
   0  35    C  N3
   0  35    C  C4          1.33     1.57    -0.24  2.00e-02  1.39e+02  11.8*sigma
   0  27    C  C4'
   0  27    C  O4'         1.45     1.63    -0.18  1.50e-02  1.39e+02  11.8*sigma
   0  10    G  P
   0  10    G  OP1         1.49     1.72    -0.24  2.00e-02  1.39e+02  11.8*sigma
   0  58    C  P
   0  58    C  O5'         1.59     1.42     0.18  1.50e-02  1.38e+02  11.8*sigma
   0  43    G  O5'
   0  43    G  C5'         1.42     1.60    -0.18  1.50e-02  1.37e+02  11.7*sigma
   0  47    U  P
   0  47    U  OP1         1.49     1.25     0.23  2.00e-02  1.37e+02  11.7*sigma
   0  47    U  C2
   0  47    U  O2          1.22     0.98     0.23  2.00e-02  1.37e+02  11.7*sigma
   0  17    C  N3
   0  17    C  C4          1.33     1.57    -0.23  2.00e-02  1.37e+02  11.7*sigma
   0  45    A  C3'
   0  45    A  C2'         1.52     1.70    -0.18  1.50e-02  1.37e+02  11.7*sigma
   0  37    C  P
   0  37    C  OP1         1.49     1.25     0.23  2.00e-02  1.37e+02  11.7*sigma
   0  43    G  N7
   0  43    G  C5          1.39     1.62    -0.23  2.00e-02  1.36e+02  11.7*sigma
   0  50    U  O5'
   0  50    U  C5'         1.42     1.25     0.17  1.50e-02  1.36e+02  11.7*sigma
   0  52    A  C2'
   0  52    A  C1'         1.53     1.35     0.17  1.50e-02  1.36e+02  11.7*sigma
   0  25    C  C2'
   0  25    C  C1'         1.53     1.35     0.17  1.50e-02  1.35e+02  11.6*sigma
   0  21    U  C4'
   0  21    U  O4'         1.45     1.63    -0.17  1.50e-02  1.35e+02  11.6*sigma
   0  42    U  P
   0  42    U  O5'         1.59     1.42     0.17  1.50e-02  1.34e+02  11.6*sigma
   0  17    C  P
   0  17    C  OP1         1.49     1.25     0.23  2.00e-02  1.33e+02  11.5*sigma
   0  35    C  N1
   0  35    C  C2          1.40     1.63    -0.23  2.00e-02  1.33e+02  11.5*sigma
   0  31    A  C2'
   0  31    A  C1'         1.53     1.36     0.17  1.50e-02  1.32e+02  11.5*sigma
   0   9    C  P
   0   9    C  O5'         1.59     1.42     0.17  1.50e-02  1.32e+02  11.5*sigma
   0  25    C  O3'
   0  26    A  P           1.61     1.78    -0.17  1.50e-02  1.31e+02  11.4*sigma
   0   3    C  P
   0   3    C  O5'         1.59     1.42     0.17  1.50e-02  1.31e+02  11.4*sigma
   0  21    U  O4'
   0  21    U  C1'         1.41     1.58    -0.17  1.50e-02  1.30e+02  11.4*sigma
   0  23    G  C6
   0  23    G  O6          1.24     1.47    -0.23  2.00e-02  1.30e+02  11.4*sigma
   0  19    C  C4
   0  19    C  C5          1.43     1.65    -0.23  2.00e-02  1.30e+02  11.4*sigma
   0   5    C  P
   0   5    C  O5'         1.59     1.42     0.17  1.50e-02  1.30e+02  11.4*sigma
   0  38    C  C4'
   0  38    C  C3'         1.52     1.29     0.23  2.00e-02  1.29e+02  11.4*sigma
   0  12    A  C6
   0  12    A  N1          1.35     1.58    -0.23  2.00e-02  1.29e+02  11.4*sigma
   0  44    G  C4'
   0  44    G  O4'         1.45     1.62    -0.17  1.50e-02  1.29e+02  11.3*sigma
   0  55    G  C5'
   0  55    G  C4'         1.51     1.34     0.17  1.50e-02  1.29e+02  11.3*sigma
   0  10    G  C3'
   0  10    G  C2'         1.52     1.69    -0.17  1.50e-02  1.28e+02  11.3*sigma
   0  44    G  C2
   0  44    G  N3          1.32     1.55    -0.23  2.00e-02  1.28e+02  11.3*sigma
   0  38    C  O4'
   0  38    C  C1'         1.41     1.64    -0.23  2.00e-02  1.28e+02  11.3*sigma
   0  15    G  C4'
   0  15    G  O4'         1.45     1.62    -0.17  1.50e-02  1.28e+02  11.3*sigma
   0  33    C  N1
   0  33    C  C2          1.40     1.62    -0.23  2.00e-02  1.27e+02  11.3*sigma
   0  23    G  C3'
   0  23    G  O3'         1.42     1.59    -0.17  1.50e-02  1.27e+02  11.3*sigma
   0  34    G  C6
   0  34    G  N1          1.39     1.62    -0.22  2.00e-02  1.26e+02  11.2*sigma
   0  46    A  N7
   0  46    A  C5          1.39     1.61    -0.22  2.00e-02  1.26e+02  11.2*sigma
   0  56    U  C4'
   0  56    U  O4'         1.45     1.62    -0.17  1.50e-02  1.26e+02  11.2*sigma
   0  58    C  C5'
   0  58    C  C4'         1.51     1.34     0.17  1.50e-02  1.24e+02  11.1*sigma
   0  33    C  C2
   0  33    C  O2          1.24     1.46    -0.22  2.00e-02  1.24e+02  11.1*sigma
   0  39    C  C4
   0  39    C  C5          1.43     1.65    -0.22  2.00e-02  1.23e+02  11.1*sigma
   0   5    C  O4'
   0   5    C  C1'         1.41     1.58    -0.17  1.50e-02  1.23e+02  11.1*sigma
   0  36    U  P
   0  36    U  O5'         1.59     1.43     0.17  1.50e-02  1.23e+02  11.1*sigma
   0  58    C  P
   0  58    C  OP2         1.49     1.26     0.22  2.00e-02  1.22e+02  11.1*sigma
   0  21    U  N1
   0  21    U  C6          1.38     1.15     0.22  2.00e-02  1.21e+02  11.0*sigma
   0  29    U  C4
   0  29    U  O4          1.23     1.45    -0.22  2.00e-02  1.21e+02  11.0*sigma
   0  23    G  P
   0  23    G  OP2         1.49     1.70    -0.22  2.00e-02  1.20e+02  11.0*sigma
   0  34    G  P
   0  34    G  O5'         1.59     1.43     0.16  1.50e-02  1.20e+02  11.0*sigma
   0  57    C  C4
   0  57    C  C5          1.43     1.64    -0.22  2.00e-02  1.20e+02  11.0*sigma
   0  20    C  C4
   0  20    C  C5          1.43     1.64    -0.22  2.00e-02  1.19e+02  10.9*sigma
   0  44    G  C3'
   0  44    G  O3'         1.42     1.58    -0.16  1.50e-02  1.19e+02  10.9*sigma
   0  53    C  C2
   0  53    C  N3          1.35     1.57    -0.22  2.00e-02  1.19e+02  10.9*sigma
   0  16    A  P
   0  16    A  OP1         1.49     1.27     0.22  2.00e-02  1.19e+02  10.9*sigma
   0  56    U  C4'
   0  56    U  C3'         1.52     1.36     0.16  1.50e-02  1.19e+02  10.9*sigma
   0  41    G  C4'
   0  41    G  O4'         1.45     1.61    -0.16  1.50e-02  1.18e+02  10.9*sigma
   0  20    C  C4'
   0  20    C  C3'         1.52     1.36     0.16  1.50e-02  1.18e+02  10.8*sigma
   0  15    G  P
   0  15    G  OP2         1.49     1.70    -0.22  2.00e-02  1.17e+02  10.8*sigma
   0  36    U  C2
   0  36    U  O2          1.22     1.00     0.22  2.00e-02  1.17e+02  10.8*sigma
   0  28    C  P
   0  28    C  OP2         1.49     1.27     0.22  2.00e-02  1.17e+02  10.8*sigma
   0  51    U  P
   0  51    U  OP2         1.49     1.27     0.22  2.00e-02  1.17e+02  10.8*sigma
   0  46    A  O4'
   0  46    A  C1'         1.41     1.25     0.16  1.50e-02  1.16e+02  10.8*sigma
   0  22    C  N3
   0  22    C  C4          1.33     1.55    -0.22  2.00e-02  1.16e+02  10.8*sigma
   0  26    A  N9
   0  26    A  C4          1.37     1.59    -0.22  2.00e-02  1.16e+02  10.8*sigma
   0  53    C  C2
   0  53    C  O2          1.24     1.02     0.22  2.00e-02  1.16e+02  10.8*sigma
   0  13    C  N1
   0  13    C  C2          1.40     1.61    -0.21  2.00e-02  1.15e+02  10.7*sigma
   0  24    G  C6
   0  24    G  N1          1.39     1.61    -0.21  2.00e-02  1.15e+02  10.7*sigma
   0   4    A  N1
   0   4    A  C2          1.34     1.12     0.21  2.00e-02  1.15e+02  10.7*sigma
   0  43    G  C5'
   0  43    G  C4'         1.51     1.35     0.16  1.50e-02  1.14e+02  10.7*sigma
   0  57    C  P
   0  57    C  OP2         1.49     1.27     0.21  2.00e-02  1.14e+02  10.7*sigma
   0   9    C  P
   0   9    C  OP1         1.49     1.27     0.21  2.00e-02  1.13e+02  10.6*sigma
   0  39    C  O4'
   0  39    C  C1'         1.41     1.57    -0.16  1.50e-02  1.13e+02  10.6*sigma
   0   1    C  C4'
   0   1    C  O4'         1.45     1.61    -0.16  1.50e-02  1.13e+02  10.6*sigma
   0  29    U  O4'
   0  29    U  C1'         1.41     1.57    -0.16  1.50e-02  1.13e+02  10.6*sigma
   0  43    G  C2'
   0  43    G  C1'         1.53     1.37     0.16  1.50e-02  1.12e+02  10.6*sigma
   0  37    C  C4'
   0  37    C  C3'         1.52     1.36     0.16  1.50e-02  1.11e+02  10.5*sigma
   0  29    U  C5
   0  29    U  C6          1.34     1.55    -0.21  2.00e-02  1.11e+02  10.5*sigma
   0  47    U  P
   0  47    U  OP2         1.49     1.28     0.21  2.00e-02  1.10e+02  10.5*sigma
   0  54    C  C5'
   0  54    C  C4'         1.51     1.35     0.16  1.50e-02  1.10e+02  10.5*sigma
   0  20    C  N1
   0  20    C  C2          1.40     1.61    -0.21  2.00e-02  1.10e+02  10.5*sigma
   0  38    C  P
   0  38    C  O5'         1.59     1.38     0.21  2.00e-02  1.09e+02  10.5*sigma
   0  48    G  P
   0  48    G  O5'         1.59     1.44     0.16  1.50e-02  1.09e+02  10.5*sigma
   0  40    G  N9
   0  40    G  C4          1.38     1.17     0.21  2.00e-02  1.09e+02  10.4*sigma
   0  57    C  C2
   0  57    C  O2          1.24     1.45    -0.21  2.00e-02  1.09e+02  10.4*sigma
   0  14    U  C4'
   0  14    U  O4'         1.45     1.61    -0.16  1.50e-02  1.08e+02  10.4*sigma
   0  14    U  C2
   0  14    U  O2          1.22     1.01     0.21  2.00e-02  1.08e+02  10.4*sigma
   0  42    U  O3'
   0  43    G  P           1.61     1.76    -0.16  1.50e-02  1.07e+02  10.3*sigma
   0  25    C  C4
   0  25    C  C5          1.43     1.63    -0.21  2.00e-02  1.07e+02  10.3*sigma
   0  43    G  C6
   0  43    G  N1          1.39     1.60    -0.21  2.00e-02  1.06e+02  10.3*sigma
   0  12    A  C4'
   0  12    A  C3'         1.52     1.68    -0.15  1.50e-02  1.06e+02  10.3*sigma
   0  23    G  P
   0  23    G  OP1         1.49     1.69    -0.21  2.00e-02  1.06e+02  10.3*sigma
   0  33    C  P
   0  33    C  O5'         1.59     1.44     0.15  1.50e-02  1.06e+02  10.3*sigma
   0  20    C  C3'
   0  20    C  O3'         1.42     1.26     0.15  1.50e-02  1.06e+02  10.3*sigma
   0  26    A  N9
   0  26    A  C8          1.37     1.58    -0.21  2.00e-02  1.06e+02  10.3*sigma
   0  22    C  P
   0  22    C  O5'         1.59     1.44     0.15  1.50e-02  1.05e+02  10.2*sigma
   0  46    A  N1
   0  46    A  C2          1.34     1.13     0.20  2.00e-02  1.05e+02  10.2*sigma
   0   4    A  C6
   0   4    A  N1          1.35     1.56    -0.20  2.00e-02  1.05e+02  10.2*sigma
   0   2    G  C4'
   0   2    G  C3'         1.52     1.37     0.15  1.50e-02  1.05e+02  10.2*sigma
   0  42    U  C4'
   0  42    U  C3'         1.52     1.37     0.15  1.50e-02  1.05e+02  10.2*sigma
   0  41    G  N9
   0  41    G  C4          1.38     1.17     0.20  2.00e-02  1.03e+02  10.1*sigma
   0  28    C  C4
   0  28    C  C5          1.43     1.63    -0.20  2.00e-02  1.03e+02  10.1*sigma
   0  50    U  C4
   0  50    U  C5          1.43     1.63    -0.20  2.00e-02  1.02e+02  10.1*sigma
   0  54    C  C2
   0  54    C  N3          1.35     1.56    -0.20  2.00e-02  1.02e+02  10.1*sigma
   0  39    C  P
   0  39    C  OP2         1.49     1.28     0.20  2.00e-02  1.02e+02  10.1*sigma
   0  28    C  N1
   0  28    C  C2          1.40     1.60    -0.20  2.00e-02  1.01e+02  10.1*sigma
   0  11    G  C3'
   0  11    G  O3'         1.42     1.27     0.15  1.50e-02  1.01e+02  10.1*sigma
   0  43    G  C5
   0  43    G  C4          1.38     1.58    -0.20  2.00e-02  1.01e+02  10.1*sigma
   0  54    C  O5'
   0  54    C  C5'         1.42     1.57    -0.15  1.50e-02  1.01e+02  10.1*sigma
   0  40    G  C4'
   0  40    G  O4'         1.45     1.60    -0.15  1.50e-02  1.01e+02  10.0*sigma
   0  13    C  C3'
   0  13    C  O3'         1.42     1.27     0.15  1.50e-02  1.00e+02  10.0*sigma
   0  56    U  N1
   0  56    U  C2          1.38     1.58    -0.20  2.00e-02  1.00e+02  10.0*sigma
   0  44    G  C5
   0  44    G  C4          1.38     1.58    -0.20  2.00e-02  9.95e+01  10.0*sigma
   0  11    G  C5
   0  11    G  C4          1.38     1.58    -0.20  2.00e-02  9.93e+01  10.0*sigma
   0   5    C  C2
   0   5    C  O2          1.24     1.44    -0.20  2.00e-02  9.84e+01   9.9*sigma
   0  45    A  O3'
   0  46    A  P           1.61     1.46     0.15  1.50e-02  9.83e+01   9.9*sigma
   0  58    C  C4
   0  58    C  C5          1.43     1.62    -0.20  2.00e-02  9.81e+01   9.9*sigma
   0  18    G  N7
   0  18    G  C5          1.39     1.59    -0.20  2.00e-02  9.79e+01   9.9*sigma
   0   1    C  N3
   0   1    C  C4          1.33     1.53    -0.20  2.00e-02  9.78e+01   9.9*sigma
   0  55    G  P
   0  55    G  OP1         1.49     1.68    -0.20  2.00e-02  9.75e+01   9.9*sigma
   0  15    G  N7
   0  15    G  C5          1.39     1.59    -0.20  2.00e-02  9.72e+01   9.9*sigma
   0  34    G  C2'
   0  34    G  O2'         1.42     1.57    -0.15  1.50e-02  9.64e+01   9.8*sigma
   0  21    U  P
   0  21    U  OP2         1.49     1.29     0.20  2.00e-02  9.60e+01   9.8*sigma
   0  37    C  P
   0  37    C  OP2         1.49     1.29     0.20  2.00e-02  9.56e+01   9.8*sigma
   0  18    G  C6
   0  18    G  N1          1.39     1.59    -0.20  2.00e-02  9.53e+01   9.8*sigma
   0  30    G  N1
   0  30    G  C2          1.37     1.18     0.20  2.00e-02  9.53e+01   9.8*sigma
   0  13    C  P
   0  13    C  OP1         1.49     1.29     0.20  2.00e-02  9.53e+01   9.8*sigma
   0   5    C  O5'
   0   5    C  C5'         1.42     1.27     0.15  1.50e-02  9.46e+01   9.7*sigma
   0  17    C  O4'
   0  17    C  C1'         1.41     1.56    -0.15  1.50e-02  9.38e+01   9.7*sigma
   0   5    C  P
   0   5    C  OP2         1.49     1.29     0.19  2.00e-02  9.37e+01   9.7*sigma
   0  18    G  P
   0  18    G  O5'         1.59     1.45     0.15  1.50e-02  9.35e+01   9.7*sigma
   0  15    G  C5
   0  15    G  C4          1.38     1.57    -0.19  2.00e-02  9.35e+01   9.7*sigma
   0  33    C  C4'
   0  33    C  C3'         1.52     1.38     0.14  1.50e-02  9.34e+01   9.7*sigma
   0  27    C  P
   0  27    C  O5'         1.59     1.45     0.14  1.50e-02  9.26e+01   9.6*sigma
   0  29    U  N1
   0  29    U  C2          1.38     1.57    -0.19  2.00e-02  9.20e+01   9.6*sigma
   0  24    G  P
   0  24    G  OP2         1.49     1.68    -0.19  2.00e-02  9.17e+01   9.6*sigma
   0  48    G  C4'
   0  48    G  O4'         1.45     1.59    -0.14  1.50e-02  9.16e+01   9.6*sigma
   0  32    A  N9
   0  32    A  C4          1.37     1.57    -0.19  2.00e-02  9.15e+01   9.6*sigma
   0  43    G  P
   0  43    G  OP1         1.49     1.68    -0.19  2.00e-02  9.13e+01   9.6*sigma
   0  10    G  C4'
   0  10    G  O4'         1.45     1.59    -0.14  1.50e-02  9.12e+01   9.5*sigma
   0  24    G  C5
   0  24    G  C4          1.38     1.57    -0.19  2.00e-02  9.10e+01   9.5*sigma
   0  56    U  C2
   0  56    U  N3          1.37     1.56    -0.19  2.00e-02  9.07e+01   9.5*sigma
   0  44    G  C5'
   0  44    G  C4'         1.51     1.37     0.14  1.50e-02  9.05e+01   9.5*sigma
   0  57    C  P
   0  57    C  OP1         1.49     1.29     0.19  2.00e-02  9.03e+01   9.5*sigma
   0   2    G  C2'
   0   2    G  C1'         1.53     1.39     0.14  1.50e-02  9.01e+01   9.5*sigma
   0   2    G  P
   0   2    G  O5'         1.59     1.45     0.14  1.50e-02  9.00e+01   9.5*sigma
   0  38    C  P
   0  38    C  OP1         1.49     1.30     0.19  2.00e-02  8.99e+01   9.5*sigma
   0  14    U  P
   0  14    U  OP2         1.49     1.30     0.19  2.00e-02  8.93e+01   9.4*sigma
   0  12    A  C2'
   0  12    A  O2'         1.42     1.28     0.14  1.50e-02  8.93e+01   9.4*sigma
   0  52    A  N9
   0  52    A  C4          1.37     1.56    -0.19  2.00e-02  8.88e+01   9.4*sigma
   0  44    G  C6
   0  44    G  N1          1.39     1.58    -0.19  2.00e-02  8.85e+01   9.4*sigma
   0  48    G  C5
   0  48    G  C4          1.38     1.57    -0.19  2.00e-02  8.77e+01   9.4*sigma
   0  25    C  C3'
   0  25    C  C2'         1.52     1.66    -0.14  1.50e-02  8.76e+01   9.4*sigma
   0  42    U  C4
   0  42    U  O4          1.23     1.42    -0.19  2.00e-02  8.74e+01   9.3*sigma
   0  30    G  O5'
   0  30    G  C5'         1.42     1.28     0.14  1.50e-02  8.74e+01   9.3*sigma
   0  45    A  O4'
   0  45    A  C1'         1.41     1.27     0.14  1.50e-02  8.73e+01   9.3*sigma
   0  42    U  C2
   0  42    U  O2          1.22     1.03     0.19  2.00e-02  8.72e+01   9.3*sigma
   0  50    U  C4
   0  50    U  O4          1.23     1.42    -0.19  2.00e-02  8.72e+01   9.3*sigma
   0  15    G  O5'
   0  15    G  C5'         1.42     1.56    -0.14  1.50e-02  8.51e+01   9.2*sigma
   0  36    U  C4
   0  36    U  O4          1.23     1.42    -0.18  2.00e-02  8.49e+01   9.2*sigma
   0  16    A  N9
   0  16    A  C4          1.37     1.56    -0.18  2.00e-02  8.44e+01   9.2*sigma
   0  14    U  P
   0  14    U  O5'         1.59     1.46     0.14  1.50e-02  8.39e+01   9.2*sigma
   0  30    G  P
   0  30    G  O5'         1.59     1.46     0.14  1.50e-02  8.33e+01   9.1*sigma
   0  58    C  O4'
   0  58    C  C1'         1.41     1.55    -0.14  1.50e-02  8.32e+01   9.1*sigma
   0  13    C  P
   0  13    C  O5'         1.59     1.46     0.14  1.50e-02  8.28e+01   9.1*sigma
   0  21    U  C2'
   0  21    U  C1'         1.53     1.39     0.14  1.50e-02  8.27e+01   9.1*sigma
   0  35    C  C2
   0  35    C  O2          1.24     1.42    -0.18  2.00e-02  8.25e+01   9.1*sigma
   0   1    C  P
   0   1    C  O5'         1.59     1.46     0.14  1.50e-02  8.21e+01   9.1*sigma
   0   3    C  P
   0   3    C  OP2         1.49     1.30     0.18  2.00e-02  8.20e+01   9.1*sigma
   0  55    G  C3'
   0  55    G  C2'         1.52     1.66    -0.14  1.50e-02  8.18e+01   9.0*sigma
   0  50    U  P
   0  50    U  OP2         1.49     1.30     0.18  2.00e-02  8.17e+01   9.0*sigma
   0  16    A  C6
   0  16    A  N1          1.35     1.53    -0.18  2.00e-02  8.16e+01   9.0*sigma
   0  27    C  P
   0  27    C  OP2         1.49     1.30     0.18  2.00e-02  8.15e+01   9.0*sigma
   0  24    G  C4'
   0  24    G  C3'         1.52     1.39     0.14  1.50e-02  8.12e+01   9.0*sigma
   0  26    A  C3'
   0  26    A  O3'         1.42     1.28     0.14  1.50e-02  8.11e+01   9.0*sigma
   0  14    U  P
   0  14    U  OP1         1.49     1.31     0.18  2.00e-02  8.10e+01   9.0*sigma
   0  12    A  C3'
   0  12    A  C2'         1.52     1.39     0.13  1.50e-02  8.10e+01   9.0*sigma
   0  47    U  N1
   0  47    U  C2          1.38     1.56    -0.18  2.00e-02  8.09e+01   9.0*sigma
   0  16    A  N9
   0  16    A  C8          1.37     1.55    -0.18  2.00e-02  7.97e+01   8.9*sigma
   0  10    G  C3'
   0  10    G  O3'         1.42     1.55    -0.13  1.50e-02  7.96e+01   8.9*sigma
   0  17    C  O3'
   0  18    G  P           1.61     1.47     0.13  1.50e-02  7.93e+01   8.9*sigma
   0  46    A  C6
   0  46    A  N6          1.33     1.16     0.18  2.00e-02  7.92e+01   8.9*sigma
   0  45    A  O5'
   0  45    A  C5'         1.42     1.55    -0.13  1.50e-02  7.90e+01   8.9*sigma
   0  57    C  N3
   0  57    C  C4          1.33     1.51    -0.18  2.00e-02  7.88e+01   8.9*sigma
   0  10    G  N7
   0  10    G  C5          1.39     1.57    -0.18  2.00e-02  7.85e+01   8.9*sigma
   0  17    C  P
   0  17    C  OP2         1.49     1.31     0.18  2.00e-02  7.79e+01   8.8*sigma
   0  53    C  N3
   0  53    C  C4          1.33     1.51    -0.18  2.00e-02  7.75e+01   8.8*sigma
   0  24    G  C6
   0  24    G  O6          1.24     1.41    -0.18  2.00e-02  7.74e+01   8.8*sigma
   0  11    G  P
   0  11    G  O5'         1.59     1.46     0.13  1.50e-02  7.72e+01   8.8*sigma
   0  49    U  C4
   0  49    U  C5          1.43     1.61    -0.18  2.00e-02  7.68e+01   8.8*sigma
   0  10    G  O4'
   0  10    G  C1'         1.41     1.54    -0.13  1.50e-02  7.67e+01   8.8*sigma
   0  37    C  O4'
   0  37    C  C1'         1.41     1.54    -0.13  1.50e-02  7.64e+01   8.7*sigma
   0  54    C  P
   0  54    C  OP2         1.49     1.31     0.17  2.00e-02  7.62e+01   8.7*sigma
   0  15    G  P
   0  15    G  O5'         1.59     1.46     0.13  1.50e-02  7.61e+01   8.7*sigma
   0   6    A  N9
   0   6    A  C4          1.37     1.55    -0.17  2.00e-02  7.58e+01   8.7*sigma
   0  17    C  N1
   0  17    C  C2          1.40     1.57    -0.17  2.00e-02  7.50e+01   8.7*sigma
   0   5    C  C2'
   0   5    C  O2'         1.42     1.55    -0.13  1.50e-02  7.42e+01   8.6*sigma
   0  25    C  P
   0  25    C  OP1         1.49     1.31     0.17  2.00e-02  7.38e+01   8.6*sigma
   0  10    G  P
   0  10    G  O5'         1.59     1.46     0.13  1.50e-02  7.36e+01   8.6*sigma
   0  11    G  C3'
   0  11    G  C2'         1.52     1.65    -0.13  1.50e-02  7.34e+01   8.6*sigma
   0  44    G  P
   0  44    G  OP1         1.49     1.66    -0.17  2.00e-02  7.34e+01   8.6*sigma
   0   9    C  C4
   0   9    C  C5          1.43     1.60    -0.17  2.00e-02  7.31e+01   8.6*sigma
   0  39    C  C5'
   0  39    C  C4'         1.51     1.38     0.13  1.50e-02  7.26e+01   8.5*sigma
   0  42    U  P
   0  42    U  OP2         1.49     1.31     0.17  2.00e-02  7.25e+01   8.5*sigma
   0   9    C  P
   0   9    C  OP2         1.49     1.32     0.17  2.00e-02  7.21e+01   8.5*sigma
   0  53    C  P
   0  53    C  OP2         1.49     1.32     0.17  2.00e-02  7.19e+01   8.5*sigma
   0  53    C  P
   0  53    C  OP1         1.49     1.32     0.17  2.00e-02  7.18e+01   8.5*sigma
   0  35    C  P
   0  35    C  O5'         1.59     1.47     0.13  1.50e-02  7.15e+01   8.5*sigma
   0  20    C  C3'
   0  20    C  C2'         1.52     1.65    -0.13  1.50e-02  7.13e+01   8.4*sigma
   0  22    C  O3'
   0  23    G  P           1.61     1.48     0.13  1.50e-02  7.12e+01   8.4*sigma
   0  38    C  C2
   0  38    C  O2          1.24     1.41    -0.17  2.00e-02  7.09e+01   8.4*sigma
   0  58    C  C2'
   0  58    C  O2'         1.42     1.55    -0.13  1.50e-02  7.01e+01   8.4*sigma
   0  29    U  C3'
   0  29    U  C2'         1.52     1.65    -0.13  1.50e-02  7.01e+01   8.4*sigma
   0  11    G  C4'
   0  11    G  O4'         1.45     1.58    -0.13  1.50e-02  6.99e+01   8.4*sigma
   0  10    G  C5
   0  10    G  C4          1.38     1.55    -0.17  2.00e-02  6.96e+01   8.3*sigma
   0  20    C  P
   0  20    C  OP1         1.49     1.32     0.17  2.00e-02  6.92e+01   8.3*sigma
   0   6    A  C6
   0   6    A  N6          1.33     1.17     0.17  2.00e-02  6.90e+01   8.3*sigma
   0  49    U  C2
   0  49    U  O2          1.22     1.05     0.17  2.00e-02  6.86e+01   8.3*sigma
   0  35    C  C4
   0  35    C  C5          1.43     1.59    -0.17  2.00e-02  6.84e+01   8.3*sigma
   0  42    U  O4'
   0  42    U  C1'         1.41     1.54    -0.12  1.50e-02  6.80e+01   8.2*sigma
   0  55    G  C6
   0  55    G  N1          1.39     1.56    -0.16  2.00e-02  6.79e+01   8.2*sigma
   0  25    C  C4
   0  25    C  N4          1.33     1.17     0.16  2.00e-02  6.77e+01   8.2*sigma
   0  56    U  C4
   0  56    U  O4          1.23     1.40    -0.16  2.00e-02  6.76e+01   8.2*sigma
   0  16    A  O3'
   0  17    C  P           1.61     1.48     0.12  1.50e-02  6.72e+01   8.2*sigma
   0  50    U  O4'
   0  50    U  C1'         1.41     1.53    -0.12  1.50e-02  6.64e+01   8.1*sigma
   0  54    C  C2'
   0  54    C  O2'         1.42     1.54    -0.12  1.50e-02  6.64e+01   8.1*sigma
   0  33    C  C4
   0  33    C  C5          1.43     1.59    -0.16  2.00e-02  6.63e+01   8.1*sigma
   0   5    C  C4'
   0   5    C  C3'         1.52     1.40     0.12  1.50e-02  6.61e+01   8.1*sigma
   0  54    C  C4'
   0  54    C  C3'         1.52     1.64    -0.12  1.50e-02  6.59e+01   8.1*sigma
   0  25    C  P
   0  25    C  O5'         1.59     1.47     0.12  1.50e-02  6.53e+01   8.1*sigma
   0  34    G  O5'
   0  34    G  C5'         1.42     1.54    -0.12  1.50e-02  6.50e+01   8.1*sigma
   0  21    U  P
   0  21    U  O5'         1.59     1.47     0.12  1.50e-02  6.48e+01   8.1*sigma
   0  56    U  P
   0  56    U  OP2         1.49     1.32     0.16  2.00e-02  6.44e+01   8.0*sigma
   0  26    A  O5'
   0  26    A  C5'         1.42     1.54    -0.12  1.50e-02  6.43e+01   8.0*sigma
   0  51    U  C4
   0  51    U  O4          1.23     1.39    -0.16  2.00e-02  6.41e+01   8.0*sigma
   0  46    A  C6
   0  46    A  N1          1.35     1.51    -0.16  2.00e-02  6.41e+01   8.0*sigma
   0   5    C  N1
   0   5    C  C2          1.40     1.56    -0.16  2.00e-02  6.41e+01   8.0*sigma
   0   6    A  P
   0   6    A  OP2         1.49     1.33     0.16  2.00e-02  6.40e+01   8.0*sigma
   0  48    G  C3'
   0  48    G  O3'         1.42     1.30     0.12  1.50e-02  6.36e+01   8.0*sigma
   0  36    U  O4'
   0  36    U  C1'         1.41     1.53    -0.12  1.50e-02  6.35e+01   8.0*sigma
   0  36    U  P
   0  36    U  OP2         1.49     1.33     0.16  2.00e-02  6.34e+01   8.0*sigma
   0  55    G  P
   0  55    G  O5'         1.59     1.47     0.12  1.50e-02  6.32e+01   7.9*sigma
   0  23    G  C4'
   0  23    G  O4'         1.45     1.57    -0.12  1.50e-02  6.30e+01   7.9*sigma
   0  36    U  P
   0  36    U  OP1         1.49     1.33     0.16  2.00e-02  6.29e+01   7.9*sigma
   0  57    C  P
   0  57    C  O5'         1.59     1.47     0.12  1.50e-02  6.28e+01   7.9*sigma
   0  32    A  O3'
   0  33    C  P           1.61     1.49     0.12  1.50e-02  6.27e+01   7.9*sigma
   0  47    U  C3'
   0  47    U  O3'         1.42     1.30     0.12  1.50e-02  6.26e+01   7.9*sigma
   0  27    C  N3
   0  27    C  C4          1.33     1.49    -0.16  2.00e-02  6.26e+01   7.9*sigma
   0  21    U  C2
   0  21    U  N3          1.37     1.53    -0.16  2.00e-02  6.20e+01   7.9*sigma
   0  30    G  N7
   0  30    G  C5          1.39     1.54    -0.16  2.00e-02  6.16e+01   7.8*sigma
   0  56    U  N3
   0  56    U  C4          1.38     1.22     0.16  2.00e-02  6.14e+01   7.8*sigma
   0   9    C  C4
   0   9    C  N4          1.33     1.18     0.16  2.00e-02  6.13e+01   7.8*sigma
   0   3    C  C4
   0   3    C  N4          1.33     1.18     0.16  2.00e-02  6.07e+01   7.8*sigma
   0  29    U  C2'
   0  29    U  O2'         1.42     1.54    -0.12  1.50e-02  6.07e+01   7.8*sigma
   0  14    U  N1
   0  14    U  C2          1.38     1.54    -0.16  2.00e-02  6.07e+01   7.8*sigma
   0   2    G  O5'
   0   2    G  C5'         1.42     1.54    -0.12  1.50e-02  6.06e+01   7.8*sigma
   0  39    C  O5'
   0  39    C  C5'         1.42     1.30     0.12  1.50e-02  6.05e+01   7.8*sigma
   0   7    C  C4
   0   7    C  C5          1.43     1.58    -0.15  2.00e-02  6.00e+01   7.7*sigma
   0  18    G  O5'
   0  18    G  C5'         1.42     1.54    -0.12  1.50e-02  5.99e+01   7.7*sigma
   0  25    C  P
   0  25    C  OP2         1.49     1.33     0.15  2.00e-02  5.97e+01   7.7*sigma
   0  50    U  N3
   0  50    U  C4          1.38     1.23     0.15  2.00e-02  5.94e+01   7.7*sigma
   0  24    G  N7
   0  24    G  C5          1.39     1.54    -0.15  2.00e-02  5.92e+01   7.7*sigma
   0   6    A  C6
   0   6    A  N1          1.35     1.50    -0.15  2.00e-02  5.90e+01   7.7*sigma
   0  18    G  C5
   0  18    G  C4          1.38     1.53    -0.15  2.00e-02  5.89e+01   7.7*sigma
   0  37    C  N3
   0  37    C  C4          1.33     1.49    -0.15  2.00e-02  5.89e+01   7.7*sigma
   0  31    A  C3'
   0  31    A  O3'         1.42     1.30     0.11  1.50e-02  5.86e+01   7.7*sigma
   0  38    C  C4
   0  38    C  C5          1.43     1.58    -0.15  2.00e-02  5.83e+01   7.6*sigma
   0  42    U  N3
   0  42    U  C4          1.38     1.23     0.15  2.00e-02  5.82e+01   7.6*sigma
   0   9    C  N1
   0   9    C  C2          1.40     1.55    -0.15  2.00e-02  5.81e+01   7.6*sigma
   0  41    G  P
   0  41    G  OP2         1.49     1.64    -0.15  2.00e-02  5.81e+01   7.6*sigma
   0  12    A  N1
   0  12    A  C2          1.34     1.19     0.15  2.00e-02  5.80e+01   7.6*sigma
   0  21    U  P
   0  21    U  OP1         1.49     1.33     0.15  2.00e-02  5.77e+01   7.6*sigma
   0  27    C  C2
   0  27    C  N3          1.35     1.20     0.15  2.00e-02  5.76e+01   7.6*sigma
   0  32    A  C5
   0  32    A  C6          1.41     1.25     0.15  2.00e-02  5.73e+01   7.6*sigma
   0  55    G  C5
   0  55    G  C4          1.38     1.53    -0.15  2.00e-02  5.68e+01   7.5*sigma
   0  56    U  O4'
   0  56    U  C1'         1.41     1.52    -0.11  1.50e-02  5.67e+01   7.5*sigma
   0  29    U  P
   0  29    U  OP2         1.49     1.33     0.15  2.00e-02  5.66e+01   7.5*sigma
   0  48    G  O5'
   0  48    G  C5'         1.42     1.53    -0.11  1.50e-02  5.66e+01   7.5*sigma
   0   2    G  C3'
   0   2    G  O3'         1.42     1.30     0.11  1.50e-02  5.65e+01   7.5*sigma
   0  51    U  C5
   0  51    U  C6          1.34     1.49    -0.15  2.00e-02  5.65e+01   7.5*sigma
   0   4    A  N3
   0   4    A  C4          1.34     1.19     0.15  2.00e-02  5.64e+01   7.5*sigma
   0  56    U  P
   0  56    U  O5'         1.59     1.48     0.11  1.50e-02  5.62e+01   7.5*sigma
   0  57    C  C2'
   0  57    C  O2'         1.42     1.53    -0.11  1.50e-02  5.57e+01   7.5*sigma
   0  41    G  C5'
   0  41    G  C4'         1.51     1.40     0.11  1.50e-02  5.57e+01   7.5*sigma
   0  11    G  N1
   0  11    G  C2          1.37     1.22     0.15  2.00e-02  5.55e+01   7.4*sigma
   0  53    C  C4
   0  53    C  C5          1.43     1.57    -0.15  2.00e-02  5.54e+01   7.4*sigma
   0  18    G  C4'
   0  18    G  O4'         1.45     1.56    -0.11  1.50e-02  5.45e+01   7.4*sigma
   0  58    C  N1
   0  58    C  C2          1.40     1.54    -0.15  2.00e-02  5.45e+01   7.4*sigma
   0  15    G  C6
   0  15    G  N1          1.39     1.54    -0.15  2.00e-02  5.39e+01   7.3*sigma
   0  21    U  C4
   0  21    U  C5          1.43     1.58    -0.15  2.00e-02  5.35e+01   7.3*sigma
   0  35    C  P
   0  35    C  OP1         1.49     1.34     0.15  2.00e-02  5.34e+01   7.3*sigma
   0  19    C  P
   0  19    C  OP1         1.49     1.34     0.15  2.00e-02  5.28e+01   7.3*sigma
   0  46    A  C3'
   0  46    A  C2'         1.52     1.63    -0.11  1.50e-02  5.26e+01   7.3*sigma
   0  19    C  C4'
   0  19    C  C3'         1.52     1.41     0.11  1.50e-02  5.26e+01   7.3*sigma
   0  28    C  N3
   0  28    C  C4          1.33     1.48    -0.14  2.00e-02  5.23e+01   7.2*sigma
   0   1    C  C3'
   0   1    C  O3'         1.42     1.53    -0.11  1.50e-02  5.22e+01   7.2*sigma
   0  50    U  C2
   0  50    U  O2          1.22     1.07     0.14  2.00e-02  5.20e+01   7.2*sigma
   0  45    A  C5
   0  45    A  C6          1.41     1.26     0.14  2.00e-02  5.16e+01   7.2*sigma
   0   3    C  C3'
   0   3    C  O3'         1.42     1.31     0.11  1.50e-02  5.14e+01   7.2*sigma
   0  39    C  C5
   0  39    C  C6          1.34     1.48    -0.14  2.00e-02  5.12e+01   7.2*sigma
   0  45    A  C6
   0  45    A  N6          1.33     1.19     0.14  2.00e-02  5.09e+01   7.1*sigma
   0  43    G  N1
   0  43    G  C2          1.37     1.23     0.14  2.00e-02  5.09e+01   7.1*sigma
   0  22    C  C4
   0  22    C  C5          1.43     1.57    -0.14  2.00e-02  5.03e+01   7.1*sigma
   0   8    U  C2
   0   8    U  O2          1.22     1.08     0.14  2.00e-02  5.02e+01   7.1*sigma
   0  12    A  C2'
   0  12    A  C1'         1.53     1.42     0.11  1.50e-02  5.01e+01   7.1*sigma
   0  11    G  N7
   0  11    G  C5          1.39     1.53    -0.14  2.00e-02  5.01e+01   7.1*sigma
   0  27    C  C3'
   0  27    C  C2'         1.52     1.42     0.11  1.50e-02  5.01e+01   7.1*sigma
   0  17    C  P
   0  17    C  O5'         1.59     1.49     0.11  1.50e-02  5.01e+01   7.1*sigma
   0  17    C  C5
   0  17    C  C6          1.34     1.48    -0.14  2.00e-02  4.99e+01   7.1*sigma
   0  15    G  O3'
   0  16    A  P           1.61     1.71    -0.11  1.50e-02  4.98e+01   7.1*sigma
   0   3    C  C5
   0   3    C  C6          1.34     1.48    -0.14  2.00e-02  4.98e+01   7.1*sigma
   0  48    G  C6
   0  48    G  N1          1.39     1.53    -0.14  2.00e-02  4.97e+01   7.0*sigma
   0  13    C  C4
   0  13    C  C5          1.43     1.57    -0.14  2.00e-02  4.97e+01   7.0*sigma
   0  52    A  O3'
   0  53    C  P           1.61     1.71    -0.11  1.50e-02  4.96e+01   7.0*sigma
   0  32    A  C2'
   0  32    A  C1'         1.53     1.42     0.11  1.50e-02  4.94e+01   7.0*sigma
   0  31    A  C5
   0  31    A  C6          1.41     1.27     0.14  2.00e-02  4.92e+01   7.0*sigma
   0   1    C  C3'
   0   1    C  C2'         1.52     1.63    -0.11  1.50e-02  4.91e+01   7.0*sigma
   0  58    C  O5'
   0  58    C  C5'         1.42     1.32     0.10  1.50e-02  4.90e+01   7.0*sigma
   0   4    A  C5
   0   4    A  C4          1.38     1.52    -0.14  2.00e-02  4.89e+01   7.0*sigma
   0   8    U  C3'
   0   8    U  C2'         1.52     1.63    -0.10  1.50e-02  4.87e+01   7.0*sigma
   0  34    G  C4'
   0  34    G  C3'         1.52     1.42     0.10  1.50e-02  4.87e+01   7.0*sigma
   0  39    C  N1
   0  39    C  C2          1.40     1.54    -0.14  2.00e-02  4.84e+01   7.0*sigma
   0  11    G  P
   0  11    G  OP2         1.49     1.62    -0.14  2.00e-02  4.79e+01   6.9*sigma
   0   8    U  N1
   0   8    U  C2          1.38     1.52    -0.14  2.00e-02  4.79e+01   6.9*sigma
   0  22    C  P
   0  22    C  OP2         1.49     1.35     0.14  2.00e-02  4.78e+01   6.9*sigma
   0  26    A  C2'
   0  26    A  O2'         1.42     1.32     0.10  1.50e-02  4.78e+01   6.9*sigma
   0  38    C  C3'
   0  38    C  C2'         1.53     1.66    -0.14  2.00e-02  4.76e+01   6.9*sigma
   0  24    G  N1
   0  24    G  C2          1.37     1.24     0.14  2.00e-02  4.76e+01   6.9*sigma
   0  15    G  C4'
   0  15    G  C3'         1.52     1.42     0.10  1.50e-02  4.70e+01   6.9*sigma
   0  46    A  O3'
   0  47    U  P           1.61     1.50     0.10  1.50e-02  4.69e+01   6.9*sigma
   0  20    C  P
   0  20    C  OP2         1.49     1.35     0.14  2.00e-02  4.67e+01   6.8*sigma
   0  55    G  O4'
   0  55    G  C1'         1.41     1.51    -0.10  1.50e-02  4.57e+01   6.8*sigma
   0   2    G  C5
   0   2    G  C4          1.38     1.51    -0.14  2.00e-02  4.56e+01   6.8*sigma
   0   9    C  C3'
   0   9    C  O3'         1.42     1.52    -0.10  1.50e-02  4.56e+01   6.8*sigma
   0  42    U  N1
   0  42    U  C2          1.38     1.52    -0.13  2.00e-02  4.55e+01   6.7*sigma
   0  34    G  N3
   0  34    G  C4          1.35     1.48    -0.13  2.00e-02  4.54e+01   6.7*sigma
   0  54    C  O3'
   0  55    G  P           1.61     1.71    -0.10  1.50e-02  4.52e+01   6.7*sigma
   0   8    U  C2
   0   8    U  N3          1.37     1.51    -0.13  2.00e-02  4.51e+01   6.7*sigma
   0  50    U  O3'
   0  51    U  P           1.61     1.71    -0.10  1.50e-02  4.50e+01   6.7*sigma
   0  43    G  C2'
   0  43    G  O2'         1.42     1.52    -0.10  1.50e-02  4.49e+01   6.7*sigma
   0  11    G  C2
   0  11    G  N2          1.34     1.48    -0.13  2.00e-02  4.49e+01   6.7*sigma
   0  20    C  N3
   0  20    C  C4          1.33     1.47    -0.13  2.00e-02  4.46e+01   6.7*sigma
   0  16    A  P
   0  16    A  OP2         1.49     1.62    -0.13  2.00e-02  4.45e+01   6.7*sigma
   0  30    G  P
   0  30    G  OP2         1.49     1.62    -0.13  2.00e-02  4.39e+01   6.6*sigma
   0  52    A  C2
   0  52    A  N3          1.33     1.46    -0.13  2.00e-02  4.38e+01   6.6*sigma
   0  54    C  P
   0  54    C  OP1         1.49     1.35     0.13  2.00e-02  4.38e+01   6.6*sigma
   0  54    C  C4'
   0  54    C  O4'         1.45     1.55    -0.10  1.50e-02  4.34e+01   6.6*sigma
   0   1    C  C4
   0   1    C  C5          1.43     1.56    -0.13  2.00e-02  4.34e+01   6.6*sigma
   0  52    A  C5
   0  52    A  C6          1.41     1.27     0.13  2.00e-02  4.34e+01   6.6*sigma
   0  31    A  N9
   0  31    A  C4          1.37     1.51    -0.13  2.00e-02  4.31e+01   6.6*sigma
   0   4    A  C5
   0   4    A  C6          1.41     1.28     0.13  2.00e-02  4.28e+01   6.5*sigma
   0  40    G  N3
   0  40    G  C4          1.35     1.48    -0.13  2.00e-02  4.26e+01   6.5*sigma
   0  35    C  P
   0  35    C  OP2         1.49     1.35     0.13  2.00e-02  4.25e+01   6.5*sigma
   0  18    G  P
   0  18    G  OP2         1.49     1.62    -0.13  2.00e-02  4.24e+01   6.5*sigma
   0  45    A  C3'
   0  45    A  O3'         1.42     1.51    -0.10  1.50e-02  4.24e+01   6.5*sigma
   0  21    U  C4
   0  21    U  O4          1.23     1.36    -0.13  2.00e-02  4.23e+01   6.5*sigma
   0  44    G  O4'
   0  44    G  C1'         1.41     1.51    -0.10  1.50e-02  4.20e+01   6.5*sigma
   0  12    A  C5
   0  12    A  C6          1.41     1.28     0.13  2.00e-02  4.20e+01   6.5*sigma
   0   7    C  C4
   0   7    C  N4          1.33     1.21     0.13  2.00e-02  4.18e+01   6.5*sigma
   0  54    C  N1
   0  54    C  C2          1.40     1.53    -0.13  2.00e-02  4.18e+01   6.5*sigma
   0  24    G  N3
   0  24    G  C4          1.35     1.48    -0.13  2.00e-02  4.15e+01   6.4*sigma
   0  28    C  C3'
   0  28    C  C2'         1.52     1.62    -0.10  1.50e-02  4.15e+01   6.4*sigma
   0  27    C  C2'
   0  27    C  C1'         1.53     1.43     0.10  1.50e-02  4.12e+01   6.4*sigma
   0  49    U  C2
   0  49    U  N3          1.37     1.50    -0.13  2.00e-02  4.12e+01   6.4*sigma
   0  55    G  N7
   0  55    G  C5          1.39     1.52    -0.13  2.00e-02  4.11e+01   6.4*sigma
   0  34    G  N7
   0  34    G  C5          1.39     1.52    -0.13  2.00e-02  4.10e+01   6.4*sigma
   0   9    C  O5'
   0   9    C  C5'         1.42     1.32     0.10  1.50e-02  4.09e+01   6.4*sigma
   0  19    C  N3
   0  19    C  C4          1.33     1.46    -0.13  2.00e-02  4.07e+01   6.4*sigma
   0  26    A  C3'
   0  26    A  C2'         1.52     1.43     0.10  1.50e-02  4.05e+01   6.4*sigma
   0  36    U  N3
   0  36    U  C4          1.38     1.25     0.13  2.00e-02  4.05e+01   6.4*sigma
   0  49    U  C2'
   0  49    U  O2'         1.42     1.52    -0.10  1.50e-02  4.04e+01   6.4*sigma
   0  11    G  O5'
   0  11    G  C5'         1.42     1.51    -0.09  1.50e-02  3.99e+01   6.3*sigma
   0  23    G  C3'
   0  23    G  C2'         1.52     1.62    -0.09  1.50e-02  3.99e+01   6.3*sigma
   0  31    A  C6
   0  31    A  N1          1.35     1.48    -0.13  2.00e-02  3.98e+01   6.3*sigma
   0  35    C  O5'
   0  35    C  C5'         1.42     1.33     0.09  1.50e-02  3.95e+01   6.3*sigma
   0  26    A  P
   0  26    A  OP2         1.49     1.61    -0.13  2.00e-02  3.92e+01   6.3*sigma
   0  33    C  P
   0  33    C  OP1         1.49     1.36     0.13  2.00e-02  3.91e+01   6.3*sigma
   0  27    C  C2
   0  27    C  O2          1.24     1.36    -0.12  2.00e-02  3.90e+01   6.2*sigma
   0  58    C  C3'
   0  58    C  O3'         1.42     1.51    -0.09  1.50e-02  3.86e+01   6.2*sigma
   0  58    C  P
   0  58    C  OP1         1.49     1.36     0.12  2.00e-02  3.85e+01   6.2*sigma
   0  44    G  C2
   0  44    G  N2          1.34     1.22     0.12  2.00e-02  3.85e+01   6.2*sigma
   0  53    C  C2'
   0  53    C  C1'         1.53     1.44     0.09  1.50e-02  3.82e+01   6.2*sigma
   0  16    A  C5
   0  16    A  C4          1.38     1.26     0.12  2.00e-02  3.81e+01   6.2*sigma
   0  40    G  O4'
   0  40    G  C1'         1.41     1.50    -0.09  1.50e-02  3.80e+01   6.2*sigma
   0  24    G  O3'
   0  25    C  P           1.61     1.51     0.09  1.50e-02  3.79e+01   6.2*sigma
   0   7    C  C1'
   0   7    C  N1          1.48     1.39     0.09  1.50e-02  3.73e+01   6.1*sigma
   0  56    U  P
   0  56    U  OP1         1.49     1.36     0.12  2.00e-02  3.72e+01   6.1*sigma
   0  34    G  C5
   0  34    G  C4          1.38     1.50    -0.12  2.00e-02  3.72e+01   6.1*sigma
   0  37    C  C2
   0  37    C  O2          1.24     1.12     0.12  2.00e-02  3.70e+01   6.1*sigma
   0  11    G  C6
   0  11    G  N1          1.39     1.51    -0.12  2.00e-02  3.69e+01   6.1*sigma
   0  40    G  C5
   0  40    G  C4          1.38     1.50    -0.12  2.00e-02  3.67e+01   6.1*sigma
   0  22    C  P
   0  22    C  OP1         1.49     1.36     0.12  2.00e-02  3.62e+01   6.0*sigma
   0   4    A  O5'
   0   4    A  C5'         1.42     1.51    -0.09  1.50e-02  3.61e+01   6.0*sigma
   0  45    A  N1
   0  45    A  C2          1.34     1.22     0.12  2.00e-02  3.60e+01   6.0*sigma
   0  16    A  N1
   0  16    A  C2          1.34     1.22     0.12  2.00e-02  3.56e+01   6.0*sigma
   0  48    G  O4'
   0  48    G  C1'         1.41     1.32     0.09  1.50e-02  3.53e+01   5.9*sigma
   0  24    G  C2'
   0  24    G  O2'         1.42     1.51    -0.09  1.50e-02  3.49e+01   5.9*sigma
   0  18    G  C2'
   0  18    G  O2'         1.42     1.51    -0.09  1.50e-02  3.47e+01   5.9*sigma
   0  32    A  C6
   0  32    A  N6          1.33     1.45    -0.12  2.00e-02  3.47e+01   5.9*sigma
   0  41    G  O4'
   0  41    G  C1'         1.41     1.50    -0.09  1.50e-02  3.46e+01   5.9*sigma
   0  23    G  O3'
   0  24    G  P           1.61     1.52     0.09  1.50e-02  3.45e+01   5.9*sigma
   0  46    A  N9
   0  46    A  C4          1.37     1.49    -0.12  2.00e-02  3.44e+01   5.9*sigma
   0  41    G  P
   0  41    G  OP1         1.49     1.60    -0.12  2.00e-02  3.43e+01   5.9*sigma
   0  18    G  C3'
   0  18    G  O3'         1.42     1.33     0.09  1.50e-02  3.41e+01   5.8*sigma
   0   7    C  C3'
   0   7    C  O3'         1.42     1.33     0.09  1.50e-02  3.40e+01   5.8*sigma
   0  32    A  C6
   0  32    A  N1          1.35     1.47    -0.12  2.00e-02  3.40e+01   5.8*sigma
   0  29    U  C4'
   0  29    U  C3'         1.52     1.61    -0.09  1.50e-02  3.39e+01   5.8*sigma
   0  27    C  C1'
   0  27    C  N1          1.48     1.57    -0.09  1.50e-02  3.38e+01   5.8*sigma
   0  58    C  C2
   0  58    C  O2          1.24     1.12     0.12  2.00e-02  3.37e+01   5.8*sigma
   0  27    C  C3'
   0  27    C  O3'         1.42     1.33     0.09  1.50e-02  3.35e+01   5.8*sigma
   0  19    C  O5'
   0  19    C  C5'         1.42     1.33     0.09  1.50e-02  3.35e+01   5.8*sigma
   0  19    C  C4
   0  19    C  N4          1.33     1.22     0.12  2.00e-02  3.34e+01   5.8*sigma
   0  30    G  C4'
   0  30    G  O4'         1.45     1.54    -0.09  1.50e-02  3.33e+01   5.8*sigma
   0  19    C  P
   0  19    C  O5'         1.59     1.51     0.09  1.50e-02  3.32e+01   5.8*sigma
   0  22    C  O5'
   0  22    C  C5'         1.42     1.51    -0.09  1.50e-02  3.31e+01   5.7*sigma
   0  21    U  C1'
   0  21    U  N1          1.48     1.57    -0.09  1.50e-02  3.30e+01   5.7*sigma
   0  41    G  N3
   0  41    G  C4          1.35     1.46    -0.11  2.00e-02  3.27e+01   5.7*sigma
   0  48    G  C3'
   0  48    G  C2'         1.52     1.61    -0.09  1.50e-02  3.27e+01   5.7*sigma
   0  22    C  C4'
   0  22    C  O4'         1.45     1.37     0.09  1.50e-02  3.26e+01   5.7*sigma
   0  12    A  P
   0  12    A  OP2         1.49     1.60    -0.11  2.00e-02  3.22e+01   5.7*sigma
   0   2    G  N7
   0   2    G  C5          1.39     1.50    -0.11  2.00e-02  3.21e+01   5.7*sigma
   0  37    C  N1
   0  37    C  C2          1.40     1.51    -0.11  2.00e-02  3.21e+01   5.7*sigma
   0  23    G  C2
   0  23    G  N2          1.34     1.45    -0.11  2.00e-02  3.20e+01   5.7*sigma
   0  13    C  O5'
   0  13    C  C5'         1.42     1.34     0.08  1.50e-02  3.09e+01   5.6*sigma
   0  37    C  C3'
   0  37    C  C2'         1.52     1.61    -0.08  1.50e-02  3.06e+01   5.5*sigma
   0   2    G  C2'
   0   2    G  O2'         1.42     1.50    -0.08  1.50e-02  3.02e+01   5.5*sigma
   0   3    C  C2'
   0   3    C  O2'         1.42     1.50    -0.08  1.50e-02  3.01e+01   5.5*sigma
   0  32    A  C2'
   0  32    A  O2'         1.42     1.34     0.08  1.50e-02  2.97e+01   5.5*sigma
   0  46    A  C2'
   0  46    A  C1'         1.53     1.45     0.08  1.50e-02  2.96e+01   5.4*sigma
   0   9    C  C4'
   0   9    C  C3'         1.52     1.44     0.08  1.50e-02  2.95e+01   5.4*sigma
   0  45    A  C5
   0  45    A  C4          1.38     1.27     0.11  2.00e-02  2.95e+01   5.4*sigma
   0  30    G  C6
   0  30    G  N1          1.39     1.50    -0.11  2.00e-02  2.94e+01   5.4*sigma
   0   2    G  C6
   0   2    G  N1          1.39     1.50    -0.11  2.00e-02  2.94e+01   5.4*sigma
   0  37    C  O5'
   0  37    C  C5'         1.42     1.34     0.08  1.50e-02  2.89e+01   5.4*sigma
   0  21    U  C2
   0  21    U  O2          1.22     1.11     0.11  2.00e-02  2.86e+01   5.4*sigma
   0   4    A  C6
   0   4    A  N6          1.33     1.23     0.11  2.00e-02  2.84e+01   5.3*sigma
   0  31    A  C4'
   0  31    A  C3'         1.52     1.44     0.08  1.50e-02  2.84e+01   5.3*sigma
   0  26    A  N1
   0  26    A  C2          1.34     1.23     0.11  2.00e-02  2.82e+01   5.3*sigma
   0   3    C  O5'
   0   3    C  C5'         1.42     1.34     0.08  1.50e-02  2.80e+01   5.3*sigma
   0  48    G  C2
   0  48    G  N2          1.34     1.24     0.11  2.00e-02  2.79e+01   5.3*sigma
   0  29    U  O5'
   0  29    U  C5'         1.42     1.50    -0.08  1.50e-02  2.79e+01   5.3*sigma
   0  58    C  C3'
   0  58    C  C2'         1.52     1.60    -0.08  1.50e-02  2.76e+01   5.3*sigma
   0  20    C  P
   0  20    C  O5'         1.59     1.51     0.08  1.50e-02  2.76e+01   5.3*sigma
   0  41    G  C2
   0  41    G  N3          1.32     1.43    -0.10  2.00e-02  2.71e+01   5.2*sigma
   0  43    G  O4'
   0  43    G  C1'         1.41     1.33     0.08  1.50e-02  2.69e+01   5.2*sigma
   0  57    C  O5'
   0  57    C  C5'         1.42     1.34     0.08  1.50e-02  2.68e+01   5.2*sigma
   0  16    A  C5
   0  16    A  C6          1.41     1.30     0.10  2.00e-02  2.67e+01   5.2*sigma
   0  28    C  C2
   0  28    C  O2          1.24     1.34    -0.10  2.00e-02  2.67e+01   5.2*sigma
   0  11    G  N3
   0  11    G  C4          1.35     1.45    -0.10  2.00e-02  2.62e+01   5.1*sigma
   0  52    A  C1'
   0  52    A  N9          1.48     1.40     0.08  1.50e-02  2.62e+01   5.1*sigma
   0  54    C  C5
   0  54    C  C6          1.34     1.44    -0.10  2.00e-02  2.61e+01   5.1*sigma
   0  19    C  P
   0  19    C  OP2         1.49     1.38     0.10  2.00e-02  2.61e+01   5.1*sigma
   0  33    C  N3
   0  33    C  C4          1.33     1.44    -0.10  2.00e-02  2.58e+01   5.1*sigma
   0  29    U  C4'
   0  29    U  O4'         1.45     1.53    -0.08  1.50e-02  2.54e+01   5.0*sigma
   0  12    A  N9
   0  12    A  C4          1.37     1.47    -0.10  2.00e-02  2.54e+01   5.0*sigma
   0  14    U  C4
   0  14    U  O4          1.23     1.33    -0.10  2.00e-02  2.54e+01   5.0*sigma
   0  15    G  N3
   0  15    G  C4          1.35     1.45    -0.10  2.00e-02  2.49e+01   5.0*sigma
   0  36    U  C2
   0  36    U  N3          1.37     1.47    -0.10  2.00e-02  2.48e+01   5.0*sigma
   0  56    U  C5
   0  56    U  C6          1.34     1.24     0.10  2.00e-02  2.47e+01   5.0*sigma
   0  13    C  C2'
   0  13    C  O2'         1.42     1.49    -0.07  1.50e-02  2.47e+01   5.0*sigma
   0  34    G  C4'
   0  34    G  O4'         1.45     1.53    -0.07  1.50e-02  2.44e+01   4.9*sigma
   0   8    U  C5
   0   8    U  C6          1.34     1.44    -0.10  2.00e-02  2.41e+01   4.9*sigma
   0  43    G  C1'
   0  43    G  N9          1.48     1.55    -0.07  1.50e-02  2.39e+01   4.9*sigma
   0  48    G  N3
   0  48    G  C4          1.35     1.45    -0.10  2.00e-02  2.39e+01   4.9*sigma
   0  46    A  O5'
   0  46    A  C5'         1.42     1.49    -0.07  1.50e-02  2.37e+01   4.9*sigma
   0  27    C  C4
   0  27    C  N4          1.33     1.24     0.10  2.00e-02  2.37e+01   4.9*sigma
   0  18    G  C2
   0  18    G  N2          1.34     1.44    -0.10  2.00e-02  2.36e+01   4.9*sigma
   0  12    A  O5'
   0  12    A  C5'         1.42     1.49    -0.07  1.50e-02  2.35e+01   4.8*sigma
   0   2    G  O3'
   0   3    C  P           1.61     1.53     0.07  1.50e-02  2.35e+01   4.8*sigma
   0  30    G  C2'
   0  30    G  O2'         1.42     1.35     0.07  1.50e-02  2.33e+01   4.8*sigma
   0  20    C  O3'
   0  21    U  P           1.61     1.68    -0.07  1.50e-02  2.31e+01   4.8*sigma
   0  51    U  C2
   0  51    U  O2          1.22     1.31    -0.10  2.00e-02  2.29e+01   4.8*sigma
   0  29    U  N3
   0  29    U  C4          1.38     1.48    -0.10  2.00e-02  2.29e+01   4.8*sigma
   0  10    G  N3
   0  10    G  C4          1.35     1.45    -0.10  2.00e-02  2.28e+01   4.8*sigma
   0  51    U  O5'
   0  51    U  C5'         1.42     1.49    -0.07  1.50e-02  2.26e+01   4.8*sigma
   0  34    G  O4'
   0  34    G  C1'         1.41     1.48    -0.07  1.50e-02  2.25e+01   4.7*sigma
   0  48    G  N7
   0  48    G  C5          1.39     1.48    -0.09  2.00e-02  2.25e+01   4.7*sigma
   0  26    A  N3
   0  26    A  C4          1.34     1.25     0.09  2.00e-02  2.24e+01   4.7*sigma
   0   6    A  N3
   0   6    A  C4          1.34     1.25     0.09  2.00e-02  2.23e+01   4.7*sigma
   0  12    A  C6
   0  12    A  N6          1.33     1.24     0.09  2.00e-02  2.22e+01   4.7*sigma
   0  49    U  C4
   0  49    U  O4          1.23     1.33    -0.09  2.00e-02  2.21e+01   4.7*sigma
   0  49    U  C1'
   0  49    U  N1          1.48     1.55    -0.07  1.50e-02  2.21e+01   4.7*sigma
   0  43    G  C4'
   0  43    G  O4'         1.45     1.52    -0.07  1.50e-02  2.20e+01   4.7*sigma
   0  28    C  C4
   0  28    C  N4          1.33     1.43    -0.09  2.00e-02  2.17e+01   4.7*sigma
   0  35    C  C5
   0  35    C  C6          1.34     1.43    -0.09  2.00e-02  2.13e+01   4.6*sigma
   0  18    G  N3
   0  18    G  C4          1.35     1.44    -0.09  2.00e-02  2.13e+01   4.6*sigma
   0  38    C  C5'
   0  38    C  C4'         1.51     1.60    -0.09  2.00e-02  2.13e+01   4.6*sigma
   0   4    A  C3'
   0   4    A  O3'         1.42     1.35     0.07  1.50e-02  2.13e+01   4.6*sigma
   0  36    U  O3'
   0  37    C  P           1.61     1.54     0.07  1.50e-02  2.12e+01   4.6*sigma
   0  27    C  O5'
   0  27    C  C5'         1.42     1.35     0.07  1.50e-02  2.10e+01   4.6*sigma
   0  52    A  C6
   0  52    A  N1          1.35     1.26     0.09  2.00e-02  2.09e+01   4.6*sigma
   0  53    C  N1
   0  53    C  C2          1.40     1.31     0.09  2.00e-02  2.09e+01   4.6*sigma
   0   3    C  C1'
   0   3    C  N1          1.48     1.41     0.07  1.50e-02  2.08e+01   4.6*sigma
   0  34    G  C2
   0  34    G  N2          1.34     1.43    -0.09  2.00e-02  2.03e+01   4.5*sigma
   0   5    C  C3'
   0   5    C  C2'         1.52     1.46     0.07  1.50e-02  2.03e+01   4.5*sigma
   0  23    G  C2'
   0  23    G  O2'         1.42     1.49    -0.07  1.50e-02  2.02e+01   4.5*sigma
   0  36    U  N1
   0  36    U  C2          1.38     1.47    -0.09  2.00e-02  2.02e+01   4.5*sigma
   0   2    G  O4'
   0   2    G  C1'         1.41     1.48    -0.07  1.50e-02  2.02e+01   4.5*sigma
   0  36    U  C4'
   0  36    U  O4'         1.45     1.52    -0.07  1.50e-02  1.98e+01   4.4*sigma
   0  25    C  C2
   0  25    C  N3          1.35     1.44    -0.09  2.00e-02  1.96e+01   4.4*sigma
   0  53    C  C4'
   0  53    C  O4'         1.45     1.38     0.07  1.50e-02  1.94e+01   4.4*sigma
   0  52    A  P
   0  52    A  OP2         1.49     1.57    -0.09  2.00e-02  1.93e+01   4.4*sigma
   0   2    G  C4'
   0   2    G  O4'         1.45     1.52    -0.07  1.50e-02  1.90e+01   4.4*sigma
   0  23    G  N3
   0  23    G  C4          1.35     1.44    -0.09  2.00e-02  1.89e+01   4.4*sigma
   0  31    A  C3'
   0  31    A  C2'         1.52     1.46     0.06  1.50e-02  1.85e+01   4.3*sigma
   0   3    C  C2
   0   3    C  N3          1.35     1.44    -0.09  2.00e-02  1.83e+01   4.3*sigma
   0   9    C  O4'
   0   9    C  C1'         1.41     1.48    -0.06  1.50e-02  1.81e+01   4.3*sigma
   0  37    C  C2
   0  37    C  N3          1.35     1.44    -0.08  2.00e-02  1.80e+01   4.2*sigma
   0   5    C  C5
   0   5    C  C6          1.34     1.42    -0.08  2.00e-02  1.79e+01   4.2*sigma
   0  43    G  C2
   0  43    G  N2          1.34     1.26     0.08  2.00e-02  1.79e+01   4.2*sigma
   0  44    G  N3
   0  44    G  C4          1.35     1.43    -0.08  2.00e-02  1.78e+01   4.2*sigma
   0  43    G  N3
   0  43    G  C4          1.35     1.43    -0.08  2.00e-02  1.77e+01   4.2*sigma
   0  26    A  C5
   0  26    A  C6          1.41     1.32     0.08  2.00e-02  1.75e+01   4.2*sigma
   0  29    U  C4
   0  29    U  C5          1.43     1.51    -0.08  2.00e-02  1.75e+01   4.2*sigma
   0  39    C  C1'
   0  39    C  N1          1.48     1.54    -0.06  1.50e-02  1.73e+01   4.2*sigma
   0  39    C  C3'
   0  39    C  C2'         1.52     1.59    -0.06  1.50e-02  1.72e+01   4.2*sigma
   0  52    A  C4'
   0  52    A  C3'         1.52     1.46     0.06  1.50e-02  1.72e+01   4.1*sigma
   0  30    G  O3'
   0  31    A  P           1.61     1.54     0.06  1.50e-02  1.72e+01   4.1*sigma
   0   8    U  C4
   0   8    U  O4          1.23     1.31    -0.08  2.00e-02  1.69e+01   4.1*sigma
   0  55    G  N3
   0  55    G  C4          1.35     1.43    -0.08  2.00e-02  1.69e+01   4.1*sigma
   0   5    C  C2
   0   5    C  N3          1.35     1.44    -0.08  2.00e-02  1.69e+01   4.1*sigma
   0  40    G  C2
   0  40    G  N3          1.32     1.40    -0.08  2.00e-02  1.68e+01   4.1*sigma
   0  28    C  C3'
   0  28    C  O3'         1.42     1.36     0.06  1.50e-02  1.67e+01   4.1*sigma
   0  47    U  C2
   0  47    U  N3          1.37     1.45    -0.08  2.00e-02  1.67e+01   4.1*sigma
   0  37    C  C5
   0  37    C  C6          1.34     1.42    -0.08  2.00e-02  1.67e+01   4.1*sigma
   0  37    C  C1'
   0  37    C  N1          1.48     1.54    -0.06  1.50e-02  1.66e+01   4.1*sigma
   0  45    A  C2'
   0  45    A  C1'         1.53     1.47     0.06  1.50e-02  1.66e+01   4.1*sigma
   0  49    U  N1
   0  49    U  C2          1.38     1.46    -0.08  2.00e-02  1.64e+01   4.0*sigma
   0  40    G  C1'
   0  40    G  N9          1.48     1.41     0.06  1.50e-02  1.63e+01   4.0*sigma
   0  50    U  C2
   0  50    U  N3          1.37     1.45    -0.08  2.00e-02  1.62e+01   4.0*sigma
   0  48    G  O3'
   0  49    U  P           1.61     1.55     0.06  1.50e-02  1.61e+01   4.0*sigma
   0  58    C  C4
   0  58    C  N4          1.33     1.42    -0.08  2.00e-02  1.61e+01   4.0*sigma
   0  38    C  C2
   0  38    C  N3          1.35     1.43    -0.08  2.00e-02  1.61e+01   4.0*sigma
   0   7    C  C2'
   0   7    C  C1'         1.53     1.47     0.06  1.50e-02  1.61e+01   4.0*sigma

  Min. delta:    0.000 (Z=  0.002)
  Max. delta:    1.337 (Z= 89.133)
  Mean delta:    0.245 (Z= 14.488)

                        ----------Bond angles----------                        

  atoms                   ideal    model    delta   sigma  residual   deviation
   0  49    U  O3'
   0  50    U  P
   0  50    U  O5'       104.00    19.56    84.44  1.50e+00  3.17e+03  56.3*sigma
   0  40    G  O3'
   0  41    G  P
   0  41    G  O5'       104.00    32.44    71.56  1.50e+00  2.28e+03  47.7*sigma
   0   7    C  O3'
   0   8    U  P
   0   8    U  O5'       104.00    35.66    68.34  1.50e+00  2.08e+03  45.6*sigma
   0  54    C  C3'
   0  54    C  O3'
   0  55    G  P         120.20    55.10    65.10  1.50e+00  1.88e+03  43.4*sigma
   0  58    C  C4'
   0  58    C  C3'
   0  58    C  O3'       113.00   176.71   -63.71  1.50e+00  1.80e+03  42.5*sigma
   0   5    C  O3'
   0   6    A  P
   0   6    A  O5'       104.00    40.77    63.23  1.50e+00  1.78e+03  42.2*sigma
   0   6    A  O3'
   0   7    C  P
   0   7    C  O5'       104.00    41.70    62.30  1.50e+00  1.73e+03  41.5*sigma
   0  52    A  C5'
   0  52    A  C4'
   0  52    A  C3'       116.00   172.23   -56.23  1.50e+00  1.41e+03  37.5*sigma
   0  21    U  C4'
   0  21    U  C3'
   0  21    U  O3'       113.00   165.76   -52.76  1.50e+00  1.24e+03  35.2*sigma
   0   1    C  C3'
   0   1    C  O3'
   0   2    G  P         120.20   169.22   -49.02  1.50e+00  1.07e+03  32.7*sigma
   0  41    G  O3'
   0  42    U  P
   0  42    U  O5'       104.00    55.81    48.19  1.50e+00  1.03e+03  32.1*sigma
   0  14    U  O3'
   0  15    G  P
   0  15    G  O5'       104.00   151.28   -47.28  1.50e+00  9.94e+02  31.5*sigma
   0  23    G  O4'
   0  23    G  C1'
   0  23    G  N9        108.50   153.24   -44.74  1.50e+00  8.90e+02  29.8*sigma
   0  23    G  C3'
   0  23    G  O3'
   0  24    G  P         120.20   164.58   -44.38  1.50e+00  8.76e+02  29.6*sigma
   0  23    G  C5'
   0  23    G  C4'
   0  23    G  O4'       109.80   153.79   -43.99  1.50e+00  8.60e+02  29.3*sigma
   0  37    C  C3'
   0  37    C  C2'
   0  37    C  O2'       110.70   154.56   -43.86  1.50e+00  8.55e+02  29.2*sigma
   0   8    U  C3'
   0   8    U  O3'
   0   9    C  P         120.20   164.04   -43.84  1.50e+00  8.54e+02  29.2*sigma
   0  29    U  O3'
   0  30    G  P
   0  30    G  O5'       104.00   147.81   -43.81  1.50e+00  8.53e+02  29.2*sigma
   0  49    U  C4'
   0  49    U  O4'
   0  49    U  C1'       109.90    81.28    28.62  1.00e+00  8.19e+02  28.6*sigma
   0   3    C  O4'
   0   3    C  C1'
   0   3    C  N1        108.50   151.30   -42.80  1.50e+00  8.14e+02  28.5*sigma
   0  17    C  O3'
   0  18    G  P
   0  18    G  O5'       104.00   146.43   -42.43  1.50e+00  8.00e+02  28.3*sigma
   0  31    A  C5'
   0  31    A  C4'
   0  31    A  C3'       116.00   158.23   -42.23  1.50e+00  7.93e+02  28.2*sigma
   0   9    C  O4'
   0   9    C  C1'
   0   9    C  N1        108.50   150.64   -42.14  1.50e+00  7.89e+02  28.1*sigma
   0   7    C  O4'
   0   7    C  C1'
   0   7    C  N1        108.50   149.48   -40.98  1.50e+00  7.46e+02  27.3*sigma
   0  17    C  O4'
   0  17    C  C1'
   0  17    C  N1        108.50   149.20   -40.70  1.50e+00  7.36e+02  27.1*sigma
   0  53    C  C3'
   0  53    C  O3'
   0  54    C  P         120.20    79.80    40.40  1.50e+00  7.25e+02  26.9*sigma
   0  51    U  C5'
   0  51    U  C4'
   0  51    U  C3'       116.00   156.02   -40.02  1.50e+00  7.12e+02  26.7*sigma
   0  33    C  O3'
   0  34    G  P
   0  34    G  O5'       104.00   143.77   -39.77  1.50e+00  7.03e+02  26.5*sigma
   0  32    A  C5'
   0  32    A  C4'
   0  32    A  C3'       116.00   155.67   -39.67  1.50e+00  7.00e+02  26.4*sigma
   0  33    C  O4'
   0  33    C  C1'
   0  33    C  N1        108.50   148.11   -39.61  1.50e+00  6.97e+02  26.4*sigma
   0  50    U  C4'
   0  50    U  C3'
   0  50    U  O3'       113.00   152.58   -39.58  1.50e+00  6.96e+02  26.4*sigma
   0  53    C  O3'
   0  54    C  P
   0  54    C  OP1       108.00    29.07    78.93  3.00e+00  6.92e+02  26.3*sigma
   0  57    C  O4'
   0  57    C  C1'
   0  57    C  N1        108.50   147.68   -39.18  1.50e+00  6.82e+02  26.1*sigma
   0  53    C  O4'
   0  53    C  C1'
   0  53    C  N1        108.50   146.62   -38.12  1.50e+00  6.46e+02  25.4*sigma
   0  13    C  O4'
   0  13    C  C1'
   0  13    C  N1        108.50   146.53   -38.03  1.50e+00  6.43e+02  25.4*sigma
   0  42    U  O3'
   0  43    G  P
   0  43    G  O5'       104.00    66.14    37.86  1.50e+00  6.37e+02  25.2*sigma
   0  49    U  C3'
   0  49    U  O3'
   0  50    U  P         120.20    82.56    37.64  1.50e+00  6.30e+02  25.1*sigma
   0  58    C  O4'
   0  58    C  C1'
   0  58    C  N1        108.50   146.12   -37.62  1.50e+00  6.29e+02  25.1*sigma
   0  25    C  O4'
   0  25    C  C1'
   0  25    C  N1        108.50   145.36   -36.86  1.50e+00  6.04e+02  24.6*sigma
   0   3    C  C4'
   0   3    C  O4'
   0   3    C  C1'       109.90    85.53    24.37  1.00e+00  5.94e+02  24.4*sigma
   0  47    U  C3'
   0  47    U  O3'
   0  48    G  P         120.20   156.59   -36.39  1.50e+00  5.88e+02  24.3*sigma
   0   5    C  O4'
   0   5    C  C1'
   0   5    C  N1        108.50   143.79   -35.29  1.50e+00  5.53e+02  23.5*sigma
   0  51    U  O3'
   0  52    A  P
   0  52    A  OP2       108.00    37.87    70.13  3.00e+00  5.47e+02  23.4*sigma
   0   8    U  O4'
   0   8    U  C1'
   0   8    U  N1        108.50   143.39   -34.89  1.50e+00  5.41e+02  23.3*sigma
   0  19    C  O4'
   0  19    C  C1'
   0  19    C  N1        108.50   143.36   -34.86  1.50e+00  5.40e+02  23.2*sigma
   0  39    C  C3'
   0  39    C  C2'
   0  39    C  O2'       110.70   145.33   -34.63  1.50e+00  5.33e+02  23.1*sigma
   0  19    C  C4'
   0  19    C  O4'
   0  19    C  C1'       109.90    87.01    22.89  1.00e+00  5.24e+02  22.9*sigma
   0  23    G  C4'
   0  23    G  C3'
   0  23    G  O3'       113.00   147.32   -34.32  1.50e+00  5.23e+02  22.9*sigma
   0  54    C  O3'
   0  55    G  P
   0  55    G  O5'       104.00    69.91    34.09  1.50e+00  5.16e+02  22.7*sigma
   0  21    U  C4'
   0  21    U  O4'
   0  21    U  C1'       109.90    87.32    22.58  1.00e+00  5.10e+02  22.6*sigma
   0  35    C  C4'
   0  35    C  O4'
   0  35    C  C1'       109.90    87.32    22.58  1.00e+00  5.10e+02  22.6*sigma
   0   7    C  C4'
   0   7    C  O4'
   0   7    C  C1'       109.90    87.32    22.58  1.00e+00  5.10e+02  22.6*sigma
   0  20    C  O4'
   0  20    C  C1'
   0  20    C  N1        108.50   142.32   -33.82  1.50e+00  5.08e+02  22.5*sigma
   0  57    C  C4'
   0  57    C  O4'
   0  57    C  C1'       109.90    87.37    22.53  1.00e+00  5.07e+02  22.5*sigma
   0  58    C  C4'
   0  58    C  O4'
   0  58    C  C1'       109.90    87.43    22.47  1.00e+00  5.05e+02  22.5*sigma
   0  28    C  C4'
   0  28    C  O4'
   0  28    C  C1'       109.90    87.58    22.32  1.00e+00  4.98e+02  22.3*sigma
   0  27    C  C5'
   0  27    C  C4'
   0  27    C  C3'       116.00   149.37   -33.37  1.50e+00  4.95e+02  22.2*sigma
   0  27    C  O4'
   0  27    C  C1'
   0  27    C  N1        108.50   141.60   -33.10  1.50e+00  4.87e+02  22.1*sigma
   0  32    A  O4'
   0  32    A  C1'
   0  32    A  C2'       107.60   129.47   -21.87  1.00e+00  4.78e+02  21.9*sigma
   0  22    C  C2'
   0  22    C  C1'
   0  22    C  N1        114.00   146.74   -32.74  1.50e+00  4.76e+02  21.8*sigma
   0  50    U  O3'
   0  51    U  P
   0  51    U  OP1       108.00   173.07   -65.07  3.00e+00  4.70e+02  21.7*sigma
   0   2    G  C5'
   0   2    G  C4'
   0   2    G  O4'       109.80   142.11   -32.31  1.50e+00  4.64e+02  21.5*sigma
   0   1    C  O4'
   0   1    C  C1'
   0   1    C  N1        108.50   140.75   -32.25  1.50e+00  4.62e+02  21.5*sigma
   0  43    G  C5'
   0  43    G  C4'
   0  43    G  O4'       109.80   142.00   -32.20  1.50e+00  4.61e+02  21.5*sigma
   0  16    A  C5'
   0  16    A  C4'
   0  16    A  C3'       116.00   148.08   -32.08  1.50e+00  4.57e+02  21.4*sigma
   0  54    C  C4'
   0  54    C  O4'
   0  54    C  C1'       109.90    88.58    21.32  1.00e+00  4.55e+02  21.3*sigma
   0  20    C  C4'
   0  20    C  O4'
   0  20    C  C1'       109.90    88.58    21.32  1.00e+00  4.54e+02  21.3*sigma
   0  28    C  O4'
   0  28    C  C1'
   0  28    C  N1        108.50   140.41   -31.91  1.50e+00  4.52e+02  21.3*sigma
   0  16    A  O4'
   0  16    A  C1'
   0  16    A  C2'       107.60   128.80   -21.20  1.00e+00  4.49e+02  21.2*sigma
   0  28    C  C3'
   0  28    C  O3'
   0  29    U  P         120.20   151.94   -31.74  1.50e+00  4.48e+02  21.2*sigma
   0  32    A  C4'
   0  32    A  C3'
   0  32    A  C2'       102.60   123.75   -21.15  1.00e+00  4.47e+02  21.1*sigma
   0  47    U  O4'
   0  47    U  C1'
   0  47    U  N1        108.50   139.97   -31.47  1.50e+00  4.40e+02  21.0*sigma
   0  35    C  O4'
   0  35    C  C1'
   0  35    C  N1        108.50   139.96   -31.46  1.50e+00  4.40e+02  21.0*sigma
   0  21    U  C4'
   0  21    U  C3'
   0  21    U  C2'       102.60    81.74    20.86  1.00e+00  4.35e+02  20.9*sigma
   0  10    G  C5'
   0  10    G  C4'
   0  10    G  O4'       109.80   140.95   -31.15  1.50e+00  4.31e+02  20.8*sigma
   0   5    C  C4'
   0   5    C  O4'
   0   5    C  C1'       109.90    89.14    20.76  1.00e+00  4.31e+02  20.8*sigma
   0  33    C  C4'
   0  33    C  O4'
   0  33    C  C1'       109.90    89.16    20.74  1.00e+00  4.30e+02  20.7*sigma
   0  55    G  P
   0  55    G  O5'
   0  55    G  C5'       120.90   151.94   -31.04  1.50e+00  4.28e+02  20.7*sigma
   0   9    C  C4'
   0   9    C  O4'
   0   9    C  C1'       109.90    89.26    20.64  1.00e+00  4.26e+02  20.6*sigma
   0   5    C  C5'
   0   5    C  C4'
   0   5    C  C3'       116.00   146.88   -30.88  1.50e+00  4.24e+02  20.6*sigma
   0  14    U  O4'
   0  14    U  C1'
   0  14    U  N1        108.50   139.24   -30.74  1.50e+00  4.20e+02  20.5*sigma
   0  25    C  C4'
   0  25    C  O4'
   0  25    C  C1'       109.90    89.45    20.45  1.00e+00  4.18e+02  20.5*sigma
   0   1    C  C4'
   0   1    C  C3'
   0   1    C  O3'       113.00   143.61   -30.61  1.50e+00  4.16e+02  20.4*sigma
   0   1    C  C4'
   0   1    C  O4'
   0   1    C  C1'       109.90    89.62    20.28  1.00e+00  4.11e+02  20.3*sigma
   0  29    U  O4'
   0  29    U  C1'
   0  29    U  N1        108.50   138.70   -30.20  1.50e+00  4.05e+02  20.1*sigma
   0  36    U  C5'
   0  36    U  C4'
   0  36    U  C3'       116.00   146.01   -30.01  1.50e+00  4.00e+02  20.0*sigma
   0  37    C  C4'
   0  37    C  O4'
   0  37    C  C1'       109.90    89.93    19.97  1.00e+00  3.99e+02  20.0*sigma
   0  39    C  C4'
   0  39    C  O4'
   0  39    C  C1'       109.90    89.99    19.91  1.00e+00  3.97e+02  19.9*sigma
   0  39    C  O4'
   0  39    C  C1'
   0  39    C  N1        108.50   138.08   -29.58  1.50e+00  3.89e+02  19.7*sigma
   0  28    C  O3'
   0  29    U  P
   0  29    U  OP1       108.00   166.96   -58.96  3.00e+00  3.86e+02  19.7*sigma
   0   2    G  P
   0   2    G  O5'
   0   2    G  C5'       120.90   150.26   -29.36  1.50e+00  3.83e+02  19.6*sigma
   0  40    G  C5'
   0  40    G  C4'
   0  40    G  O4'       109.80   139.09   -29.29  1.50e+00  3.81e+02  19.5*sigma
   0  27    C  C3'
   0  27    C  O3'
   0  28    C  P         120.20   149.41   -29.21  1.50e+00  3.79e+02  19.5*sigma
   0   6    A  C4'
   0   6    A  C3'
   0   6    A  O3'       113.00   142.06   -29.06  1.50e+00  3.75e+02  19.4*sigma
   0  48    G  C5'
   0  48    G  C4'
   0  48    G  O4'       109.80   138.82   -29.02  1.50e+00  3.74e+02  19.3*sigma
   0  56    U  O5'
   0  56    U  C5'
   0  56    U  C4'       111.50   140.47   -28.97  1.50e+00  3.73e+02  19.3*sigma
   0  17    C  C4'
   0  17    C  C3'
   0  17    C  O3'       113.00   141.78   -28.78  1.50e+00  3.68e+02  19.2*sigma
   0  37    C  O4'
   0  37    C  C1'
   0  37    C  N1        108.50   137.19   -28.69  1.50e+00  3.66e+02  19.1*sigma
   0  44    G  C4'
   0  44    G  C3'
   0  44    G  O3'       113.00   141.66   -28.66  1.50e+00  3.65e+02  19.1*sigma
   0  45    A  C3'
   0  45    A  C2'
   0  45    A  O2'       110.70   139.10   -28.40  1.50e+00  3.58e+02  18.9*sigma
   0   3    C  O4'
   0   3    C  C1'
   0   3    C  C2'       107.60    88.69    18.91  1.00e+00  3.58e+02  18.9*sigma
   0  37    C  O3'
   0  38    C  P
   0  38    C  OP2       108.00    51.32    56.68  3.00e+00  3.57e+02  18.9*sigma
   0  50    U  C4'
   0  50    U  O4'
   0  50    U  C1'       109.90    91.07    18.83  1.00e+00  3.55e+02  18.8*sigma
   0  56    U  O4'
   0  56    U  C1'
   0  56    U  N1        108.50   136.69   -28.19  1.50e+00  3.53e+02  18.8*sigma
   0   1    C  O3'
   0   2    G  P
   0   2    G  OP1       108.00   164.06   -56.06  3.00e+00  3.49e+02  18.7*sigma
   0  52    A  C4'
   0  52    A  C3'
   0  52    A  O3'       113.00   141.00   -28.00  1.50e+00  3.48e+02  18.7*sigma
   0  24    G  O4'
   0  24    G  C1'
   0  24    G  N9        108.50   136.50   -28.00  1.50e+00  3.48e+02  18.7*sigma
   0  18    G  C4'
   0  18    G  C3'
   0  18    G  O3'       113.00   140.97   -27.97  1.50e+00  3.48e+02  18.6*sigma
   0  48    G  O3'
   0  49    U  P
   0  49    U  O5'       104.00    76.08    27.92  1.50e+00  3.46e+02  18.6*sigma
   0  23    G  O3'
   0  24    G  P
   0  24    G  OP1       108.00   163.58   -55.58  3.00e+00  3.43e+02  18.5*sigma
   0  22    C  O3'
   0  23    G  P
   0  23    G  OP2       108.00    52.42    55.58  3.00e+00  3.43e+02  18.5*sigma
   0  51    U  O4'
   0  51    U  C1'
   0  51    U  N1        108.50   136.13   -27.63  1.50e+00  3.39e+02  18.4*sigma
   0  50    U  O4'
   0  50    U  C1'
   0  50    U  N1        108.50   136.13   -27.63  1.50e+00  3.39e+02  18.4*sigma
   0  48    G  P
   0  48    G  O5'
   0  48    G  C5'       120.90   148.50   -27.60  1.50e+00  3.39e+02  18.4*sigma
   0  22    C  O3'
   0  23    G  P
   0  23    G  O5'       104.00   131.52   -27.52  1.50e+00  3.36e+02  18.3*sigma
   0   8    U  C5'
   0   8    U  C4'
   0   8    U  C3'       116.00   143.47   -27.47  1.50e+00  3.35e+02  18.3*sigma
   0  58    C  C3'
   0  58    C  C2'
   0  58    C  O2'       110.70   138.10   -27.40  1.50e+00  3.34e+02  18.3*sigma
   0  42    U  C4'
   0  42    U  O4'
   0  42    U  C1'       109.90    91.71    18.19  1.00e+00  3.31e+02  18.2*sigma
   0  24    G  C5'
   0  24    G  C4'
   0  24    G  O4'       109.80   137.05   -27.25  1.50e+00  3.30e+02  18.2*sigma
   0  32    A  O4'
   0  32    A  C4'
   0  32    A  C3'       104.00    85.88    18.12  1.00e+00  3.28e+02  18.1*sigma
   0  41    G  C5'
   0  41    G  C4'
   0  41    G  O4'       109.80   136.88   -27.08  1.50e+00  3.26e+02  18.1*sigma
   0  13    C  C4'
   0  13    C  O4'
   0  13    C  C1'       109.90    91.89    18.01  1.00e+00  3.24e+02  18.0*sigma
   0  57    C  C3'
   0  57    C  C2'
   0  57    C  O2'       110.70   137.70   -27.00  1.50e+00  3.24e+02  18.0*sigma
   0  27    C  C3'
   0  27    C  C2'
   0  27    C  O2'       110.70   137.63   -26.93  1.50e+00  3.22e+02  18.0*sigma
   0  54    C  O4'
   0  54    C  C1'
   0  54    C  N1        108.50   135.20   -26.70  1.50e+00  3.17e+02  17.8*sigma
   0  17    C  C4'
   0  17    C  O4'
   0  17    C  C1'       109.90    92.11    17.79  1.00e+00  3.16e+02  17.8*sigma
   0  20    C  C4'
   0  20    C  C3'
   0  20    C  O3'       113.00   139.64   -26.64  1.50e+00  3.15e+02  17.8*sigma
   0  24    G  C4'
   0  24    G  C3'
   0  24    G  O3'       113.00   139.58   -26.58  1.50e+00  3.14e+02  17.7*sigma
   0   3    C  C5'
   0   3    C  C4'
   0   3    C  C3'       116.00   142.52   -26.52  1.50e+00  3.13e+02  17.7*sigma
   0  49    U  O4'
   0  49    U  C4'
   0  49    U  C3'       104.00   121.68   -17.68  1.00e+00  3.13e+02  17.7*sigma
   0  11    G  C5'
   0  11    G  C4'
   0  11    G  O4'       109.80   136.27   -26.47  1.50e+00  3.11e+02  17.6*sigma
   0  11    G  O4'
   0  11    G  C1'
   0  11    G  N9        108.50   134.91   -26.41  1.50e+00  3.10e+02  17.6*sigma
   0  39    C  C4'
   0  39    C  C3'
   0  39    C  O3'       113.00   139.37   -26.37  1.50e+00  3.09e+02  17.6*sigma
   0   7    C  C3'
   0   7    C  C2'
   0   7    C  O2'       110.70   137.01   -26.31  1.50e+00  3.08e+02  17.5*sigma
   0  47    U  O3'
   0  48    G  P
   0  48    G  OP1       108.00   160.49   -52.49  3.00e+00  3.06e+02  17.5*sigma
   0  37    C  O3'
   0  37    C  C3'
   0  37    C  C2'       113.70   139.85   -26.15  1.50e+00  3.04e+02  17.4*sigma
   0   2    G  O4'
   0   2    G  C1'
   0   2    G  N9        108.50   134.55   -26.05  1.50e+00  3.02e+02  17.4*sigma
   0  36    U  O4'
   0  36    U  C1'
   0  36    U  N1        108.50   134.45   -25.95  1.50e+00  2.99e+02  17.3*sigma
   0  51    U  C4'
   0  51    U  O4'
   0  51    U  C1'       109.90    92.69    17.21  1.00e+00  2.96e+02  17.2*sigma
   0   2    G  C4'
   0   2    G  C3'
   0   2    G  O3'       113.00   138.82   -25.82  1.50e+00  2.96e+02  17.2*sigma
   0  57    C  C3'
   0  57    C  C2'
   0  57    C  C1'       101.30    84.10    17.20  1.00e+00  2.96e+02  17.2*sigma
   0  29    U  C5'
   0  29    U  C4'
   0  29    U  O4'       109.80   135.54   -25.74  1.50e+00  2.94e+02  17.2*sigma
   0  26    A  C5'
   0  26    A  C4'
   0  26    A  C3'       116.00   141.66   -25.66  1.50e+00  2.93e+02  17.1*sigma
   0  42    U  O4'
   0  42    U  C1'
   0  42    U  N1        108.50   134.14   -25.64  1.50e+00  2.92e+02  17.1*sigma
   0  19    C  C4'
   0  19    C  C3'
   0  19    C  O3'       113.00   138.61   -25.61  1.50e+00  2.91e+02  17.1*sigma
   0  58    C  O3'
   0  58    C  C3'
   0  58    C  C2'       113.70    88.11    25.59  1.50e+00  2.91e+02  17.1*sigma
   0  33    C  C5'
   0  33    C  C4'
   0  33    C  C3'       116.00   141.53   -25.53  1.50e+00  2.90e+02  17.0*sigma
   0  21    U  O4'
   0  21    U  C4'
   0  21    U  C3'       104.00   121.00   -17.00  1.00e+00  2.89e+02  17.0*sigma
   0  37    C  O3'
   0  38    C  P
   0  38    C  OP1       108.00   158.86   -50.86  3.00e+00  2.87e+02  17.0*sigma
   0  23    G  OP1
   0  23    G  P
   0  23    G  OP2       119.60   170.35   -50.75  3.00e+00  2.86e+02  16.9*sigma
   0  29    U  C3'
   0  29    U  O3'
   0  30    G  P         120.20   145.53   -25.33  1.50e+00  2.85e+02  16.9*sigma
   0  36    U  C4'
   0  36    U  C3'
   0  36    U  O3'       113.00   138.07   -25.07  1.50e+00  2.79e+02  16.7*sigma
   0  12    A  O4'
   0  12    A  C4'
   0  12    A  C3'       104.00    87.31    16.69  1.00e+00  2.79e+02  16.7*sigma
   0  34    G  C4'
   0  34    G  C3'
   0  34    G  O3'       113.00   137.88   -24.88  1.50e+00  2.75e+02  16.6*sigma
   0  11    G  C4'
   0  11    G  C3'
   0  11    G  O3'       113.00   137.83   -24.83  1.50e+00  2.74e+02  16.6*sigma
   0  19    C  C5'
   0  19    C  C4'
   0  19    C  C3'       116.00   140.80   -24.80  1.50e+00  2.73e+02  16.5*sigma
   0  47    U  C4'
   0  47    U  C3'
   0  47    U  O3'       113.00   137.73   -24.73  1.50e+00  2.72e+02  16.5*sigma
   0  33    C  C4'
   0  33    C  C3'
   0  33    C  O3'       113.00   137.72   -24.72  1.50e+00  2.72e+02  16.5*sigma
   0  30    G  P
   0  30    G  O5'
   0  30    G  C5'       120.90   145.61   -24.71  1.50e+00  2.71e+02  16.5*sigma
   0  52    A  C4'
   0  52    A  C3'
   0  52    A  C2'       102.60   119.07   -16.47  1.00e+00  2.71e+02  16.5*sigma
   0  18    G  O4'
   0  18    G  C1'
   0  18    G  N9        108.50   133.17   -24.67  1.50e+00  2.70e+02  16.4*sigma
   0  44    G  C5'
   0  44    G  C4'
   0  44    G  O4'       109.80   134.46   -24.66  1.50e+00  2.70e+02  16.4*sigma
   0  48    G  C4'
   0  48    G  C3'
   0  48    G  O3'       113.00   137.65   -24.65  1.50e+00  2.70e+02  16.4*sigma
   0  27    C  C4'
   0  27    C  O4'
   0  27    C  C1'       109.90    93.52    16.38  1.00e+00  2.68e+02  16.4*sigma
   0  51    U  O3'
   0  52    A  P
   0  52    A  OP1       108.00   156.98   -48.98  3.00e+00  2.67e+02  16.3*sigma
   0  41    G  O3'
   0  42    U  P
   0  42    U  OP2       108.00   156.98   -48.98  3.00e+00  2.67e+02  16.3*sigma
   0  25    C  C5'
   0  25    C  C4'
   0  25    C  C3'       116.00   140.48   -24.48  1.50e+00  2.66e+02  16.3*sigma
   0  25    C  C4'
   0  25    C  C3'
   0  25    C  O3'       113.00   137.48   -24.48  1.50e+00  2.66e+02  16.3*sigma
   0  20    C  C5'
   0  20    C  C4'
   0  20    C  C3'       116.00   140.43   -24.43  1.50e+00  2.65e+02  16.3*sigma
   0   4    A  O3'
   0   5    C  P
   0   5    C  OP1       108.00   156.53   -48.53  3.00e+00  2.62e+02  16.2*sigma
   0  43    G  C3'
   0  43    G  C2'
   0  43    G  O2'       110.70   134.93   -24.23  1.50e+00  2.61e+02  16.2*sigma
   0  34    G  O4'
   0  34    G  C1'
   0  34    G  N9        108.50   132.71   -24.21  1.50e+00  2.60e+02  16.1*sigma
   0   8    U  C4'
   0   8    U  C3'
   0   8    U  O3'       113.00   137.16   -24.16  1.50e+00  2.59e+02  16.1*sigma
   0  56    U  C4'
   0  56    U  O4'
   0  56    U  C1'       109.90    93.86    16.04  1.00e+00  2.57e+02  16.0*sigma
   0   3    C  C4'
   0   3    C  C3'
   0   3    C  O3'       113.00   137.06   -24.06  1.50e+00  2.57e+02  16.0*sigma
   0  38    C  O5'
   0  38    C  C5'
   0  38    C  C4'       110.50   158.56   -48.06  3.00e+00  2.57e+02  16.0*sigma
   0  21    U  C3'
   0  21    U  C2'
   0  21    U  O2'       110.70   134.67   -23.97  1.50e+00  2.55e+02  16.0*sigma
   0  44    G  O4'
   0  44    G  C1'
   0  44    G  N9        108.50   132.42   -23.92  1.50e+00  2.54e+02  15.9*sigma
   0  33    C  C3'
   0  33    C  O3'
   0  34    G  P         120.20   144.11   -23.91  1.50e+00  2.54e+02  15.9*sigma
   0   4    A  C3'
   0   4    A  C2'
   0   4    A  O2'       110.70   134.51   -23.81  1.50e+00  2.52e+02  15.9*sigma
   0  37    C  C5'
   0  37    C  C4'
   0  37    C  C3'       116.00   139.77   -23.77  1.50e+00  2.51e+02  15.8*sigma
   0  23    G  O3'
   0  23    G  C3'
   0  23    G  C2'       113.70    89.94    23.76  1.50e+00  2.51e+02  15.8*sigma
   0  45    A  O3'
   0  45    A  C3'
   0  45    A  C2'       113.70   137.41   -23.71  1.50e+00  2.50e+02  15.8*sigma
   0  17    C  C5'
   0  17    C  C4'
   0  17    C  C3'       116.00   139.69   -23.69  1.50e+00  2.50e+02  15.8*sigma
   0  58    C  O5'
   0  58    C  C5'
   0  58    C  C4'       111.50   135.09   -23.59  1.50e+00  2.47e+02  15.7*sigma
   0  23    G  C3'
   0  23    G  C2'
   0  23    G  C1'       101.30    85.69    15.61  1.00e+00  2.44e+02  15.6*sigma
   0  35    C  C4'
   0  35    C  C3'
   0  35    C  O3'       113.00   136.41   -23.41  1.50e+00  2.43e+02  15.6*sigma
   0  43    G  C4'
   0  43    G  C3'
   0  43    G  O3'       113.00   136.29   -23.29  1.50e+00  2.41e+02  15.5*sigma
   0  55    G  C3'
   0  55    G  C2'
   0  55    G  O2'       110.70   133.97   -23.27  1.50e+00  2.41e+02  15.5*sigma
   0  49    U  O4'
   0  49    U  C1'
   0  49    U  N1        108.50   131.76   -23.26  1.50e+00  2.41e+02  15.5*sigma
   0  40    G  C3'
   0  40    G  C2'
   0  40    G  O2'       110.70   133.92   -23.22  1.50e+00  2.40e+02  15.5*sigma
   0  50    U  O3'
   0  51    U  P
   0  51    U  O5'       104.00    80.86    23.14  1.50e+00  2.38e+02  15.4*sigma
   0  46    A  C3'
   0  46    A  C2'
   0  46    A  O2'       110.70   133.81   -23.11  1.50e+00  2.37e+02  15.4*sigma
   0  43    G  O4'
   0  43    G  C1'
   0  43    G  N9        108.50   131.55   -23.05  1.50e+00  2.36e+02  15.4*sigma
   0  15    G  C5'
   0  15    G  C4'
   0  15    G  O4'       109.80   132.81   -23.01  1.50e+00  2.35e+02  15.3*sigma
   0  31    A  C4'
   0  31    A  C3'
   0  31    A  O3'       113.00   135.92   -22.92  1.50e+00  2.34e+02  15.3*sigma
   0  11    G  P
   0  11    G  O5'
   0  11    G  C5'       120.90   143.78   -22.88  1.50e+00  2.33e+02  15.3*sigma
   0  22    C  O3'
   0  22    C  C3'
   0  22    C  C2'       109.50   132.35   -22.85  1.50e+00  2.32e+02  15.2*sigma
   0  44    G  C4'
   0  44    G  O4'
   0  44    G  C1'       109.90    94.80    15.10  1.00e+00  2.28e+02  15.1*sigma
   0  41    G  C3'
   0  41    G  C2'
   0  41    G  O2'       110.70   133.07   -22.37  1.50e+00  2.22e+02  14.9*sigma
   0  38    C  O3'
   0  38    C  C3'
   0  38    C  C2'       113.80   158.42   -44.62  3.00e+00  2.21e+02  14.9*sigma
   0  28    C  C4'
   0  28    C  C3'
   0  28    C  O3'       113.00   135.30   -22.30  1.50e+00  2.21e+02  14.9*sigma
   0  52    A  C5'
   0  52    A  C4'
   0  52    A  O4'       109.80    87.57    22.23  1.50e+00  2.20e+02  14.8*sigma
   0  22    C  O4'
   0  22    C  C4'
   0  22    C  C3'       106.10    91.37    14.73  1.00e+00  2.17e+02  14.7*sigma
   0  22    C  C4'
   0  22    C  O4'
   0  22    C  C1'       109.70    94.99    14.71  1.00e+00  2.16e+02  14.7*sigma
   0   7    C  C3'
   0   7    C  C2'
   0   7    C  C1'       101.30    86.63    14.67  1.00e+00  2.15e+02  14.7*sigma
   0  18    G  P
   0  18    G  O5'
   0  18    G  C5'       120.90   142.87   -21.97  1.50e+00  2.14e+02  14.6*sigma
   0  40    G  C3'
   0  40    G  O3'
   0  41    G  P         120.20    98.26    21.94  1.50e+00  2.14e+02  14.6*sigma
   0  31    A  O4'
   0  31    A  C4'
   0  31    A  C3'       104.00    89.39    14.61  1.00e+00  2.14e+02  14.6*sigma
   0  53    C  C5'
   0  53    C  C4'
   0  53    C  C3'       116.00   137.86   -21.86  1.50e+00  2.12e+02  14.6*sigma
   0  40    G  O3'
   0  40    G  C3'
   0  40    G  C2'       113.70   135.53   -21.83  1.50e+00  2.12e+02  14.6*sigma
   0  34    G  P
   0  34    G  O5'
   0  34    G  C5'       120.90   142.72   -21.82  1.50e+00  2.12e+02  14.5*sigma
   0  30    G  C5'
   0  30    G  C4'
   0  30    G  O4'       109.80   131.61   -21.81  1.50e+00  2.11e+02  14.5*sigma
   0   6    A  P
   0   6    A  O5'
   0   6    A  C5'       120.90    99.10    21.80  1.50e+00  2.11e+02  14.5*sigma
   0  44    G  O4'
   0  44    G  C4'
   0  44    G  C3'       104.00   118.52   -14.52  1.00e+00  2.11e+02  14.5*sigma
   0   6    A  O3'
   0   7    C  P
   0   7    C  OP2       108.00   151.52   -43.52  3.00e+00  2.10e+02  14.5*sigma
   0  10    G  C3'
   0  10    G  C2'
   0  10    G  O2'       110.70   132.36   -21.66  1.50e+00  2.09e+02  14.4*sigma
   0  49    U  C5'
   0  49    U  C4'
   0  49    U  C3'       116.00   137.56   -21.56  1.50e+00  2.07e+02  14.4*sigma
   0  10    G  C3'
   0  10    G  O3'
   0  11    G  P         120.20   141.68   -21.48  1.50e+00  2.05e+02  14.3*sigma
   0  22    C  C3'
   0  22    C  O3'
   0  23    G  P         120.20    98.74    21.46  1.50e+00  2.05e+02  14.3*sigma
   0  49    U  C5'
   0  49    U  C4'
   0  49    U  O4'       109.80    88.41    21.39  1.50e+00  2.03e+02  14.3*sigma
   0  57    C  C5'
   0  57    C  C4'
   0  57    C  C3'       116.00   137.38   -21.38  1.50e+00  2.03e+02  14.3*sigma
   0  52    A  O4'
   0  52    A  C4'
   0  52    A  C3'       104.00    89.79    14.21  1.00e+00  2.02e+02  14.2*sigma
   0   9    C  C5'
   0   9    C  C4'
   0   9    C  C3'       116.00   137.30   -21.30  1.50e+00  2.02e+02  14.2*sigma
   0  22    C  C5'
   0  22    C  C4'
   0  22    C  C3'       115.20   136.49   -21.29  1.50e+00  2.01e+02  14.2*sigma
   0  52    A  O4'
   0  52    A  C1'
   0  52    A  C2'       107.60   121.79   -14.19  1.00e+00  2.01e+02  14.2*sigma
   0  18    G  C5'
   0  18    G  C4'
   0  18    G  O4'       109.80   131.06   -21.26  1.50e+00  2.01e+02  14.2*sigma
   0  54    C  O3'
   0  54    C  C3'
   0  54    C  C2'       113.70    92.45    21.25  1.50e+00  2.01e+02  14.2*sigma
   0  32    A  C3'
   0  32    A  C2'
   0  32    A  O2'       110.70   131.93   -21.23  1.50e+00  2.00e+02  14.2*sigma
   0  39    C  C5'
   0  39    C  C4'
   0  39    C  O4'       109.80   131.02   -21.22  1.50e+00  2.00e+02  14.1*sigma
   0  35    C  C5'
   0  35    C  C4'
   0  35    C  C3'       116.00   137.11   -21.11  1.50e+00  1.98e+02  14.1*sigma
   0  28    C  C5'
   0  28    C  C4'
   0  28    C  C3'       116.00   137.07   -21.07  1.50e+00  1.97e+02  14.0*sigma
   0  26    A  N7
   0  26    A  C5
   0  26    A  C6        132.30    90.17    42.13  3.00e+00  1.97e+02  14.0*sigma
   0  48    G  O4'
   0  48    G  C1'
   0  48    G  N9        108.50   129.54   -21.04  1.50e+00  1.97e+02  14.0*sigma
   0  12    A  O4'
   0  12    A  C1'
   0  12    A  C2'       107.60   121.62   -14.02  1.00e+00  1.97e+02  14.0*sigma
   0  11    G  N2
   0  11    G  C2
   0  11    G  N3        119.90    77.83    42.07  3.00e+00  1.97e+02  14.0*sigma
   0  55    G  O4'
   0  55    G  C1'
   0  55    G  N9        108.50   129.51   -21.01  1.50e+00  1.96e+02  14.0*sigma
   0  42    U  C5'
   0  42    U  C4'
   0  42    U  C3'       116.00   136.97   -20.97  1.50e+00  1.95e+02  14.0*sigma
   0  12    A  N7
   0  12    A  C5
   0  12    A  C6        132.30    90.39    41.91  3.00e+00  1.95e+02  14.0*sigma
   0  37    C  C3'
   0  37    C  C2'
   0  37    C  C1'       101.30    87.35    13.95  1.00e+00  1.95e+02  14.0*sigma
   0  39    C  O5'
   0  39    C  C5'
   0  39    C  C4'       111.50   132.38   -20.88  1.50e+00  1.94e+02  13.9*sigma
   0  50    U  C5'
   0  50    U  C4'
   0  50    U  C3'       116.00   136.84   -20.84  1.50e+00  1.93e+02  13.9*sigma
   0   9    C  C3'
   0   9    C  C2'
   0   9    C  O2'       110.70   131.53   -20.83  1.50e+00  1.93e+02  13.9*sigma
   0  47    U  C4'
   0  47    U  O4'
   0  47    U  C1'       109.90    96.01    13.89  1.00e+00  1.93e+02  13.9*sigma
   0  53    C  C3'
   0  53    C  C2'
   0  53    C  C1'       101.30   115.15   -13.85  1.00e+00  1.92e+02  13.9*sigma
   0  48    G  C3'
   0  48    G  O3'
   0  49    U  P         120.20   140.95   -20.75  1.50e+00  1.91e+02  13.8*sigma
   0  14    U  C4'
   0  14    U  C3'
   0  14    U  O3'       113.00   133.74   -20.74  1.50e+00  1.91e+02  13.8*sigma
   0  13    C  C5'
   0  13    C  C4'
   0  13    C  C3'       116.00   136.72   -20.72  1.50e+00  1.91e+02  13.8*sigma
   0  58    C  C5'
   0  58    C  C4'
   0  58    C  C3'       116.00   136.69   -20.69  1.50e+00  1.90e+02  13.8*sigma
   0  15    G  O4'
   0  15    G  C1'
   0  15    G  N9        108.50   129.13   -20.63  1.50e+00  1.89e+02  13.8*sigma
   0  26    A  O4'
   0  26    A  C4'
   0  26    A  C3'       104.00    90.37    13.63  1.00e+00  1.86e+02  13.6*sigma
   0   3    C  C3'
   0   3    C  O3'
   0   4    A  P         120.20   140.64   -20.44  1.50e+00  1.86e+02  13.6*sigma
   0  53    C  C4'
   0  53    C  C3'
   0  53    C  C2'       102.60    89.00    13.60  1.00e+00  1.85e+02  13.6*sigma
   0  15    G  N2
   0  15    G  C2
   0  15    G  N3        119.90    79.21    40.69  3.00e+00  1.84e+02  13.6*sigma
   0  15    G  C4'
   0  15    G  C3'
   0  15    G  O3'       113.00   133.32   -20.32  1.50e+00  1.84e+02  13.5*sigma
   0  31    A  O4'
   0  31    A  C1'
   0  31    A  C2'       107.60   121.14   -13.54  1.00e+00  1.83e+02  13.5*sigma
   0  57    C  C4'
   0  57    C  C3'
   0  57    C  O3'       113.00   133.30   -20.30  1.50e+00  1.83e+02  13.5*sigma
   0  12    A  C5'
   0  12    A  C4'
   0  12    A  C3'       116.00   136.22   -20.22  1.50e+00  1.82e+02  13.5*sigma
   0  36    U  O2'
   0  36    U  C2'
   0  36    U  C1'       108.40   128.50   -20.10  1.50e+00  1.80e+02  13.4*sigma
   0  14    U  C5'
   0  14    U  C4'
   0  14    U  C3'       116.00   136.08   -20.08  1.50e+00  1.79e+02  13.4*sigma
   0  41    G  O4'
   0  41    G  C4'
   0  41    G  C3'       104.00   117.35   -13.35  1.00e+00  1.78e+02  13.4*sigma
   0  46    A  O3'
   0  46    A  C3'
   0  46    A  C2'       113.70   133.66   -19.96  1.50e+00  1.77e+02  13.3*sigma
   0  35    C  O4'
   0  35    C  C1'
   0  35    C  C2'       107.60    94.31    13.29  1.00e+00  1.77e+02  13.3*sigma
   0  51    U  O3'
   0  52    A  P
   0  52    A  O5'       104.00    84.07    19.93  1.50e+00  1.76e+02  13.3*sigma
   0  10    G  O4'
   0  10    G  C1'
   0  10    G  N9        108.50   128.38   -19.88  1.50e+00  1.76e+02  13.3*sigma
   0  28    C  O5'
   0  28    C  C5'
   0  28    C  C4'       111.50   131.31   -19.81  1.50e+00  1.74e+02  13.2*sigma
   0  38    C  C4'
   0  38    C  C3'
   0  38    C  O3'       112.50    72.98    39.52  3.00e+00  1.73e+02  13.2*sigma
   0  21    U  C3'
   0  21    U  C2'
   0  21    U  C1'       101.30   114.45   -13.15  1.00e+00  1.73e+02  13.1*sigma
   0  42    U  C4'
   0  42    U  C3'
   0  42    U  O3'       113.00   132.57   -19.57  1.50e+00  1.70e+02  13.0*sigma
   0  52    A  O3'
   0  53    C  P
   0  53    C  OP2       108.00   147.12   -39.12  3.00e+00  1.70e+02  13.0*sigma
   0   1    C  C3'
   0   1    C  C2'
   0   1    C  O2'       110.70   130.21   -19.51  1.50e+00  1.69e+02  13.0*sigma
   0  33    C  N1
   0  33    C  C6
   0  33    C  C5        121.00   159.98   -38.98  3.00e+00  1.69e+02  13.0*sigma
   0  16    A  N7
   0  16    A  C5
   0  16    A  C6        132.30    93.38    38.92  3.00e+00  1.68e+02  13.0*sigma
   0   6    A  C3'
   0   6    A  C2'
   0   6    A  O2'       110.70   130.11   -19.41  1.50e+00  1.67e+02  12.9*sigma
   0  48    G  C3'
   0  48    G  C2'
   0  48    G  O2'       110.70   130.07   -19.37  1.50e+00  1.67e+02  12.9*sigma
   0  53    C  O2'
   0  53    C  C2'
   0  53    C  C1'       108.40   127.77   -19.37  1.50e+00  1.67e+02  12.9*sigma
   0  51    U  C4'
   0  51    U  C3'
   0  51    U  O3'       113.00   132.31   -19.31  1.50e+00  1.66e+02  12.9*sigma
   0  49    U  C4'
   0  49    U  C3'
   0  49    U  O3'       113.00   132.30   -19.30  1.50e+00  1.66e+02  12.9*sigma
   0  53    C  O3'
   0  54    C  P
   0  54    C  OP2       108.00   146.36   -38.36  3.00e+00  1.63e+02  12.8*sigma
   0  32    A  O3'
   0  33    C  P
   0  33    C  O5'       104.00    84.91    19.09  1.50e+00  1.62e+02  12.7*sigma
   0  55    G  N2
   0  55    G  C2
   0  55    G  N3        119.90    81.82    38.08  3.00e+00  1.61e+02  12.7*sigma
   0  34    G  N2
   0  34    G  C2
   0  34    G  N3        119.90    82.00    37.90  3.00e+00  1.60e+02  12.6*sigma
   0   7    C  C5'
   0   7    C  C4'
   0   7    C  C3'       116.00   134.95   -18.95  1.50e+00  1.60e+02  12.6*sigma
   0  41    G  O3'
   0  41    G  C3'
   0  41    G  C2'       113.70   132.61   -18.91  1.50e+00  1.59e+02  12.6*sigma
   0   4    A  O3'
   0   5    C  P
   0   5    C  O5'       104.00    85.10    18.90  1.50e+00  1.59e+02  12.6*sigma
   0  44    G  O2'
   0  44    G  C2'
   0  44    G  C1'       108.40    89.51    18.89  1.50e+00  1.59e+02  12.6*sigma
   0  18    G  O3'
   0  19    C  P
   0  19    C  O5'       104.00   122.87   -18.87  1.50e+00  1.58e+02  12.6*sigma
   0   4    A  C3'
   0   4    A  O3'
   0   5    C  P         120.20   139.07   -18.87  1.50e+00  1.58e+02  12.6*sigma
   0   2    G  N2
   0   2    G  C2
   0   2    G  N3        119.90    82.17    37.73  3.00e+00  1.58e+02  12.6*sigma
   0  23    G  O5'
   0  23    G  C5'
   0  23    G  C4'       111.50    92.65    18.85  1.50e+00  1.58e+02  12.6*sigma
   0  43    G  P
   0  43    G  O5'
   0  43    G  C5'       120.90   139.67   -18.77  1.50e+00  1.57e+02  12.5*sigma
   0   9    C  O3'
   0  10    G  P
   0  10    G  OP1       108.00   145.45   -37.45  3.00e+00  1.56e+02  12.5*sigma
   0  22    C  O4'
   0  22    C  C1'
   0  22    C  C2'       105.80    93.33    12.47  1.00e+00  1.56e+02  12.5*sigma
   0   1    C  C4'
   0   1    C  C3'
   0   1    C  C2'       102.60    90.14    12.46  1.00e+00  1.55e+02  12.5*sigma
   0  18    G  N2
   0  18    G  C2
   0  18    G  N3        119.90    82.56    37.34  3.00e+00  1.55e+02  12.4*sigma
   0  47    U  P
   0  47    U  O5'
   0  47    U  C5'       120.90   139.57   -18.67  1.50e+00  1.55e+02  12.4*sigma
   0  10    G  N2
   0  10    G  C2
   0  10    G  N3        119.90    82.67    37.23  3.00e+00  1.54e+02  12.4*sigma
   0  17    C  N1
   0  17    C  C6
   0  17    C  C5        121.00   157.93   -36.93  3.00e+00  1.52e+02  12.3*sigma
   0  50    U  O3'
   0  50    U  C3'
   0  50    U  C2'       113.70    95.33    18.37  1.50e+00  1.50e+02  12.2*sigma
   0  16    A  O4'
   0  16    A  C4'
   0  16    A  C3'       104.00    91.75    12.25  1.00e+00  1.50e+02  12.2*sigma
   0   4    A  C5'
   0   4    A  C4'
   0   4    A  C3'       116.00   134.33   -18.33  1.50e+00  1.49e+02  12.2*sigma
   0  34    G  C3'
   0  34    G  C2'
   0  34    G  O2'       110.70   128.98   -18.28  1.50e+00  1.49e+02  12.2*sigma
   0  36    U  C4'
   0  36    U  O4'
   0  36    U  C1'       109.90    97.76    12.14  1.00e+00  1.47e+02  12.1*sigma
   0  50    U  N3
   0  50    U  C4
   0  50    U  O4        119.40   155.65   -36.25  3.00e+00  1.46e+02  12.1*sigma
   0  50    U  C3'
   0  50    U  O3'
   0  51    U  P         120.20   138.24   -18.04  1.50e+00  1.45e+02  12.0*sigma
   0  10    G  P
   0  10    G  O5'
   0  10    G  C5'       120.90   138.82   -17.92  1.50e+00  1.43e+02  11.9*sigma
   0  54    C  O3'
   0  55    G  P
   0  55    G  OP1       108.00   143.84   -35.84  3.00e+00  1.43e+02  11.9*sigma
   0   7    C  O2
   0   7    C  C2
   0   7    C  N3        121.90   157.72   -35.82  3.00e+00  1.43e+02  11.9*sigma
   0  49    U  O3'
   0  49    U  C3'
   0  49    U  C2'       113.70    95.80    17.90  1.50e+00  1.42e+02  11.9*sigma
   0  57    C  N1
   0  57    C  C6
   0  57    C  C5        121.00   156.67   -35.67  3.00e+00  1.41e+02  11.9*sigma
   0  22    C  C4'
   0  22    C  C3'
   0  22    C  O3'       109.40    91.57    17.83  1.50e+00  1.41e+02  11.9*sigma
   0  50    U  O5'
   0  50    U  C5'
   0  50    U  C4'       111.50   129.30   -17.80  1.50e+00  1.41e+02  11.9*sigma
   0  56    U  C4'
   0  56    U  C3'
   0  56    U  O3'       113.00   130.73   -17.73  1.50e+00  1.40e+02  11.8*sigma
   0  24    G  C3'
   0  24    G  O3'
   0  25    C  P         120.20   137.88   -17.68  1.50e+00  1.39e+02  11.8*sigma
   0  32    A  C5'
   0  32    A  C4'
   0  32    A  O4'       109.80    92.13    17.67  1.50e+00  1.39e+02  11.8*sigma
   0  53    C  O3'
   0  54    C  P
   0  54    C  O5'       104.00    86.43    17.57  1.50e+00  1.37e+02  11.7*sigma
   0  52    A  N7
   0  52    A  C5
   0  52    A  C6        132.30    97.41    34.89  3.00e+00  1.35e+02  11.6*sigma
   0  13    C  O4'
   0  13    C  C1'
   0  13    C  C2'       107.60    95.98    11.62  1.00e+00  1.35e+02  11.6*sigma
   0  42    U  O3'
   0  43    G  P
   0  43    G  OP1       108.00   142.65   -34.65  3.00e+00  1.33e+02  11.6*sigma
   0   9    C  C4'
   0   9    C  C3'
   0   9    C  O3'       113.00   130.29   -17.29  1.50e+00  1.33e+02  11.5*sigma
   0  10    G  C4'
   0  10    G  O4'
   0  10    G  C1'       109.90    98.40    11.50  1.00e+00  1.32e+02  11.5*sigma
   0  44    G  C3'
   0  44    G  C2'
   0  44    G  O2'       110.70   127.95   -17.25  1.50e+00  1.32e+02  11.5*sigma
   0  19    C  N1
   0  19    C  C6
   0  19    C  C5        121.00   155.38   -34.38  3.00e+00  1.31e+02  11.5*sigma
   0  23    G  O4'
   0  23    G  C4'
   0  23    G  C3'       104.00    92.56    11.44  1.00e+00  1.31e+02  11.4*sigma
   0  37    C  C4'
   0  37    C  C3'
   0  37    C  O3'       113.00    95.84    17.16  1.50e+00  1.31e+02  11.4*sigma
   0  57    C  O4'
   0  57    C  C1'
   0  57    C  C2'       107.60    96.17    11.43  1.00e+00  1.31e+02  11.4*sigma
   0  11    G  C4'
   0  11    G  O4'
   0  11    G  C1'       109.90    98.49    11.41  1.00e+00  1.30e+02  11.4*sigma
   0  34    G  C5'
   0  34    G  C4'
   0  34    G  O4'       109.80   126.86   -17.06  1.50e+00  1.29e+02  11.4*sigma
   0  55    G  C5'
   0  55    G  C4'
   0  55    G  O4'       109.80   126.86   -17.06  1.50e+00  1.29e+02  11.4*sigma
   0   4    A  N7
   0   4    A  C5
   0   4    A  C6        132.30    98.27    34.03  3.00e+00  1.29e+02  11.3*sigma
   0  47    U  O5'
   0  47    U  C5'
   0  47    U  C4'       111.50   128.52   -17.02  1.50e+00  1.29e+02  11.3*sigma
   0  32    A  N7
   0  32    A  C5
   0  32    A  C6        132.30    98.40    33.90  3.00e+00  1.28e+02  11.3*sigma
   0  54    C  C4'
   0  54    C  C3'
   0  54    C  C2'       102.60    91.30    11.30  1.00e+00  1.28e+02  11.3*sigma
   0  53    C  C4'
   0  53    C  C3'
   0  53    C  O3'       113.00   129.94   -16.94  1.50e+00  1.27e+02  11.3*sigma
   0   7    C  O4'
   0   7    C  C1'
   0   7    C  C2'       107.60    96.34    11.26  1.00e+00  1.27e+02  11.3*sigma
   0   7    C  N4
   0   7    C  C4
   0   7    C  C5        120.20   153.81   -33.61  3.00e+00  1.26e+02  11.2*sigma
   0  29    U  O3'
   0  29    U  C3'
   0  29    U  C2'       113.70   130.36   -16.66  1.50e+00  1.23e+02  11.1*sigma
   0  31    A  C3'
   0  31    A  C2'
   0  31    A  O2'       110.70   127.33   -16.63  1.50e+00  1.23e+02  11.1*sigma
   0  44    G  O3'
   0  45    A  P
   0  45    A  O5'       104.00    87.38    16.62  1.50e+00  1.23e+02  11.1*sigma
   0  21    U  C5'
   0  21    U  C4'
   0  21    U  O4'       109.80   126.42   -16.62  1.50e+00  1.23e+02  11.1*sigma
   0  41    G  C3'
   0  41    G  O3'
   0  42    U  P         120.20   103.63    16.57  1.50e+00  1.22e+02  11.0*sigma
   0  30    G  N2
   0  30    G  C2
   0  30    G  N3        119.90    86.96    32.94  3.00e+00  1.21e+02  11.0*sigma
   0  54    C  C5'
   0  54    C  C4'
   0  54    C  O4'       109.80   126.22   -16.42  1.50e+00  1.20e+02  10.9*sigma
   0  33    C  O4'
   0  33    C  C1'
   0  33    C  C2'       107.60    96.65    10.95  1.00e+00  1.20e+02  10.9*sigma
   0   3    C  O3'
   0   4    A  P
   0   4    A  O5'       104.00    87.61    16.39  1.50e+00  1.19e+02  10.9*sigma
   0   6    A  C3'
   0   6    A  C2'
   0   6    A  C1'       101.30   112.18   -10.88  1.00e+00  1.18e+02  10.9*sigma
   0  55    G  C3'
   0  55    G  C2'
   0  55    G  C1'       101.30    90.46    10.84  1.00e+00  1.18e+02  10.8*sigma
   0  36    U  C3'
   0  36    U  O3'
   0  37    C  P         120.20   136.37   -16.17  1.50e+00  1.16e+02  10.8*sigma
   0  34    G  C4'
   0  34    G  O4'
   0  34    G  C1'       109.90    99.13    10.77  1.00e+00  1.16e+02  10.8*sigma
   0  40    G  O4'
   0  40    G  C1'
   0  40    G  N9        108.50   124.65   -16.15  1.50e+00  1.16e+02  10.8*sigma
   0  24    G  O3'
   0  25    C  P
   0  25    C  O5'       104.00    87.87    16.13  1.50e+00  1.16e+02  10.8*sigma
   0  25    C  O4'
   0  25    C  C1'
   0  25    C  C2'       107.60    96.86    10.74  1.00e+00  1.15e+02  10.7*sigma
   0  20    C  C3'
   0  20    C  C2'
   0  20    C  O2'       110.70   126.80   -16.10  1.50e+00  1.15e+02  10.7*sigma
   0  13    C  C4'
   0  13    C  C3'
   0  13    C  O3'       113.00   129.09   -16.09  1.50e+00  1.15e+02  10.7*sigma
   0   1    C  O5'
   0   1    C  C5'
   0   1    C  C4'       111.50   127.58   -16.08  1.50e+00  1.15e+02  10.7*sigma
   0   5    C  C3'
   0   5    C  C2'
   0   5    C  O2'       110.70   126.78   -16.08  1.50e+00  1.15e+02  10.7*sigma
   0  52    A  C4'
   0  52    A  O4'
   0  52    A  C1'       109.90    99.19    10.71  1.00e+00  1.15e+02  10.7*sigma
   0  18    G  C4'
   0  18    G  O4'
   0  18    G  C1'       109.90    99.22    10.68  1.00e+00  1.14e+02  10.7*sigma
   0  46    A  N7
   0  46    A  C5
   0  46    A  C6        132.30   100.28    32.02  3.00e+00  1.14e+02  10.7*sigma
   0  18    G  OP1
   0  18    G  P
   0  18    G  OP2       119.60    87.60    32.00  3.00e+00  1.14e+02  10.7*sigma
   0  36    U  O3'
   0  37    C  P
   0  37    C  OP1       108.00   139.99   -31.99  3.00e+00  1.14e+02  10.7*sigma
   0   9    C  O3'
   0  10    G  P
   0  10    G  O5'       104.00    88.05    15.95  1.50e+00  1.13e+02  10.6*sigma
   0  31    A  N7
   0  31    A  C5
   0  31    A  C6        132.30   100.51    31.79  3.00e+00  1.12e+02  10.6*sigma
   0  44    G  P
   0  44    G  O5'
   0  44    G  C5'       120.90   136.77   -15.87  1.50e+00  1.12e+02  10.6*sigma
   0  20    C  N1
   0  20    C  C6
   0  20    C  C5        121.00   152.75   -31.75  3.00e+00  1.12e+02  10.6*sigma
   0  31    A  C3'
   0  31    A  O3'
   0  32    A  P         120.20   136.05   -15.85  1.50e+00  1.12e+02  10.6*sigma
   0   6    A  O2'
   0   6    A  C2'
   0   6    A  C1'       108.40    92.55    15.85  1.50e+00  1.12e+02  10.6*sigma
   0  55    G  C4'
   0  55    G  O4'
   0  55    G  C1'       109.90    99.35    10.55  1.00e+00  1.11e+02  10.5*sigma
   0  45    A  C5'
   0  45    A  C4'
   0  45    A  C3'       116.00   131.82   -15.82  1.50e+00  1.11e+02  10.5*sigma
   0  29    U  C3'
   0  29    U  C2'
   0  29    U  C1'       101.30   111.83   -10.53  1.00e+00  1.11e+02  10.5*sigma
   0   7    C  N1
   0   7    C  C2
   0   7    C  N3        119.20    87.65    31.55  3.00e+00  1.11e+02  10.5*sigma
   0  26    A  O4'
   0  26    A  C1'
   0  26    A  N9        108.50   124.25   -15.75  1.50e+00  1.10e+02  10.5*sigma
   0  28    C  C3'
   0  28    C  C2'
   0  28    C  O2'       110.70   126.40   -15.70  1.50e+00  1.09e+02  10.5*sigma
   0   3    C  N3
   0   3    C  C4
   0   3    C  C5        121.90    90.56    31.34  3.00e+00  1.09e+02  10.4*sigma
   0  26    A  O4'
   0  26    A  C1'
   0  26    A  C2'       107.60   118.04   -10.44  1.00e+00  1.09e+02  10.4*sigma
   0  43    G  O4'
   0  43    G  C4'
   0  43    G  C3'       104.00   114.43   -10.43  1.00e+00  1.09e+02  10.4*sigma
   0   9    C  N1
   0   9    C  C6
   0   9    C  C5        121.00   152.27   -31.27  3.00e+00  1.09e+02  10.4*sigma
   0  42    U  C3'
   0  42    U  C2'
   0  42    U  O2'       110.70   126.32   -15.62  1.50e+00  1.08e+02  10.4*sigma
   0  42    U  O3'
   0  42    U  C3'
   0  42    U  C2'       113.70   129.31   -15.61  1.50e+00  1.08e+02  10.4*sigma
   0  10    G  O5'
   0  10    G  C5'
   0  10    G  C4'       111.50   127.09   -15.59  1.50e+00  1.08e+02  10.4*sigma
   0  58    C  N1
   0  58    C  C6
   0  58    C  C5        121.00   152.12   -31.12  3.00e+00  1.08e+02  10.4*sigma
   0  36    U  N3
   0  36    U  C4
   0  36    U  O4        119.40   150.46   -31.06  3.00e+00  1.07e+02  10.4*sigma
   0  37    C  O5'
   0  37    C  C5'
   0  37    C  C4'       111.50   127.02   -15.52  1.50e+00  1.07e+02  10.3*sigma
   0   4    A  O4'
   0   4    A  C4'
   0   4    A  C3'       104.00    93.68    10.32  1.00e+00  1.07e+02  10.3*sigma
   0  19    C  C3'
   0  19    C  C2'
   0  19    C  O2'       110.70   126.17   -15.47  1.50e+00  1.06e+02  10.3*sigma
   0  35    C  N1
   0  35    C  C6
   0  35    C  C5        121.00   151.92   -30.92  3.00e+00  1.06e+02  10.3*sigma
   0  50    U  O4
   0  50    U  C4
   0  50    U  C5        125.90    95.04    30.86  3.00e+00  1.06e+02  10.3*sigma
   0   2    G  C4'
   0   2    G  O4'
   0   2    G  C1'       109.90    99.61    10.29  1.00e+00  1.06e+02  10.3*sigma
   0  17    C  C3'
   0  17    C  O3'
   0  18    G  P         120.20   135.58   -15.38  1.50e+00  1.05e+02  10.3*sigma
   0   4    A  O4'
   0   4    A  C1'
   0   4    A  C2'       107.60   117.85   -10.25  1.00e+00  1.05e+02  10.2*sigma
   0  48    G  N2
   0  48    G  C2
   0  48    G  N3        119.90    89.20    30.70  3.00e+00  1.05e+02  10.2*sigma
   0   6    A  O5'
   0   6    A  C5'
   0   6    A  C4'       111.50   126.85   -15.35  1.50e+00  1.05e+02  10.2*sigma
   0  39    C  C4'
   0  39    C  C3'
   0  39    C  C2'       102.60    92.38    10.22  1.00e+00  1.04e+02  10.2*sigma
   0   3    C  O5'
   0   3    C  C5'
   0   3    C  C4'       111.50    96.20    15.30  1.50e+00  1.04e+02  10.2*sigma
   0  56    U  C3'
   0  56    U  C2'
   0  56    U  C1'       101.30    91.11    10.19  1.00e+00  1.04e+02  10.2*sigma
   0  32    A  C3'
   0  32    A  C2'
   0  32    A  C1'       101.30    91.12    10.18  1.00e+00  1.04e+02  10.2*sigma
   0  41    G  O4'
   0  41    G  C1'
   0  41    G  N9        108.50   123.67   -15.17  1.50e+00  1.02e+02  10.1*sigma
   0  26    A  C1'
   0  26    A  N9
   0  26    A  C8        127.70   157.98   -30.28  3.00e+00  1.02e+02  10.1*sigma
   0  21    U  O4'
   0  21    U  C1'
   0  21    U  N1        108.50   123.61   -15.11  1.50e+00  1.01e+02  10.1*sigma
   0  23    G  C4'
   0  23    G  C3'
   0  23    G  C2'       102.60   112.62   -10.02  1.00e+00  1.00e+02  10.0*sigma
   0  15    G  P
   0  15    G  O5'
   0  15    G  C5'       120.90   135.92   -15.02  1.50e+00  1.00e+02  10.0*sigma
   0  53    C  C3'
   0  53    C  C2'
   0  53    C  O2'       110.70    95.70    15.00  1.50e+00  9.99e+01  10.0*sigma
   0   5    C  O3'
   0   5    C  C3'
   0   5    C  C2'       113.70   128.66   -14.96  1.50e+00  9.94e+01  10.0*sigma
   0  56    U  C5'
   0  56    U  C4'
   0  56    U  C3'       116.00   130.95   -14.95  1.50e+00  9.94e+01  10.0*sigma
   0  41    G  C4'
   0  41    G  O4'
   0  41    G  C1'       109.90    99.94     9.96  1.00e+00  9.92e+01  10.0*sigma
   0  15    G  C3'
   0  15    G  C2'
   0  15    G  O2'       110.70   125.63   -14.93  1.50e+00  9.91e+01  10.0*sigma
   0   8    U  O4'
   0   8    U  C1'
   0   8    U  C2'       107.60    97.65     9.95  1.00e+00  9.90e+01   9.9*sigma
   0  45    A  C3'
   0  45    A  O3'
   0  46    A  P         120.20   105.32    14.88  1.50e+00  9.84e+01   9.9*sigma
   0  24    G  N1
   0  24    G  C2
   0  24    G  N3        123.90   153.61   -29.71  3.00e+00  9.81e+01   9.9*sigma
   0  14    U  O5'
   0  14    U  C5'
   0  14    U  C4'       111.50   126.34   -14.84  1.50e+00  9.79e+01   9.9*sigma
   0  34    G  O3'
   0  35    C  P
   0  35    C  O5'       104.00   118.83   -14.83  1.50e+00  9.78e+01   9.9*sigma
   0  13    C  N4
   0  13    C  C4
   0  13    C  C5        120.20   149.83   -29.63  3.00e+00  9.76e+01   9.9*sigma
   0  45    A  N7
   0  45    A  C5
   0  45    A  C6        132.30   102.69    29.61  3.00e+00  9.74e+01   9.9*sigma
   0  21    U  C2'
   0  21    U  C1'
   0  21    U  N1        112.00   126.80   -14.80  1.50e+00  9.73e+01   9.9*sigma
   0  46    A  C3'
   0  46    A  C2'
   0  46    A  C1'       101.30   111.16    -9.86  1.00e+00  9.72e+01   9.9*sigma
   0  21    U  O3'
   0  22    C  P
   0  22    C  O5'       104.00    89.22    14.78  1.50e+00  9.71e+01   9.9*sigma
   0  33    C  O2
   0  33    C  C2
   0  33    C  N3        121.90   151.45   -29.55  3.00e+00  9.71e+01   9.9*sigma
   0   3    C  C3'
   0   3    C  C2'
   0   3    C  C1'       101.30    91.48     9.82  1.00e+00  9.64e+01   9.8*sigma
   0  41    G  O3'
   0  42    U  P
   0  42    U  OP1       108.00    78.56    29.44  3.00e+00  9.63e+01   9.8*sigma
   0  33    C  C3'
   0  33    C  C2'
   0  33    C  C1'       101.30    91.51     9.79  1.00e+00  9.59e+01   9.8*sigma
   0  17    C  O4'
   0  17    C  C1'
   0  17    C  C2'       107.60    97.81     9.79  1.00e+00  9.58e+01   9.8*sigma
   0  24    G  N2
   0  24    G  C2
   0  24    G  N3        119.90    90.55    29.35  3.00e+00  9.57e+01   9.8*sigma
   0  23    G  C2'
   0  23    G  C1'
   0  23    G  N9        112.00    97.35    14.65  1.50e+00  9.53e+01   9.8*sigma
   0  19    C  O4'
   0  19    C  C1'
   0  19    C  C2'       107.60    97.84     9.76  1.00e+00  9.52e+01   9.8*sigma
   0  29    U  O4'
   0  29    U  C1'
   0  29    U  C2'       107.60    97.86     9.74  1.00e+00  9.49e+01   9.7*sigma
   0   2    G  OP1
   0   2    G  P
   0   2    G  OP2       119.60    90.38    29.22  3.00e+00  9.49e+01   9.7*sigma
   0  42    U  N3
   0  42    U  C4
   0  42    U  O4        119.40   148.50   -29.10  3.00e+00  9.41e+01   9.7*sigma
   0  21    U  O3'
   0  22    C  P
   0  22    C  OP1       108.00   137.03   -29.03  3.00e+00  9.36e+01   9.7*sigma
   0  54    C  C3'
   0  54    C  C2'
   0  54    C  O2'       110.70   125.21   -14.51  1.50e+00  9.36e+01   9.7*sigma
   0  11    G  O2'
   0  11    G  C2'
   0  11    G  C1'       108.40    93.93    14.47  1.50e+00  9.30e+01   9.6*sigma
   0  41    G  C4'
   0  41    G  C3'
   0  41    G  O3'       113.00   127.46   -14.46  1.50e+00  9.30e+01   9.6*sigma
   0  26    A  C4'
   0  26    A  C3'
   0  26    A  O3'       113.00   127.41   -14.41  1.50e+00  9.23e+01   9.6*sigma
   0  15    G  OP1
   0  15    G  P
   0  15    G  OP2       119.60    90.81    28.79  3.00e+00  9.21e+01   9.6*sigma
   0   6    A  OP2
   0   6    A  P
   0   6    A  O5'       108.00   136.70   -28.70  3.00e+00  9.15e+01   9.6*sigma
   0  17    C  O2
   0  17    C  C2
   0  17    C  N3        121.90   150.52   -28.62  3.00e+00  9.10e+01   9.5*sigma
   0  14    U  C4'
   0  14    U  O4'
   0  14    U  C1'       109.90   100.37     9.53  1.00e+00  9.08e+01   9.5*sigma
   0  52    A  O3'
   0  52    A  C3'
   0  52    A  C2'       113.70    99.44    14.26  1.50e+00  9.04e+01   9.5*sigma
   0  16    A  C2'
   0  16    A  C1'
   0  16    A  N9        112.00    97.74    14.26  1.50e+00  9.04e+01   9.5*sigma
   0  18    G  C3'
   0  18    G  C2'
   0  18    G  O2'       110.70   124.96   -14.26  1.50e+00  9.04e+01   9.5*sigma
   0  35    C  C3'
   0  35    C  C2'
   0  35    C  O2'       110.70   124.91   -14.21  1.50e+00  8.98e+01   9.5*sigma
   0  32    A  O3'
   0  33    C  P
   0  33    C  OP2       108.00   136.42   -28.42  3.00e+00  8.97e+01   9.5*sigma
   0  10    G  O2'
   0  10    G  C2'
   0  10    G  C1'       108.40    94.22    14.18  1.50e+00  8.94e+01   9.5*sigma
   0  33    C  C3'
   0  33    C  C2'
   0  33    C  O2'       110.70   124.86   -14.16  1.50e+00  8.91e+01   9.4*sigma
   0   8    U  O3'
   0   9    C  P
   0   9    C  OP1       108.00   136.29   -28.29  3.00e+00  8.89e+01   9.4*sigma
   0  46    A  C4'
   0  46    A  C3'
   0  46    A  O3'       113.00   127.13   -14.13  1.50e+00  8.88e+01   9.4*sigma
   0  47    U  N3
   0  47    U  C4
   0  47    U  O4        119.40   147.63   -28.23  3.00e+00  8.85e+01   9.4*sigma
   0  43    G  N2
   0  43    G  C2
   0  43    G  N3        119.90    91.67    28.23  3.00e+00  8.85e+01   9.4*sigma
   0  18    G  C2
   0  18    G  N3
   0  18    G  C4        111.90    83.73    28.17  3.00e+00  8.82e+01   9.4*sigma
   0  45    A  O2'
   0  45    A  C2'
   0  45    A  C1'       108.40    94.33    14.07  1.50e+00  8.79e+01   9.4*sigma
   0  12    A  C3'
   0  12    A  C2'
   0  12    A  O2'       110.70   124.76   -14.06  1.50e+00  8.79e+01   9.4*sigma
   0  25    C  N3
   0  25    C  C4
   0  25    C  C5        121.90    93.81    28.09  3.00e+00  8.77e+01   9.4*sigma
   0  48    G  O3'
   0  49    U  P
   0  49    U  OP2       108.00   136.09   -28.09  3.00e+00  8.76e+01   9.4*sigma
   0  29    U  P
   0  29    U  O5'
   0  29    U  C5'       120.90   134.94   -14.04  1.50e+00  8.76e+01   9.4*sigma
   0  13    C  C3'
   0  13    C  C2'
   0  13    C  O2'       110.70   124.74   -14.04  1.50e+00  8.76e+01   9.4*sigma
   0  19    C  C3'
   0  19    C  O3'
   0  20    C  P         120.20   134.23   -14.03  1.50e+00  8.75e+01   9.4*sigma
   0  12    A  O3'
   0  12    A  C3'
   0  12    A  C2'       113.70   127.72   -14.02  1.50e+00  8.74e+01   9.3*sigma
   0   2    G  C2
   0   2    G  N3
   0   2    G  C4        111.90    83.86    28.04  3.00e+00  8.73e+01   9.3*sigma
   0  46    A  C1'
   0  46    A  N9
   0  46    A  C4        126.30    98.32    27.98  3.00e+00  8.70e+01   9.3*sigma
   0   3    C  N1
   0   3    C  C2
   0   3    C  N3        119.20    91.23    27.97  3.00e+00  8.69e+01   9.3*sigma
   0  56    U  O3'
   0  56    U  C3'
   0  56    U  C2'       113.70   127.68   -13.98  1.50e+00  8.68e+01   9.3*sigma
   0  27    C  O3'
   0  28    C  P
   0  28    C  O5'       104.00    90.02    13.98  1.50e+00  8.68e+01   9.3*sigma
   0  50    U  O3'
   0  51    U  P
   0  51    U  OP2       108.00    80.17    27.83  3.00e+00  8.60e+01   9.3*sigma
   0  31    A  C4'
   0  31    A  C3'
   0  31    A  C2'       102.60   111.88    -9.28  1.00e+00  8.60e+01   9.3*sigma
   0  30    G  OP1
   0  30    G  P
   0  30    G  OP2       119.60    91.80    27.80  3.00e+00  8.59e+01   9.3*sigma
   0  25    C  N1
   0  25    C  C2
   0  25    C  N3        119.20    91.43    27.77  3.00e+00  8.57e+01   9.3*sigma
   0  48    G  O2'
   0  48    G  C2'
   0  48    G  C1'       108.40    94.54    13.86  1.50e+00  8.54e+01   9.2*sigma
   0  42    U  O4'
   0  42    U  C4'
   0  42    U  C3'       104.00   113.23    -9.23  1.00e+00  8.52e+01   9.2*sigma
   0  44    G  O5'
   0  44    G  C5'
   0  44    G  C4'       111.50    97.66    13.84  1.50e+00  8.52e+01   9.2*sigma
   0  15    G  O2'
   0  15    G  C2'
   0  15    G  C1'       108.40    94.58    13.82  1.50e+00  8.49e+01   9.2*sigma
   0  24    G  C2
   0  24    G  N3
   0  24    G  C4        111.90    84.32    27.58  3.00e+00  8.45e+01   9.2*sigma
   0  30    G  C4'
   0  30    G  C3'
   0  30    G  O3'       113.00   126.70   -13.70  1.50e+00  8.35e+01   9.1*sigma
   0   8    U  O4
   0   8    U  C4
   0   8    U  C5        125.90    98.55    27.35  3.00e+00  8.31e+01   9.1*sigma
   0  31    A  O2'
   0  31    A  C2'
   0  31    A  C1'       108.40   122.03   -13.63  1.50e+00  8.25e+01   9.1*sigma
   0  56    U  N1
   0  56    U  C2
   0  56    U  N3        114.90    87.70    27.20  3.00e+00  8.22e+01   9.1*sigma
   0  17    C  N3
   0  17    C  C4
   0  17    C  C5        121.90    94.75    27.15  3.00e+00  8.19e+01   9.1*sigma
   0  30    G  O4'
   0  30    G  C1'
   0  30    G  N9        108.50   122.07   -13.57  1.50e+00  8.18e+01   9.0*sigma
   0  14    U  O2
   0  14    U  C2
   0  14    U  N3        122.20   149.32   -27.12  3.00e+00  8.17e+01   9.0*sigma
   0  49    U  N3
   0  49    U  C4
   0  49    U  O4        119.40   146.52   -27.12  3.00e+00  8.17e+01   9.0*sigma
   0  10    G  O3'
   0  10    G  C3'
   0  10    G  C2'       113.70   127.19   -13.49  1.50e+00  8.09e+01   9.0*sigma
   0  48    G  OP1
   0  48    G  P
   0  48    G  OP2       119.60    92.65    26.95  3.00e+00  8.07e+01   9.0*sigma
   0  10    G  C4'
   0  10    G  C3'
   0  10    G  O3'       113.00   126.46   -13.46  1.50e+00  8.06e+01   9.0*sigma
   0  11    G  OP1
   0  11    G  P
   0  11    G  OP2       119.60    92.68    26.92  3.00e+00  8.05e+01   9.0*sigma
   0  56    U  C3'
   0  56    U  O3'
   0  57    C  P         120.20   106.76    13.44  1.50e+00  8.03e+01   9.0*sigma
   0  54    C  N1
   0  54    C  C6
   0  54    C  C5        121.00   147.88   -26.88  3.00e+00  8.03e+01   9.0*sigma
   0  34    G  OP1
   0  34    G  P
   0  34    G  OP2       119.60    92.77    26.83  3.00e+00  8.00e+01   8.9*sigma
   0  40    G  OP1
   0  40    G  P
   0  40    G  OP2       119.60    92.77    26.83  3.00e+00  8.00e+01   8.9*sigma
   0  46    A  C4'
   0  46    A  C3'
   0  46    A  C2'       102.60    93.66     8.94  1.00e+00  7.99e+01   8.9*sigma
   0  55    G  OP2
   0  55    G  P
   0  55    G  O5'       108.00    81.21    26.79  3.00e+00  7.98e+01   8.9*sigma
   0  58    C  O4'
   0  58    C  C1'
   0  58    C  C2'       107.60    98.68     8.92  1.00e+00  7.96e+01   8.9*sigma
   0  22    C  C3'
   0  22    C  C2'
   0  22    C  C1'       101.50   110.40    -8.90  1.00e+00  7.93e+01   8.9*sigma
   0  45    A  C4'
   0  45    A  C3'
   0  45    A  C2'       102.60    93.70     8.90  1.00e+00  7.92e+01   8.9*sigma
   0  13    C  O2
   0  13    C  C2
   0  13    C  N3        121.90   148.60   -26.70  3.00e+00  7.92e+01   8.9*sigma
   0  38    C  C3'
   0  38    C  C2'
   0  38    C  O2'       109.80   136.43   -26.63  3.00e+00  7.88e+01   8.9*sigma
   0  34    G  C2
   0  34    G  N3
   0  34    G  C4        111.90    85.34    26.56  3.00e+00  7.84e+01   8.9*sigma
   0  37    C  C3'
   0  37    C  O3'
   0  38    C  P         120.20   133.47   -13.27  1.50e+00  7.83e+01   8.8*sigma
   0   6    A  O4'
   0   6    A  C1'
   0   6    A  N9        108.50   121.72   -13.22  1.50e+00  7.77e+01   8.8*sigma
   0   3    C  C3'
   0   3    C  C2'
   0   3    C  O2'       110.70   123.90   -13.20  1.50e+00  7.74e+01   8.8*sigma
   0  41    G  O5'
   0  41    G  C5'
   0  41    G  C4'       111.50    98.30    13.20  1.50e+00  7.74e+01   8.8*sigma
   0  35    C  O4'
   0  35    C  C4'
   0  35    C  C3'       104.00   112.79    -8.79  1.00e+00  7.73e+01   8.8*sigma
   0  30    G  C2
   0  30    G  N3
   0  30    G  C4        111.90    85.56    26.34  3.00e+00  7.71e+01   8.8*sigma
   0  46    A  O2'
   0  46    A  C2'
   0  46    A  C1'       108.40    95.24    13.16  1.50e+00  7.70e+01   8.8*sigma
   0  18    G  N1
   0  18    G  C2
   0  18    G  N3        123.90   150.14   -26.24  3.00e+00  7.65e+01   8.7*sigma
   0  43    G  OP1
   0  43    G  P
   0  43    G  OP2       119.60    93.46    26.14  3.00e+00  7.59e+01   8.7*sigma
   0  20    C  O3'
   0  21    U  P
   0  21    U  O5'       104.00   117.00   -13.00  1.50e+00  7.51e+01   8.7*sigma
   0  24    G  P
   0  24    G  O5'
   0  24    G  C5'       120.90   133.88   -12.98  1.50e+00  7.49e+01   8.7*sigma
   0  10    G  O3'
   0  11    G  P
   0  11    G  OP1       108.00   133.91   -25.91  3.00e+00  7.46e+01   8.6*sigma
   0  13    C  N1
   0  13    C  C2
   0  13    C  N3        119.20    93.32    25.88  3.00e+00  7.44e+01   8.6*sigma
   0   4    A  C4'
   0   4    A  C3'
   0   4    A  C2'       102.60   111.23    -8.63  1.00e+00  7.44e+01   8.6*sigma
   0  54    C  N1
   0  54    C  C2
   0  54    C  N3        119.20    93.52    25.68  3.00e+00  7.33e+01   8.6*sigma
   0  53    C  C4'
   0  53    C  O4'
   0  53    C  C1'       109.90   101.34     8.56  1.00e+00  7.33e+01   8.6*sigma
   0  11    G  C3'
   0  11    G  C2'
   0  11    G  O2'       110.70   123.54   -12.84  1.50e+00  7.33e+01   8.6*sigma
   0   5    C  N1
   0   5    C  C2
   0   5    C  N3        119.20    93.53    25.67  3.00e+00  7.32e+01   8.6*sigma
   0  43    G  C5'
   0  43    G  C4'
   0  43    G  C3'       116.00   103.16    12.84  1.50e+00  7.32e+01   8.6*sigma
   0  16    A  O4'
   0  16    A  C1'
   0  16    A  N9        108.50   121.31   -12.81  1.50e+00  7.30e+01   8.5*sigma
   0  22    C  C3'
   0  22    C  C2'
   0  22    C  O2'       114.60   127.41   -12.81  1.50e+00  7.29e+01   8.5*sigma
   0  41    G  O2'
   0  41    G  C2'
   0  41    G  C1'       108.40    95.60    12.80  1.50e+00  7.28e+01   8.5*sigma
   0   2    G  N1
   0   2    G  C2
   0   2    G  N3        123.90   149.44   -25.54  3.00e+00  7.25e+01   8.5*sigma
   0  11    G  C2
   0  11    G  N3
   0  11    G  C4        111.90    86.38    25.52  3.00e+00  7.23e+01   8.5*sigma
   0  24    G  C3'
   0  24    G  C2'
   0  24    G  O2'       110.70   123.43   -12.73  1.50e+00  7.20e+01   8.5*sigma
   0  35    C  C3'
   0  35    C  O3'
   0  36    U  P         120.20   132.90   -12.70  1.50e+00  7.16e+01   8.5*sigma
   0  48    G  C4'
   0  48    G  O4'
   0  48    G  C1'       109.90   101.44     8.46  1.00e+00  7.15e+01   8.5*sigma
   0  55    G  C4'
   0  55    G  C3'
   0  55    G  O3'       113.00   125.68   -12.68  1.50e+00  7.15e+01   8.5*sigma
   0  23    G  N2
   0  23    G  C2
   0  23    G  N3        119.90    94.54    25.36  3.00e+00  7.14e+01   8.5*sigma
   0  30    G  OP1
   0  30    G  P
   0  30    G  O5'       108.00    82.65    25.35  3.00e+00  7.14e+01   8.5*sigma
   0   8    U  N3
   0   8    U  C4
   0   8    U  O4        119.40   144.73   -25.33  3.00e+00  7.13e+01   8.4*sigma
   0  15    G  C2
   0  15    G  N3
   0  15    G  C4        111.90    86.64    25.26  3.00e+00  7.09e+01   8.4*sigma
   0  29    U  C4'
   0  29    U  C3'
   0  29    U  O3'       113.00   125.57   -12.57  1.50e+00  7.02e+01   8.4*sigma
   0  45    A  C4'
   0  45    A  O4'
   0  45    A  C1'       109.90   101.55     8.35  1.00e+00  6.97e+01   8.4*sigma
   0  16    A  C4'
   0  16    A  C3'
   0  16    A  O3'       113.00   125.53   -12.53  1.50e+00  6.97e+01   8.4*sigma
   0   6    A  C1'
   0   6    A  N9
   0   6    A  C4        126.30   101.25    25.05  3.00e+00  6.97e+01   8.4*sigma
   0  43    G  N1
   0  43    G  C2
   0  43    G  N3        123.90   148.93   -25.03  3.00e+00  6.96e+01   8.3*sigma
   0  25    C  N1
   0  25    C  C6
   0  25    C  C5        121.00   146.01   -25.01  3.00e+00  6.95e+01   8.3*sigma
   0  27    C  O3'
   0  28    C  P
   0  28    C  OP1       108.00   132.99   -24.99  3.00e+00  6.94e+01   8.3*sigma
   0   5    C  O3'
   0   6    A  P
   0   6    A  OP1       108.00    83.01    24.99  3.00e+00  6.94e+01   8.3*sigma
   0  47    U  O4
   0  47    U  C4
   0  47    U  C5        125.90   100.94    24.96  3.00e+00  6.92e+01   8.3*sigma
   0  13    C  N3
   0  13    C  C4
   0  13    C  C5        121.90    96.98    24.92  3.00e+00  6.90e+01   8.3*sigma
   0  10    G  OP2
   0  10    G  P
   0  10    G  O5'       108.00    83.11    24.89  3.00e+00  6.88e+01   8.3*sigma
   0  46    A  O4'
   0  46    A  C1'
   0  46    A  C2'       107.60   115.89    -8.29  1.00e+00  6.88e+01   8.3*sigma
   0  23    G  C3'
   0  23    G  C2'
   0  23    G  O2'       110.70   123.13   -12.43  1.50e+00  6.86e+01   8.3*sigma
   0   4    A  O3'
   0   4    A  C3'
   0   4    A  C2'       113.70   126.09   -12.39  1.50e+00  6.83e+01   8.3*sigma
   0  24    G  OP1
   0  24    G  P
   0  24    G  O5'       108.00    83.22    24.78  3.00e+00  6.82e+01   8.3*sigma
   0  48    G  C2'
   0  48    G  C1'
   0  48    G  N9        112.00    99.62    12.38  1.50e+00  6.81e+01   8.3*sigma
   0   5    C  N4
   0   5    C  C4
   0   5    C  C5        120.20   144.92   -24.72  3.00e+00  6.79e+01   8.2*sigma
   0  15    G  C4'
   0  15    G  O4'
   0  15    G  C1'       109.90   101.67     8.23  1.00e+00  6.78e+01   8.2*sigma
   0  43    G  O3'
   0  44    G  P
   0  44    G  OP2       108.00   132.68   -24.68  3.00e+00  6.77e+01   8.2*sigma
   0  47    U  C4'
   0  47    U  C3'
   0  47    U  C2'       102.60    94.39     8.21  1.00e+00  6.74e+01   8.2*sigma
   0  49    U  O4
   0  49    U  C4
   0  49    U  C5        125.90   101.28    24.62  3.00e+00  6.73e+01   8.2*sigma
   0  18    G  OP1
   0  18    G  P
   0  18    G  O5'       108.00    83.38    24.62  3.00e+00  6.73e+01   8.2*sigma
   0  19    C  N1
   0  19    C  C2
   0  19    C  N3        119.20    94.63    24.57  3.00e+00  6.71e+01   8.2*sigma
   0  16    A  C1'
   0  16    A  N9
   0  16    A  C8        127.70   152.23   -24.53  3.00e+00  6.68e+01   8.2*sigma
   0  27    C  N3
   0  27    C  C4
   0  27    C  C5        121.90    97.42    24.48  3.00e+00  6.66e+01   8.2*sigma
   0  18    G  C6
   0  18    G  C5
   0  18    G  C4        118.80   143.26   -24.46  3.00e+00  6.65e+01   8.2*sigma
   0  30    G  O3'
   0  31    A  P
   0  31    A  O5'       104.00   116.20   -12.20  1.50e+00  6.62e+01   8.1*sigma
   0  49    U  C4'
   0  49    U  C3'
   0  49    U  C2'       102.60    94.47     8.13  1.00e+00  6.62e+01   8.1*sigma
   0  22    C  N1
   0  22    C  C2
   0  22    C  O2        118.90   143.27   -24.37  3.00e+00  6.60e+01   8.1*sigma
   0   1    C  O2
   0   1    C  C2
   0   1    C  N3        121.90   146.22   -24.32  3.00e+00  6.57e+01   8.1*sigma
   0  29    U  O4
   0  29    U  C4
   0  29    U  C5        125.90   101.59    24.31  3.00e+00  6.57e+01   8.1*sigma
   0  52    A  C1'
   0  52    A  N9
   0  52    A  C8        127.70   152.00   -24.30  3.00e+00  6.56e+01   8.1*sigma
   0  35    C  C3'
   0  35    C  C2'
   0  35    C  C1'       101.30    93.22     8.08  1.00e+00  6.53e+01   8.1*sigma
   0  44    G  OP2
   0  44    G  P
   0  44    G  O5'       108.00    83.82    24.18  3.00e+00  6.50e+01   8.1*sigma
   0  13    C  N1
   0  13    C  C6
   0  13    C  C5        121.00   145.18   -24.18  3.00e+00  6.50e+01   8.1*sigma
   0  57    C  C4
   0  57    C  C5
   0  57    C  C6        117.40    93.28    24.12  3.00e+00  6.46e+01   8.0*sigma
   0  45    A  C4'
   0  45    A  C3'
   0  45    A  O3'       113.00   125.04   -12.04  1.50e+00  6.45e+01   8.0*sigma
   0  26    A  C2'
   0  26    A  C1'
   0  26    A  N9        112.00    99.97    12.03  1.50e+00  6.43e+01   8.0*sigma
   0  48    G  O4'
   0  48    G  C1'
   0  48    G  C2'       107.60   115.59    -7.99  1.00e+00  6.38e+01   8.0*sigma
   0  54    C  C4
   0  54    C  C5
   0  54    C  C6        117.40    93.46    23.94  3.00e+00  6.37e+01   8.0*sigma
   0   6    A  C5'
   0   6    A  C4'
   0   6    A  C3'       116.00   127.96   -11.96  1.50e+00  6.36e+01   8.0*sigma
   0  56    U  C1'
   0  56    U  N1
   0  56    U  C2        117.70    93.79    23.91  3.00e+00  6.35e+01   8.0*sigma
   0  12    A  C1'
   0  12    A  N9
   0  12    A  C4        126.30   102.45    23.85  3.00e+00  6.32e+01   8.0*sigma
   0  27    C  O2
   0  27    C  C2
   0  27    C  N3        121.90   145.73   -23.83  3.00e+00  6.31e+01   7.9*sigma
   0  42    U  O4
   0  42    U  C4
   0  42    U  C5        125.90   102.07    23.83  3.00e+00  6.31e+01   7.9*sigma
   0   8    U  C3'
   0   8    U  C2'
   0   8    U  C1'       101.30    93.36     7.94  1.00e+00  6.30e+01   7.9*sigma
   0  27    C  N1
   0  27    C  C6
   0  27    C  C5        121.00   144.80   -23.80  3.00e+00  6.29e+01   7.9*sigma
   0  55    G  OP1
   0  55    G  P
   0  55    G  OP2       119.60    95.81    23.79  3.00e+00  6.29e+01   7.9*sigma
   0  19    C  O2
   0  19    C  C2
   0  19    C  N3        121.90   145.68   -23.78  3.00e+00  6.28e+01   7.9*sigma
   0  12    A  C2'
   0  12    A  C1'
   0  12    A  N9        112.00   100.16    11.84  1.50e+00  6.23e+01   7.9*sigma
   0   8    U  C1'
   0   8    U  N1
   0   8    U  C2        117.70    94.02    23.68  3.00e+00  6.23e+01   7.9*sigma
   0  45    A  C1'
   0  45    A  N9
   0  45    A  C4        126.30   102.64    23.66  3.00e+00  6.22e+01   7.9*sigma
   0  28    C  O4'
   0  28    C  C1'
   0  28    C  C2'       107.60    99.72     7.88  1.00e+00  6.21e+01   7.9*sigma
   0  34    G  OP1
   0  34    G  P
   0  34    G  O5'       108.00    84.38    23.62  3.00e+00  6.20e+01   7.9*sigma
   0  18    G  O5'
   0  18    G  C5'
   0  18    G  C4'       111.50    99.69    11.81  1.50e+00  6.20e+01   7.9*sigma
   0  33    C  C4
   0  33    C  C5
   0  33    C  C6        117.40    93.84    23.56  3.00e+00  6.17e+01   7.9*sigma
   0  30    G  C4'
   0  30    G  C3'
   0  30    G  C2'       102.60   110.45    -7.85  1.00e+00  6.17e+01   7.9*sigma
   0  55    G  C2
   0  55    G  N3
   0  55    G  C4        111.90    88.37    23.53  3.00e+00  6.15e+01   7.8*sigma
   0  38    C  C2'
   0  38    C  C1'
   0  38    C  N1        112.40   135.93   -23.53  3.00e+00  6.15e+01   7.8*sigma
   0  34    G  N1
   0  34    G  C2
   0  34    G  N3        123.90   147.42   -23.52  3.00e+00  6.15e+01   7.8*sigma
   0  40    G  C4'
   0  40    G  O4'
   0  40    G  C1'       109.90   102.07     7.83  1.00e+00  6.14e+01   7.8*sigma
   0  23    G  P
   0  23    G  O5'
   0  23    G  C5'       120.90   132.65   -11.75  1.50e+00  6.14e+01   7.8*sigma
   0  26    A  C5
   0  26    A  C6
   0  26    A  N1        117.70    94.26    23.44  3.00e+00  6.11e+01   7.8*sigma
   0  22    C  O4'
   0  22    C  C1'
   0  22    C  N1        108.20   119.88   -11.68  1.50e+00  6.06e+01   7.8*sigma
   0  28    C  O3'
   0  29    U  P
   0  29    U  OP2       108.00    84.67    23.33  3.00e+00  6.05e+01   7.8*sigma
   0   3    C  N4
   0   3    C  C4
   0   3    C  C5        120.20   143.49   -23.29  3.00e+00  6.03e+01   7.8*sigma
   0  45    A  C3'
   0  45    A  C2'
   0  45    A  C1'       101.30   109.05    -7.75  1.00e+00  6.00e+01   7.7*sigma
   0  52    A  O2'
   0  52    A  C2'
   0  52    A  C1'       108.40   120.00   -11.60  1.50e+00  5.98e+01   7.7*sigma
   0  35    C  N1
   0  35    C  C2
   0  35    C  N3        119.20    96.01    23.19  3.00e+00  5.98e+01   7.7*sigma
   0  19    C  N3
   0  19    C  C4
   0  19    C  C5        121.90    98.71    23.19  3.00e+00  5.97e+01   7.7*sigma
   0  10    G  N1
   0  10    G  C2
   0  10    G  N3        123.90   147.08   -23.18  3.00e+00  5.97e+01   7.7*sigma
   0  50    U  C1'
   0  50    U  N1
   0  50    U  C2        117.70    94.55    23.15  3.00e+00  5.95e+01   7.7*sigma
   0  55    G  C4'
   0  55    G  C3'
   0  55    G  C2'       102.60   110.30    -7.70  1.00e+00  5.92e+01   7.7*sigma
   0  58    C  C4
   0  58    C  C5
   0  58    C  C6        117.40    94.32    23.08  3.00e+00  5.92e+01   7.7*sigma
   0  38    C  C3'
   0  38    C  C2'
   0  38    C  C1'       101.30   124.38   -23.08  3.00e+00  5.92e+01   7.7*sigma
   0  12    A  O3'
   0  13    C  P
   0  13    C  O5'       104.00    92.49    11.51  1.50e+00  5.89e+01   7.7*sigma
   0  58    C  C4'
   0  58    C  C3'
   0  58    C  C2'       102.60    94.93     7.67  1.00e+00  5.88e+01   7.7*sigma
   0   4    A  C1'
   0   4    A  N9
   0   4    A  C4        126.30   103.31    22.99  3.00e+00  5.87e+01   7.7*sigma
   0  32    A  C1'
   0  32    A  N9
   0  32    A  C4        126.30   103.32    22.98  3.00e+00  5.87e+01   7.7*sigma
   0  45    A  O4'
   0  45    A  C4'
   0  45    A  C3'       104.00   111.65    -7.65  1.00e+00  5.86e+01   7.7*sigma
   0  49    U  O2'
   0  49    U  C2'
   0  49    U  C1'       108.40    96.93    11.47  1.50e+00  5.84e+01   7.6*sigma
   0  30    G  O2'
   0  30    G  C2'
   0  30    G  C1'       108.40    96.93    11.47  1.50e+00  5.84e+01   7.6*sigma
   0  12    A  C1'
   0  12    A  N9
   0  12    A  C8        127.70   150.63   -22.93  3.00e+00  5.84e+01   7.6*sigma
   0  43    G  C2
   0  43    G  N3
   0  43    G  C4        111.90    88.99    22.91  3.00e+00  5.83e+01   7.6*sigma
   0  55    G  O3'
   0  56    U  P
   0  56    U  OP2       108.00   130.91   -22.91  3.00e+00  5.83e+01   7.6*sigma
   0   9    C  N3
   0   9    C  C4
   0   9    C  C5        121.90    99.00    22.90  3.00e+00  5.83e+01   7.6*sigma
   0  48    G  O3'
   0  48    G  C3'
   0  48    G  C2'       113.70   125.15   -11.45  1.50e+00  5.82e+01   7.6*sigma
   0  19    C  C4
   0  19    C  C5
   0  19    C  C6        117.40    94.53    22.87  3.00e+00  5.81e+01   7.6*sigma
   0  35    C  O2
   0  35    C  C2
   0  35    C  N3        121.90   144.70   -22.80  3.00e+00  5.78e+01   7.6*sigma
   0  34    G  C6
   0  34    G  C5
   0  34    G  C4        118.80   141.60   -22.80  3.00e+00  5.77e+01   7.6*sigma
   0  11    G  C3'
   0  11    G  C2'
   0  11    G  C1'       101.30    93.70     7.60  1.00e+00  5.77e+01   7.6*sigma
   0  56    U  O4
   0  56    U  C4
   0  56    U  C5        125.90   103.12    22.78  3.00e+00  5.77e+01   7.6*sigma
   0  11    G  O3'
   0  12    A  P
   0  12    A  O5'       104.00    92.64    11.36  1.50e+00  5.74e+01   7.6*sigma
   0  40    G  C6
   0  40    G  C5
   0  40    G  C4        118.80   141.49   -22.69  3.00e+00  5.72e+01   7.6*sigma
   0   9    C  O2
   0   9    C  C2
   0   9    C  N3        121.90   144.56   -22.66  3.00e+00  5.71e+01   7.6*sigma
   0  38    C  C4'
   0  38    C  O4'
   0  38    C  C1'       110.00    87.34    22.66  3.00e+00  5.70e+01   7.6*sigma
   0   5    C  O2
   0   5    C  C2
   0   5    C  N3        121.90   144.53   -22.63  3.00e+00  5.69e+01   7.5*sigma
   0   2    G  OP2
   0   2    G  P
   0   2    G  O5'       108.00    85.39    22.61  3.00e+00  5.68e+01   7.5*sigma
   0  17    C  C2
   0  17    C  N3
   0  17    C  C4        119.90   142.51   -22.61  3.00e+00  5.68e+01   7.5*sigma
   0  44    G  N2
   0  44    G  C2
   0  44    G  N3        119.90    97.32    22.58  3.00e+00  5.67e+01   7.5*sigma
   0   4    A  C2'
   0   4    A  C1'
   0   4    A  N9        112.00   100.72    11.28  1.50e+00  5.65e+01   7.5*sigma
   0   9    C  P
   0   9    C  O5'
   0   9    C  C5'       120.90   132.17   -11.27  1.50e+00  5.65e+01   7.5*sigma
   0  25    C  C2
   0  25    C  N3
   0  25    C  C4        119.90   142.44   -22.54  3.00e+00  5.64e+01   7.5*sigma
   0  31    A  C1'
   0  31    A  N9
   0  31    A  C4        126.30   103.86    22.44  3.00e+00  5.59e+01   7.5*sigma
   0  45    A  O3'
   0  46    A  P
   0  46    A  O5'       104.00    92.78    11.22  1.50e+00  5.59e+01   7.5*sigma
   0   8    U  C4'
   0   8    U  C3'
   0   8    U  C2'       102.60   110.08    -7.48  1.00e+00  5.59e+01   7.5*sigma
   0  19    C  C3'
   0  19    C  C2'
   0  19    C  C1'       101.30    93.83     7.47  1.00e+00  5.58e+01   7.5*sigma
   0  53    C  N1
   0  53    C  C6
   0  53    C  C5        121.00   143.40   -22.40  3.00e+00  5.57e+01   7.5*sigma
   0  41    G  C5'
   0  41    G  C4'
   0  41    G  C3'       116.00   104.81    11.19  1.50e+00  5.57e+01   7.5*sigma
   0  43    G  O6
   0  43    G  C6
   0  43    G  N1        119.90   142.27   -22.37  3.00e+00  5.56e+01   7.5*sigma
   0  57    C  N1
   0  57    C  C2
   0  57    C  N3        119.20    96.84    22.36  3.00e+00  5.56e+01   7.5*sigma
   0   7    C  O3'
   0   7    C  C3'
   0   7    C  C2'       113.70   102.52    11.18  1.50e+00  5.56e+01   7.5*sigma
   0  53    C  O4'
   0  53    C  C1'
   0  53    C  C2'       107.60   100.15     7.45  1.00e+00  5.56e+01   7.5*sigma
   0  43    G  OP2
   0  43    G  P
   0  43    G  O5'       108.00    85.65    22.35  3.00e+00  5.55e+01   7.5*sigma
   0  32    A  O5'
   0  32    A  C5'
   0  32    A  C4'       111.50   122.67   -11.17  1.50e+00  5.54e+01   7.4*sigma
   0  11    G  C5
   0  11    G  C6
   0  11    G  O6        128.60   106.30    22.30  3.00e+00  5.53e+01   7.4*sigma
   0  11    G  O3'
   0  12    A  P
   0  12    A  OP2       108.00    85.80    22.20  3.00e+00  5.48e+01   7.4*sigma
   0  53    C  O5'
   0  53    C  C5'
   0  53    C  C4'       111.50   100.41    11.09  1.50e+00  5.46e+01   7.4*sigma
   0  52    A  O5'
   0  52    A  C5'
   0  52    A  C4'       111.50   100.42    11.08  1.50e+00  5.46e+01   7.4*sigma
   0  25    C  O2
   0  25    C  C2
   0  25    C  N3        121.90   144.05   -22.15  3.00e+00  5.45e+01   7.4*sigma
   0  38    C  C4
   0  38    C  C5
   0  38    C  C6        117.40    95.27    22.13  3.00e+00  5.44e+01   7.4*sigma
   0  24    G  C6
   0  24    G  C5
   0  24    G  C4        118.80   140.93   -22.13  3.00e+00  5.44e+01   7.4*sigma
   0  34    G  C5'
   0  34    G  C4'
   0  34    G  C3'       116.00   127.06   -11.06  1.50e+00  5.43e+01   7.4*sigma
   0   4    A  C1'
   0   4    A  N9
   0   4    A  C8        127.70   149.81   -22.11  3.00e+00  5.43e+01   7.4*sigma
   0  50    U  N1
   0  50    U  C2
   0  50    U  N3        114.90    92.86    22.04  3.00e+00  5.40e+01   7.3*sigma
   0  46    A  C1'
   0  46    A  N9
   0  46    A  C8        127.70   149.71   -22.01  3.00e+00  5.38e+01   7.3*sigma
   0  47    U  N1
   0  47    U  C2
   0  47    U  N3        114.90    92.92    21.98  3.00e+00  5.37e+01   7.3*sigma
   0  28    C  N3
   0  28    C  C4
   0  28    C  C5        121.90    99.96    21.94  3.00e+00  5.35e+01   7.3*sigma
   0  15    G  OP1
   0  15    G  P
   0  15    G  O5'       108.00    86.10    21.90  3.00e+00  5.33e+01   7.3*sigma
   0  48    G  C2
   0  48    G  N3
   0  48    G  C4        111.90    90.05    21.85  3.00e+00  5.30e+01   7.3*sigma
   0  15    G  C6
   0  15    G  C5
   0  15    G  C4        118.80   140.63   -21.83  3.00e+00  5.29e+01   7.3*sigma
   0  28    C  N1
   0  28    C  C2
   0  28    C  N3        119.20    97.39    21.81  3.00e+00  5.28e+01   7.3*sigma
   0  26    A  C1'
   0  26    A  N9
   0  26    A  C4        126.30   104.53    21.77  3.00e+00  5.27e+01   7.3*sigma
   0  43    G  O3'
   0  43    G  C3'
   0  43    G  C2'       113.70   124.58   -10.88  1.50e+00  5.26e+01   7.3*sigma
   0  30    G  C4'
   0  30    G  O4'
   0  30    G  C1'       109.90   102.65     7.25  1.00e+00  5.25e+01   7.2*sigma
   0  12    A  C5
   0  12    A  C6
   0  12    A  N1        117.70    96.02    21.68  3.00e+00  5.22e+01   7.2*sigma
   0  54    C  O2'
   0  54    C  C2'
   0  54    C  C1'       108.40   119.23   -10.83  1.50e+00  5.21e+01   7.2*sigma
   0  42    U  C3'
   0  42    U  C2'
   0  42    U  C1'       101.30    94.09     7.21  1.00e+00  5.20e+01   7.2*sigma
   0  27    C  C2
   0  27    C  N3
   0  27    C  C4        119.90   141.53   -21.63  3.00e+00  5.20e+01   7.2*sigma
   0  45    A  C1'
   0  45    A  N9
   0  45    A  C8        127.70   149.31   -21.61  3.00e+00  5.19e+01   7.2*sigma
   0  26    A  C4'
   0  26    A  O4'
   0  26    A  C1'       109.90   117.09    -7.19  1.00e+00  5.17e+01   7.2*sigma
   0  34    G  C4'
   0  34    G  C3'
   0  34    G  C2'       102.60   109.78    -7.18  1.00e+00  5.16e+01   7.2*sigma
   0  10    G  C2
   0  10    G  N3
   0  10    G  C4        111.90    90.35    21.55  3.00e+00  5.16e+01   7.2*sigma
   0  25    C  O3'
   0  26    A  P
   0  26    A  O5'       104.00    93.23    10.77  1.50e+00  5.16e+01   7.2*sigma
   0  51    U  C4'
   0  51    U  C3'
   0  51    U  C2'       102.60   109.78    -7.18  1.00e+00  5.15e+01   7.2*sigma
   0   9    C  N1
   0   9    C  C2
   0   9    C  N3        119.20    97.69    21.51  3.00e+00  5.14e+01   7.2*sigma
   0  27    C  C4'
   0  27    C  C3'
   0  27    C  O3'       113.00   123.74   -10.74  1.50e+00  5.13e+01   7.2*sigma
   0  27    C  P
   0  27    C  O5'
   0  27    C  C5'       120.90   131.63   -10.73  1.50e+00  5.12e+01   7.2*sigma
   0  53    C  P
   0  53    C  O5'
   0  53    C  C5'       120.90   110.17    10.73  1.50e+00  5.12e+01   7.2*sigma
   0  53    C  O3'
   0  53    C  C3'
   0  53    C  C2'       113.70   124.43   -10.73  1.50e+00  5.11e+01   7.2*sigma
   0  45    A  O4'
   0  45    A  C1'
   0  45    A  C2'       107.60   114.75    -7.15  1.00e+00  5.11e+01   7.2*sigma
   0  32    A  C2'
   0  32    A  C1'
   0  32    A  N9        112.00   101.29    10.71  1.50e+00  5.10e+01   7.1*sigma
   0  46    A  C3'
   0  46    A  O3'
   0  47    U  P         120.20   109.49    10.71  1.50e+00  5.09e+01   7.1*sigma
   0  48    G  C5
   0  48    G  C6
   0  48    G  O6        128.60   107.20    21.40  3.00e+00  5.09e+01   7.1*sigma
   0  13    C  O3'
   0  14    U  P
   0  14    U  OP2       108.00   129.38   -21.38  3.00e+00  5.08e+01   7.1*sigma
   0  10    G  OP1
   0  10    G  P
   0  10    G  OP2       119.60    98.25    21.35  3.00e+00  5.06e+01   7.1*sigma
   0  10    G  O6
   0  10    G  C6
   0  10    G  N1        119.90   141.23   -21.33  3.00e+00  5.05e+01   7.1*sigma
   0   6    A  C1'
   0   6    A  N9
   0   6    A  C8        127.70   149.00   -21.30  3.00e+00  5.04e+01   7.1*sigma
   0  20    C  N1
   0  20    C  C2
   0  20    C  N3        119.20    97.91    21.29  3.00e+00  5.04e+01   7.1*sigma
   0  35    C  N3
   0  35    C  C4
   0  35    C  C5        121.90   100.62    21.28  3.00e+00  5.03e+01   7.1*sigma
   0  34    G  O2'
   0  34    G  C2'
   0  34    G  C1'       108.40    97.77    10.63  1.50e+00  5.02e+01   7.1*sigma
   0  52    A  O4'
   0  52    A  C1'
   0  52    A  N9        108.50   119.10   -10.60  1.50e+00  4.99e+01   7.1*sigma
   0  17    C  O5'
   0  17    C  C5'
   0  17    C  C4'       111.50   100.91    10.59  1.50e+00  4.98e+01   7.1*sigma
   0  58    C  N1
   0  58    C  C2
   0  58    C  N3        119.20    98.04    21.16  3.00e+00  4.98e+01   7.1*sigma
   0  56    U  N3
   0  56    U  C4
   0  56    U  O4        119.40   140.53   -21.13  3.00e+00  4.96e+01   7.0*sigma
   0  44    G  OP1
   0  44    G  P
   0  44    G  OP2       119.60    98.48    21.12  3.00e+00  4.96e+01   7.0*sigma
   0   5    C  N3
   0   5    C  C4
   0   5    C  C5        121.90   100.81    21.09  3.00e+00  4.94e+01   7.0*sigma
   0   2    G  C2'
   0   2    G  C1'
   0   2    G  N9        112.00   101.46    10.54  1.50e+00  4.94e+01   7.0*sigma
   0  16    A  P
   0  16    A  O5'
   0  16    A  C5'       120.90   110.37    10.53  1.50e+00  4.93e+01   7.0*sigma
   0   7    C  N3
   0   7    C  C4
   0   7    C  C5        121.90   100.91    20.99  3.00e+00  4.90e+01   7.0*sigma
   0   2    G  O2'
   0   2    G  C2'
   0   2    G  C1'       108.40    97.91    10.49  1.50e+00  4.89e+01   7.0*sigma
   0  46    A  O3'
   0  47    U  P
   0  47    U  OP2       108.00   128.97   -20.97  3.00e+00  4.89e+01   7.0*sigma
   0  17    C  C3'
   0  17    C  C2'
   0  17    C  C1'       101.30    94.32     6.98  1.00e+00  4.87e+01   7.0*sigma
   0  36    U  O4
   0  36    U  C4
   0  36    U  C5        125.90   104.98    20.92  3.00e+00  4.86e+01   7.0*sigma
   0  55    G  OP1
   0  55    G  P
   0  55    G  O5'       108.00    87.10    20.90  3.00e+00  4.85e+01   7.0*sigma
   0   7    C  C2
   0   7    C  N3
   0   7    C  C4        119.90   140.77   -20.87  3.00e+00  4.84e+01   7.0*sigma
   0  30    G  C2'
   0  30    G  C1'
   0  30    G  N9        112.00   101.58    10.42  1.50e+00  4.82e+01   6.9*sigma
   0  40    G  N7
   0  40    G  C5
   0  40    G  C4        110.80    89.97    20.83  3.00e+00  4.82e+01   6.9*sigma
   0  15    G  C2'
   0  15    G  C1'
   0  15    G  N9        112.00   101.59    10.41  1.50e+00  4.82e+01   6.9*sigma
   0  21    U  N1
   0  21    U  C2
   0  21    U  N3        114.90    94.08    20.82  3.00e+00  4.82e+01   6.9*sigma
   0  33    C  N4
   0  33    C  C4
   0  33    C  C5        120.20   141.00   -20.80  3.00e+00  4.81e+01   6.9*sigma
   0  18    G  C3'
   0  18    G  O3'
   0  19    C  P         120.20   109.81    10.39  1.50e+00  4.80e+01   6.9*sigma
   0  16    A  C1'
   0  16    A  N9
   0  16    A  C4        126.30   105.54    20.76  3.00e+00  4.79e+01   6.9*sigma
   0  52    A  O3'
   0  53    C  P
   0  53    C  O5'       104.00    93.63    10.37  1.50e+00  4.78e+01   6.9*sigma
   0  49    U  OP1
   0  49    U  P
   0  49    U  OP2       119.60    98.86    20.74  3.00e+00  4.78e+01   6.9*sigma
   0  44    G  O6
   0  44    G  C6
   0  44    G  N1        119.90   140.63   -20.73  3.00e+00  4.78e+01   6.9*sigma
   0  43    G  C4'
   0  43    G  O4'
   0  43    G  C1'       109.90   102.99     6.91  1.00e+00  4.77e+01   6.9*sigma
   0  48    G  OP2
   0  48    G  P
   0  48    G  O5'       108.00    87.31    20.69  3.00e+00  4.76e+01   6.9*sigma
   0  54    C  O4'
   0  54    C  C4'
   0  54    C  C3'       104.00   110.90    -6.90  1.00e+00  4.75e+01   6.9*sigma
   0  48    G  N1
   0  48    G  C2
   0  48    G  N3        123.90   144.57   -20.67  3.00e+00  4.75e+01   6.9*sigma
   0  55    G  C6
   0  55    G  C5
   0  55    G  C4        118.80   139.43   -20.63  3.00e+00  4.73e+01   6.9*sigma
   0  58    C  O2'
   0  58    C  C2'
   0  58    C  C1'       108.40   118.70   -10.30  1.50e+00  4.72e+01   6.9*sigma
   0  14    U  C4
   0  14    U  C5
   0  14    U  C6        119.70    99.11    20.59  3.00e+00  4.71e+01   6.9*sigma
   0  24    G  C4'
   0  24    G  O4'
   0  24    G  C1'       109.90   103.05     6.85  1.00e+00  4.70e+01   6.9*sigma
   0  16    A  O3'
   0  17    C  P
   0  17    C  O5'       104.00    93.73    10.27  1.50e+00  4.69e+01   6.8*sigma
   0   8    U  O3'
   0   9    C  P
   0   9    C  O5'       104.00    93.73    10.27  1.50e+00  4.69e+01   6.8*sigma
   0  43    G  C5
   0  43    G  C6
   0  43    G  O6        128.60   108.07    20.53  3.00e+00  4.68e+01   6.8*sigma
   0   9    C  C4
   0   9    C  C5
   0   9    C  C6        117.40    96.87    20.53  3.00e+00  4.68e+01   6.8*sigma
   0  15    G  O4'
   0  15    G  C1'
   0  15    G  C2'       107.60   114.42    -6.82  1.00e+00  4.66e+01   6.8*sigma
   0  55    G  O6
   0  55    G  C6
   0  55    G  N1        119.90   140.33   -20.43  3.00e+00  4.64e+01   6.8*sigma
   0  31    A  C1'
   0  31    A  N9
   0  31    A  C8        127.70   148.11   -20.41  3.00e+00  4.63e+01   6.8*sigma
   0  49    U  P
   0  49    U  O5'
   0  49    U  C5'       120.90   131.09   -10.19  1.50e+00  4.62e+01   6.8*sigma
   0  28    C  O2'
   0  28    C  C2'
   0  28    C  C1'       108.40    98.23    10.17  1.50e+00  4.60e+01   6.8*sigma
   0  55    G  N1
   0  55    G  C2
   0  55    G  N3        123.90   144.21   -20.31  3.00e+00  4.58e+01   6.8*sigma
   0  23    G  N7
   0  23    G  C5
   0  23    G  C4        110.80    90.50    20.30  3.00e+00  4.58e+01   6.8*sigma
   0  42    U  P
   0  42    U  O5'
   0  42    U  C5'       120.90   131.05   -10.15  1.50e+00  4.58e+01   6.8*sigma
   0  23    G  N1
   0  23    G  C2
   0  23    G  N3        123.90   144.19   -20.29  3.00e+00  4.57e+01   6.8*sigma
   0  43    G  O2'
   0  43    G  C2'
   0  43    G  C1'       108.40    98.26    10.14  1.50e+00  4.57e+01   6.8*sigma
   0  13    C  C3'
   0  13    C  C2'
   0  13    C  C1'       101.30    94.54     6.76  1.00e+00  4.57e+01   6.8*sigma
   0  31    A  C2'
   0  31    A  C1'
   0  31    A  N9        112.00   101.87    10.13  1.50e+00  4.56e+01   6.8*sigma
   0   3    C  N1
   0   3    C  C6
   0   3    C  C5        121.00   141.23   -20.23  3.00e+00  4.55e+01   6.7*sigma
   0  53    C  O2
   0  53    C  C2
   0  53    C  N3        121.90   142.12   -20.22  3.00e+00  4.54e+01   6.7*sigma
   0   3    C  O3'
   0   4    A  P
   0   4    A  OP2       108.00    87.80    20.20  3.00e+00  4.53e+01   6.7*sigma
   0  31    A  O4'
   0  31    A  C1'
   0  31    A  N9        108.50   118.60   -10.10  1.50e+00  4.53e+01   6.7*sigma
   0  33    C  N1
   0  33    C  C2
   0  33    C  N3        119.20    99.02    20.18  3.00e+00  4.52e+01   6.7*sigma
   0  22    C  C4
   0  22    C  C5
   0  22    C  C6        117.40    97.24    20.16  3.00e+00  4.52e+01   6.7*sigma
   0  14    U  O4
   0  14    U  C4
   0  14    U  C5        125.90   105.75    20.15  3.00e+00  4.51e+01   6.7*sigma
   0  13    C  O3'
   0  13    C  C3'
   0  13    C  C2'       113.70   123.76   -10.06  1.50e+00  4.50e+01   6.7*sigma
   0  23    G  C6
   0  23    G  N1
   0  23    G  C2        125.10   104.98    20.12  3.00e+00  4.50e+01   6.7*sigma
   0  39    C  N1
   0  39    C  C2
   0  39    C  O2        118.90   139.02   -20.12  3.00e+00  4.50e+01   6.7*sigma
   0  32    A  C3'
   0  32    A  O3'
   0  33    C  P         120.20   130.23   -10.03  1.50e+00  4.48e+01   6.7*sigma
   0  22    C  O5'
   0  22    C  C5'
   0  22    C  C4'       111.70   101.67    10.03  1.50e+00  4.47e+01   6.7*sigma
   0   2    G  C3'
   0   2    G  C2'
   0   2    G  O2'       110.70   120.72   -10.02  1.50e+00  4.46e+01   6.7*sigma
   0  28    C  O4'
   0  28    C  C4'
   0  28    C  C3'       104.00   110.67    -6.67  1.00e+00  4.45e+01   6.7*sigma
   0  37    C  N1
   0  37    C  C2
   0  37    C  N3        119.20    99.19    20.01  3.00e+00  4.45e+01   6.7*sigma
   0  20    C  C4
   0  20    C  C5
   0  20    C  C6        117.40    97.41    19.99  3.00e+00  4.44e+01   6.7*sigma
   0  16    A  O3'
   0  17    C  P
   0  17    C  OP2       108.00   127.98   -19.98  3.00e+00  4.44e+01   6.7*sigma
   0  57    C  N3
   0  57    C  C4
   0  57    C  C5        121.90   102.03    19.87  3.00e+00  4.39e+01   6.6*sigma
   0  46    A  C5'
   0  46    A  C4'
   0  46    A  C3'       116.00   125.93    -9.93  1.50e+00  4.38e+01   6.6*sigma
   0  47    U  C5'
   0  47    U  C4'
   0  47    U  O4'       109.80   119.73    -9.93  1.50e+00  4.38e+01   6.6*sigma
   0  50    U  C3'
   0  50    U  C2'
   0  50    U  C1'       101.30    94.69     6.61  1.00e+00  4.38e+01   6.6*sigma
   0  18    G  O2'
   0  18    G  C2'
   0  18    G  C1'       108.40    98.49     9.91  1.50e+00  4.37e+01   6.6*sigma
   0  29    U  N1
   0  29    U  C2
   0  29    U  N3        114.90    95.08    19.82  3.00e+00  4.37e+01   6.6*sigma
   0  43    G  O3'
   0  44    G  P
   0  44    G  OP1       108.00   127.82   -19.82  3.00e+00  4.36e+01   6.6*sigma
   0  49    U  O3'
   0  50    U  P
   0  50    U  OP2       108.00    88.19    19.81  3.00e+00  4.36e+01   6.6*sigma
   0  20    C  O4'
   0  20    C  C1'
   0  20    C  C2'       107.60   101.00     6.60  1.00e+00  4.36e+01   6.6*sigma
   0  11    G  O6
   0  11    G  C6
   0  11    G  N1        119.90   139.70   -19.80  3.00e+00  4.36e+01   6.6*sigma
   0   2    G  C6
   0   2    G  C5
   0   2    G  C4        118.80   138.59   -19.79  3.00e+00  4.35e+01   6.6*sigma
   0  45    A  P
   0  45    A  O5'
   0  45    A  C5'       120.90   111.02     9.88  1.50e+00  4.34e+01   6.6*sigma
   0  43    G  N7
   0  43    G  C5
   0  43    G  C4        110.80    91.07    19.73  3.00e+00  4.33e+01   6.6*sigma
   0  46    A  P
   0  46    A  O5'
   0  46    A  C5'       120.90   111.07     9.83  1.50e+00  4.30e+01   6.6*sigma
   0  54    C  C1'
   0  54    C  N1
   0  54    C  C2        118.80    99.16    19.64  3.00e+00  4.29e+01   6.5*sigma
   0  16    A  C5
   0  16    A  C6
   0  16    A  N1        117.70    98.11    19.59  3.00e+00  4.26e+01   6.5*sigma
   0   2    G  O5'
   0   2    G  C5'
   0   2    G  C4'       111.50   101.71     9.79  1.50e+00  4.26e+01   6.5*sigma
   0  52    A  C1'
   0  52    A  N9
   0  52    A  C4        126.30   106.72    19.58  3.00e+00  4.26e+01   6.5*sigma
   0  24    G  O3'
   0  25    C  P
   0  25    C  OP2       108.00   127.57   -19.57  3.00e+00  4.25e+01   6.5*sigma
   0  12    A  C4'
   0  12    A  C3'
   0  12    A  C2'       102.60   109.12    -6.52  1.00e+00  4.25e+01   6.5*sigma
   0  38    C  N1
   0  38    C  C2
   0  38    C  N3        119.20    99.66    19.54  3.00e+00  4.24e+01   6.5*sigma
   0  55    G  O3'
   0  55    G  C3'
   0  55    G  C2'       113.70   123.45    -9.75  1.50e+00  4.23e+01   6.5*sigma
   0  29    U  OP1
   0  29    U  P
   0  29    U  O5'       108.00    88.50    19.50  3.00e+00  4.23e+01   6.5*sigma
   0   6    A  N7
   0   6    A  C5
   0   6    A  C6        132.30   112.80    19.50  3.00e+00  4.22e+01   6.5*sigma
   0  50    U  C4
   0  50    U  C5
   0  50    U  C6        119.70   100.21    19.49  3.00e+00  4.22e+01   6.5*sigma
   0  23    G  OP2
   0  23    G  P
   0  23    G  O5'       108.00    88.53    19.47  3.00e+00  4.21e+01   6.5*sigma
   0  53    C  C2'
   0  53    C  C1'
   0  53    C  N1        112.00   102.28     9.72  1.50e+00  4.20e+01   6.5*sigma
   0  49    U  C1'
   0  49    U  N1
   0  49    U  C2        117.70    98.28    19.42  3.00e+00  4.19e+01   6.5*sigma
   0   1    C  N1
   0   1    C  C2
   0   1    C  N3        119.20    99.82    19.38  3.00e+00  4.17e+01   6.5*sigma
   0  27    C  O2'
   0  27    C  C2'
   0  27    C  C1'       108.40    98.71     9.69  1.50e+00  4.17e+01   6.5*sigma
   0  24    G  C6
   0  24    G  N1
   0  24    G  C2        125.10   105.75    19.35  3.00e+00  4.16e+01   6.5*sigma
   0  49    U  O4'
   0  49    U  C1'
   0  49    U  C2'       107.60   114.02    -6.42  1.00e+00  4.13e+01   6.4*sigma
   0  30    G  N7
   0  30    G  C5
   0  30    G  C4        110.80    91.54    19.26  3.00e+00  4.12e+01   6.4*sigma
   0  17    C  N1
   0  17    C  C2
   0  17    C  N3        119.20    99.94    19.26  3.00e+00  4.12e+01   6.4*sigma
   0  17    C  C4
   0  17    C  C5
   0  17    C  C6        117.40    98.14    19.26  3.00e+00  4.12e+01   6.4*sigma
   0  53    C  C4
   0  53    C  C5
   0  53    C  C6        117.40    98.17    19.23  3.00e+00  4.11e+01   6.4*sigma
   0  44    G  C5
   0  44    G  C6
   0  44    G  O6        128.60   109.37    19.23  3.00e+00  4.11e+01   6.4*sigma
   0  40    G  P
   0  40    G  O5'
   0  40    G  C5'       120.90   130.50    -9.60  1.50e+00  4.10e+01   6.4*sigma
   0  49    U  N1
   0  49    U  C2
   0  49    U  N3        114.90    95.72    19.18  3.00e+00  4.09e+01   6.4*sigma
   0  19    C  C2
   0  19    C  N3
   0  19    C  C4        119.90   139.08   -19.18  3.00e+00  4.09e+01   6.4*sigma
   0  12    A  C5
   0  12    A  C6
   0  12    A  N6        123.70   142.83   -19.13  3.00e+00  4.07e+01   6.4*sigma
   0  44    G  C2
   0  44    G  N3
   0  44    G  C4        111.90    92.77    19.13  3.00e+00  4.07e+01   6.4*sigma
   0   4    A  C4'
   0   4    A  C3'
   0   4    A  O3'       113.00   122.56    -9.56  1.50e+00  4.06e+01   6.4*sigma
   0  22    C  O2'
   0  22    C  C2'
   0  22    C  C1'       111.80   121.35    -9.55  1.50e+00  4.06e+01   6.4*sigma
   0   2    G  O3'
   0   3    C  P
   0   3    C  OP1       108.00   127.08   -19.08  3.00e+00  4.04e+01   6.4*sigma
   0  44    G  N1
   0  44    G  C2
   0  44    G  N3        123.90   142.93   -19.03  3.00e+00  4.02e+01   6.3*sigma
   0  22    C  P
   0  22    C  O5'
   0  22    C  C5'       120.90   111.40     9.50  1.50e+00  4.01e+01   6.3*sigma
   0  37    C  C5'
   0  37    C  C4'
   0  37    C  O4'       109.80   119.30    -9.50  1.50e+00  4.01e+01   6.3*sigma
   0  30    G  O4'
   0  30    G  C1'
   0  30    G  C2'       107.60   113.93    -6.33  1.00e+00  4.01e+01   6.3*sigma
   0   8    U  O2'
   0   8    U  C2'
   0   8    U  C1'       108.40   117.89    -9.49  1.50e+00  4.00e+01   6.3*sigma
   0  37    C  N1
   0  37    C  C2
   0  37    C  O2        118.90   137.83   -18.93  3.00e+00  3.98e+01   6.3*sigma
   0  16    A  O5'
   0  16    A  C5'
   0  16    A  C4'       111.50   102.05     9.45  1.50e+00  3.97e+01   6.3*sigma
   0  26    A  O3'
   0  27    C  P
   0  27    C  OP1       108.00   126.87   -18.87  3.00e+00  3.95e+01   6.3*sigma
   0  30    G  O3'
   0  31    A  P
   0  31    A  OP1       108.00    89.16    18.84  3.00e+00  3.94e+01   6.3*sigma
   0  44    G  N7
   0  44    G  C5
   0  44    G  C4        110.80    91.96    18.84  3.00e+00  3.94e+01   6.3*sigma
   0  35    C  C2'
   0  35    C  C1'
   0  35    C  N1        112.00   121.42    -9.42  1.50e+00  3.94e+01   6.3*sigma
   0  20    C  N3
   0  20    C  C4
   0  20    C  C5        121.90   103.13    18.77  3.00e+00  3.91e+01   6.3*sigma
   0  30    G  C6
   0  30    G  C5
   0  30    G  C4        118.80   137.57   -18.77  3.00e+00  3.91e+01   6.3*sigma
   0  57    C  O3'
   0  58    C  P
   0  58    C  O5'       104.00    94.65     9.35  1.50e+00  3.89e+01   6.2*sigma
   0  41    G  C8
   0  41    G  N7
   0  41    G  C5        104.30   122.98   -18.68  3.00e+00  3.88e+01   6.2*sigma
   0   5    C  OP1
   0   5    C  P
   0   5    C  OP2       119.60   100.94    18.66  3.00e+00  3.87e+01   6.2*sigma
   0  24    G  OP1
   0  24    G  P
   0  24    G  OP2       119.60   100.95    18.65  3.00e+00  3.86e+01   6.2*sigma
   0  57    C  O2
   0  57    C  C2
   0  57    C  N3        121.90   140.54   -18.64  3.00e+00  3.86e+01   6.2*sigma
   0  37    C  C4
   0  37    C  C5
   0  37    C  C6        117.40    98.77    18.63  3.00e+00  3.86e+01   6.2*sigma
   0  30    G  C3'
   0  30    G  O3'
   0  31    A  P         120.20   129.50    -9.30  1.50e+00  3.84e+01   6.2*sigma
   0   4    A  OP2
   0   4    A  P
   0   4    A  O5'       108.00   126.59   -18.59  3.00e+00  3.84e+01   6.2*sigma
   0  13    C  C2
   0  13    C  N3
   0  13    C  C4        119.90   138.48   -18.58  3.00e+00  3.84e+01   6.2*sigma
   0  25    C  C4'
   0  25    C  C3'
   0  25    C  C2'       102.60    96.42     6.18  1.00e+00  3.82e+01   6.2*sigma
   0  29    U  O3'
   0  30    G  P
   0  30    G  OP1       108.00   126.54   -18.54  3.00e+00  3.82e+01   6.2*sigma
   0  34    G  O6
   0  34    G  C6
   0  34    G  N1        119.90   138.42   -18.52  3.00e+00  3.81e+01   6.2*sigma
   0   9    C  C3'
   0   9    C  C2'
   0   9    C  C1'       101.30    95.13     6.17  1.00e+00  3.80e+01   6.2*sigma
   0  49    U  O5'
   0  49    U  C5'
   0  49    U  C4'       111.50   120.72    -9.22  1.50e+00  3.78e+01   6.1*sigma
   0  34    G  N9
   0  34    G  C4
   0  34    G  N3        126.00   107.57    18.43  3.00e+00  3.78e+01   6.1*sigma
   0   6    A  O3'
   0   7    C  P
   0   7    C  OP1       108.00    89.57    18.43  3.00e+00  3.78e+01   6.1*sigma
   0  45    A  O4'
   0  45    A  C1'
   0  45    A  N9        108.50   117.71    -9.21  1.50e+00  3.77e+01   6.1*sigma
   0  14    U  N1
   0  14    U  C2
   0  14    U  N3        114.90    96.47    18.43  3.00e+00  3.77e+01   6.1*sigma
   0   1    C  O2'
   0   1    C  C2'
   0   1    C  C1'       108.40    99.19     9.21  1.50e+00  3.77e+01   6.1*sigma
   0   3    C  P
   0   3    C  O5'
   0   3    C  C5'       120.90   130.10    -9.20  1.50e+00  3.76e+01   6.1*sigma
   0  44    G  C5'
   0  44    G  C4'
   0  44    G  C3'       116.00   106.81     9.19  1.50e+00  3.76e+01   6.1*sigma
   0  35    C  C4
   0  35    C  C5
   0  35    C  C6        117.40    99.02    18.38  3.00e+00  3.75e+01   6.1*sigma
   0  34    G  OP2
   0  34    G  P
   0  34    G  O5'       108.00    89.63    18.37  3.00e+00  3.75e+01   6.1*sigma
   0   3    C  O2
   0   3    C  C2
   0   3    C  N3        121.90   140.23   -18.33  3.00e+00  3.73e+01   6.1*sigma
   0  38    C  N1
   0  38    C  C2
   0  38    C  O2        118.90   137.19   -18.29  3.00e+00  3.72e+01   6.1*sigma
   0  48    G  O6
   0  48    G  C6
   0  48    G  N1        119.90   138.18   -18.28  3.00e+00  3.71e+01   6.1*sigma
   0   9    C  N4
   0   9    C  C4
   0   9    C  C5        120.20   138.46   -18.26  3.00e+00  3.70e+01   6.1*sigma
   0  12    A  O3'
   0  13    C  P
   0  13    C  OP1       108.00   126.25   -18.25  3.00e+00  3.70e+01   6.1*sigma
   0   1    C  C5'
   0   1    C  C4'
   0   1    C  C3'       116.00   125.12    -9.12  1.50e+00  3.70e+01   6.1*sigma
   0  14    U  P
   0  14    U  O5'
   0  14    U  C5'       120.90   130.01    -9.11  1.50e+00  3.69e+01   6.1*sigma
   0  25    C  N4
   0  25    C  C4
   0  25    C  C5        120.20   138.42   -18.22  3.00e+00  3.69e+01   6.1*sigma
   0  12    A  O4'
   0  12    A  C1'
   0  12    A  N9        108.50   117.61    -9.11  1.50e+00  3.69e+01   6.1*sigma
   0  52    A  C5
   0  52    A  C6
   0  52    A  N1        117.70    99.49    18.21  3.00e+00  3.68e+01   6.1*sigma
   0  34    G  C2'
   0  34    G  C1'
   0  34    G  N9        112.00   102.90     9.10  1.50e+00  3.68e+01   6.1*sigma
   0  55    G  C8
   0  55    G  N7
   0  55    G  C5        104.30   122.49   -18.19  3.00e+00  3.68e+01   6.1*sigma
   0  43    G  C2'
   0  43    G  C1'
   0  43    G  N9        112.00   102.91     9.09  1.50e+00  3.67e+01   6.1*sigma
   0  20    C  C3'
   0  20    C  C2'
   0  20    C  C1'       101.30    95.24     6.06  1.00e+00  3.67e+01   6.1*sigma
   0  18    G  C5'
   0  18    G  C4'
   0  18    G  C3'       116.00   125.08    -9.08  1.50e+00  3.66e+01   6.1*sigma
   0   7    C  O3'
   0   8    U  P
   0   8    U  OP2       108.00   126.15   -18.15  3.00e+00  3.66e+01   6.1*sigma
   0  51    U  C4
   0  51    U  C5
   0  51    U  C6        119.70   101.56    18.14  3.00e+00  3.66e+01   6.0*sigma
   0  33    C  O3'
   0  34    G  P
   0  34    G  OP1       108.00   126.12   -18.12  3.00e+00  3.65e+01   6.0*sigma
   0  40    G  N7
   0  40    G  C5
   0  40    G  C6        130.40   112.33    18.07  3.00e+00  3.63e+01   6.0*sigma
   0  15    G  N1
   0  15    G  C2
   0  15    G  N2        116.20   134.26   -18.06  3.00e+00  3.62e+01   6.0*sigma
   0  14    U  N3
   0  14    U  C4
   0  14    U  O4        119.40   137.44   -18.04  3.00e+00  3.62e+01   6.0*sigma
   0  55    G  C5
   0  55    G  C6
   0  55    G  O6        128.60   110.56    18.04  3.00e+00  3.62e+01   6.0*sigma
   0  15    G  O6
   0  15    G  C6
   0  15    G  N1        119.90   137.93   -18.03  3.00e+00  3.61e+01   6.0*sigma
   0  41    G  N7
   0  41    G  C5
   0  41    G  C4        110.80    92.78    18.02  3.00e+00  3.61e+01   6.0*sigma
   0  18    G  O6
   0  18    G  C6
   0  18    G  N1        119.90   137.91   -18.01  3.00e+00  3.61e+01   6.0*sigma
   0   2    G  O6
   0   2    G  C6
   0   2    G  N1        119.90   137.91   -18.01  3.00e+00  3.60e+01   6.0*sigma
   0   7    C  N1
   0   7    C  C6
   0   7    C  C5        121.00   138.94   -17.94  3.00e+00  3.58e+01   6.0*sigma
   0   8    U  C4
   0   8    U  C5
   0   8    U  C6        119.70   101.86    17.84  3.00e+00  3.54e+01   5.9*sigma
   0  48    G  C4'
   0  48    G  C3'
   0  48    G  C2'       102.60    96.66     5.94  1.00e+00  3.53e+01   5.9*sigma
   0  30    G  O3'
   0  31    A  P
   0  31    A  OP2       108.00    90.19    17.81  3.00e+00  3.52e+01   5.9*sigma
   0  23    G  C5
   0  23    G  C6
   0  23    G  O6        128.60   110.83    17.77  3.00e+00  3.51e+01   5.9*sigma
   0  32    A  C4'
   0  32    A  O4'
   0  32    A  C1'       109.90   103.98     5.92  1.00e+00  3.50e+01   5.9*sigma
   0  41    G  C4'
   0  41    G  C3'
   0  41    G  C2'       102.60    96.69     5.91  1.00e+00  3.49e+01   5.9*sigma
   0  28    C  O2
   0  28    C  C2
   0  28    C  N3        121.90   139.62   -17.72  3.00e+00  3.49e+01   5.9*sigma
   0  10    G  O3'
   0  11    G  P
   0  11    G  OP2       108.00   125.71   -17.71  3.00e+00  3.49e+01   5.9*sigma
   0  37    C  C1'
   0  37    C  N1
   0  37    C  C2        118.80   101.09    17.71  3.00e+00  3.49e+01   5.9*sigma
   0  22    C  N1
   0  22    C  C6
   0  22    C  C5        121.00   138.71   -17.71  3.00e+00  3.48e+01   5.9*sigma
   0   7    C  N3
   0   7    C  C4
   0   7    C  N4        118.00   100.30    17.70  3.00e+00  3.48e+01   5.9*sigma
   0   1    C  N4
   0   1    C  C4
   0   1    C  C5        120.20   137.89   -17.69  3.00e+00  3.48e+01   5.9*sigma
   0  44    G  O3'
   0  45    A  P
   0  45    A  OP2       108.00    90.32    17.68  3.00e+00  3.47e+01   5.9*sigma
   0  19    C  O4'
   0  19    C  C4'
   0  19    C  C3'       104.00   109.89    -5.89  1.00e+00  3.47e+01   5.9*sigma
   0  56    U  C5'
   0  56    U  C4'
   0  56    U  O4'       109.80   100.97     8.83  1.50e+00  3.47e+01   5.9*sigma
   0  29    U  C4
   0  29    U  C5
   0  29    U  C6        119.70   102.04    17.66  3.00e+00  3.46e+01   5.9*sigma
   0  41    G  OP1
   0  41    G  P
   0  41    G  OP2       119.60   101.95    17.65  3.00e+00  3.46e+01   5.9*sigma
   0  37    C  O4'
   0  37    C  C1'
   0  37    C  C2'       107.60   101.72     5.88  1.00e+00  3.46e+01   5.9*sigma
   0  18    G  N7
   0  18    G  C5
   0  18    G  C4        110.80    93.18    17.62  3.00e+00  3.45e+01   5.9*sigma
   0  23    G  C2
   0  23    G  N3
   0  23    G  C4        111.90    94.29    17.61  3.00e+00  3.44e+01   5.9*sigma
   0  28    C  O3'
   0  28    C  C3'
   0  28    C  C2'       113.70   104.90     8.80  1.50e+00  3.44e+01   5.9*sigma
   0  29    U  OP2
   0  29    U  P
   0  29    U  O5'       108.00    90.40    17.60  3.00e+00  3.44e+01   5.9*sigma
   0  44    G  C3'
   0  44    G  O3'
   0  45    A  P         120.20   111.40     8.80  1.50e+00  3.44e+01   5.9*sigma
   0  10    G  C6
   0  10    G  C5
   0  10    G  C4        118.80   136.37   -17.57  3.00e+00  3.43e+01   5.9*sigma
   0  37    C  C4'
   0  37    C  C3'
   0  37    C  C2'       102.60   108.46    -5.86  1.00e+00  3.43e+01   5.9*sigma
   0  34    G  C3'
   0  34    G  C2'
   0  34    G  C1'       101.30    95.45     5.85  1.00e+00  3.43e+01   5.9*sigma
   0  37    C  O4'
   0  37    C  C4'
   0  37    C  C3'       104.00    98.15     5.85  1.00e+00  3.42e+01   5.8*sigma
   0  44    G  C6
   0  44    G  C5
   0  44    G  C4        118.80   136.33   -17.53  3.00e+00  3.41e+01   5.8*sigma
   0  19    C  O3'
   0  20    C  P
   0  20    C  OP2       108.00   125.51   -17.51  3.00e+00  3.41e+01   5.8*sigma
   0  54    C  C4'
   0  54    C  C3'
   0  54    C  O3'       113.00   121.75    -8.75  1.50e+00  3.40e+01   5.8*sigma
   0  34    G  N7
   0  34    G  C5
   0  34    G  C4        110.80    93.31    17.49  3.00e+00  3.40e+01   5.8*sigma
   0  35    C  C2
   0  35    C  N3
   0  35    C  C4        119.90   137.37   -17.47  3.00e+00  3.39e+01   5.8*sigma
   0  10    G  C5
   0  10    G  C6
   0  10    G  O6        128.60   111.14    17.46  3.00e+00  3.39e+01   5.8*sigma
   0  54    C  N1
   0  54    C  C2
   0  54    C  O2        118.90   136.35   -17.45  3.00e+00  3.38e+01   5.8*sigma
   0   2    G  OP1
   0   2    G  P
   0   2    G  O5'       108.00    90.57    17.43  3.00e+00  3.38e+01   5.8*sigma
   0  29    U  C1'
   0  29    U  N1
   0  29    U  C2        117.70   100.28    17.42  3.00e+00  3.37e+01   5.8*sigma
   0   1    C  C5'
   0   1    C  C4'
   0   1    C  O4'       109.80   118.51    -8.71  1.50e+00  3.37e+01   5.8*sigma
   0  48    G  C8
   0  48    G  N7
   0  48    G  C5        104.30   121.71   -17.41  3.00e+00  3.37e+01   5.8*sigma
   0   5    C  C2
   0   5    C  N3
   0   5    C  C4        119.90   137.30   -17.40  3.00e+00  3.36e+01   5.8*sigma
   0  27    C  C2
   0  27    C  N1
   0  27    C  C6        120.20   102.80    17.40  3.00e+00  3.36e+01   5.8*sigma
   0  46    A  C4'
   0  46    A  O4'
   0  46    A  C1'       109.90   104.11     5.79  1.00e+00  3.36e+01   5.8*sigma
   0  53    C  N1
   0  53    C  C2
   0  53    C  N3        119.20   101.84    17.36  3.00e+00  3.35e+01   5.8*sigma
   0  18    G  C2'
   0  18    G  C1'
   0  18    G  N9        112.00   103.33     8.67  1.50e+00  3.34e+01   5.8*sigma
   0  30    G  C1'
   0  30    G  N9
   0  30    G  C8        127.00   144.33   -17.33  3.00e+00  3.34e+01   5.8*sigma
   0  20    C  O2
   0  20    C  C2
   0  20    C  N3        121.90   139.21   -17.31  3.00e+00  3.33e+01   5.8*sigma
   0  47    U  C1'
   0  47    U  N1
   0  47    U  C2        117.70   100.42    17.28  3.00e+00  3.32e+01   5.8*sigma
   0  10    G  C8
   0  10    G  N7
   0  10    G  C5        104.30   121.58   -17.28  3.00e+00  3.32e+01   5.8*sigma
   0  51    U  N1
   0  51    U  C2
   0  51    U  N3        114.90    97.63    17.27  3.00e+00  3.31e+01   5.8*sigma
   0  17    C  C3'
   0  17    C  C2'
   0  17    C  O2'       110.70   119.33    -8.63  1.50e+00  3.31e+01   5.8*sigma
   0  11    G  OP2
   0  11    G  P
   0  11    G  O5'       108.00    90.75    17.25  3.00e+00  3.31e+01   5.7*sigma
   0  52    A  P
   0  52    A  O5'
   0  52    A  C5'       120.90   112.31     8.59  1.50e+00  3.28e+01   5.7*sigma
   0  17    C  C2
   0  17    C  N1
   0  17    C  C6        120.20   103.02    17.18  3.00e+00  3.28e+01   5.7*sigma
   0  48    G  C5'
   0  48    G  C4'
   0  48    G  C3'       116.00   107.43     8.57  1.50e+00  3.27e+01   5.7*sigma
   0  10    G  OP1
   0  10    G  P
   0  10    G  O5'       108.00    90.88    17.12  3.00e+00  3.26e+01   5.7*sigma
   0  25    C  O4'
   0  25    C  C4'
   0  25    C  C3'       104.00   109.70    -5.70  1.00e+00  3.25e+01   5.7*sigma
   0  56    U  O2
   0  56    U  C2
   0  56    U  N3        122.20   139.30   -17.10  3.00e+00  3.25e+01   5.7*sigma
   0   2    G  C5
   0   2    G  C6
   0   2    G  O6        128.60   111.50    17.10  3.00e+00  3.25e+01   5.7*sigma
   0  39    C  C2
   0  39    C  N1
   0  39    C  C6        120.20   137.30   -17.10  3.00e+00  3.25e+01   5.7*sigma
   0   8    U  O3'
   0   8    U  C3'
   0   8    U  C2'       113.70   105.16     8.54  1.50e+00  3.24e+01   5.7*sigma
   0  50    U  C2'
   0  50    U  C1'
   0  50    U  N1        112.00   103.53     8.47  1.50e+00  3.19e+01   5.6*sigma
   0  29    U  N3
   0  29    U  C4
   0  29    U  O4        119.40   136.33   -16.93  3.00e+00  3.18e+01   5.6*sigma
   0  52    A  O3'
   0  53    C  P
   0  53    C  OP1       108.00    91.09    16.91  3.00e+00  3.18e+01   5.6*sigma
   0   2    G  C4'
   0   2    G  C3'
   0   2    G  C2'       102.60   108.24    -5.64  1.00e+00  3.18e+01   5.6*sigma
   0   1    C  N1
   0   1    C  C6
   0   1    C  C5        121.00   137.90   -16.90  3.00e+00  3.17e+01   5.6*sigma
   0  14    U  C3'
   0  14    U  O3'
   0  15    G  P         120.20   128.65    -8.45  1.50e+00  3.17e+01   5.6*sigma
   0  42    U  O4'
   0  42    U  C1'
   0  42    U  C2'       107.60   113.23    -5.63  1.00e+00  3.16e+01   5.6*sigma
   0  32    A  C1'
   0  32    A  N9
   0  32    A  C8        127.70   144.55   -16.85  3.00e+00  3.16e+01   5.6*sigma
   0  25    C  C1'
   0  25    C  N1
   0  25    C  C2        118.80   101.95    16.85  3.00e+00  3.15e+01   5.6*sigma
   0  38    C  O4'
   0  38    C  C4'
   0  38    C  C3'       104.20   121.05   -16.85  3.00e+00  3.15e+01   5.6*sigma
   0  19    C  O3'
   0  20    C  P
   0  20    C  O5'       104.00    95.58     8.42  1.50e+00  3.15e+01   5.6*sigma
   0   5    C  N1
   0   5    C  C6
   0   5    C  C5        121.00   137.83   -16.83  3.00e+00  3.15e+01   5.6*sigma
   0  46    A  C2'
   0  46    A  C1'
   0  46    A  N9        112.00   103.60     8.40  1.50e+00  3.14e+01   5.6*sigma
   0   2    G  N7
   0   2    G  C5
   0   2    G  C4        110.80    94.01    16.79  3.00e+00  3.13e+01   5.6*sigma
   0  37    C  O3'
   0  38    C  P
   0  38    C  O5'       104.00    95.61     8.39  1.50e+00  3.13e+01   5.6*sigma
   0  38    C  O4'
   0  38    C  C1'
   0  38    C  N1        108.50   125.26   -16.76  3.00e+00  3.12e+01   5.6*sigma
   0  51    U  N3
   0  51    U  C4
   0  51    U  O4        119.40   136.16   -16.76  3.00e+00  3.12e+01   5.6*sigma
   0  41    G  C6
   0  41    G  C5
   0  41    G  C4        118.80   135.51   -16.71  3.00e+00  3.10e+01   5.6*sigma
   0  30    G  N1
   0  30    G  C2
   0  30    G  N3        123.90   140.61   -16.71  3.00e+00  3.10e+01   5.6*sigma
   0   1    C  N3
   0   1    C  C4
   0   1    C  C5        121.90   105.21    16.69  3.00e+00  3.10e+01   5.6*sigma
   0  24    G  C2'
   0  24    G  C1'
   0  24    G  N9        112.00   103.66     8.34  1.50e+00  3.09e+01   5.6*sigma
   0  41    G  C6
   0  41    G  N1
   0  41    G  C2        125.10   108.43    16.67  3.00e+00  3.09e+01   5.6*sigma
   0  14    U  C1'
   0  14    U  N1
   0  14    U  C2        117.70   101.03    16.67  3.00e+00  3.09e+01   5.6*sigma
   0   4    A  C5
   0   4    A  C6
   0   4    A  N1        117.70   101.04    16.66  3.00e+00  3.09e+01   5.6*sigma
   0  18    G  N9
   0  18    G  C4
   0  18    G  N3        126.00   109.36    16.64  3.00e+00  3.08e+01   5.5*sigma
   0  24    G  C4'
   0  24    G  C3'
   0  24    G  C2'       102.60   108.14    -5.54  1.00e+00  3.07e+01   5.5*sigma
   0  55    G  N7
   0  55    G  C5
   0  55    G  C4        110.80    94.26    16.54  3.00e+00  3.04e+01   5.5*sigma
   0  35    C  N4
   0  35    C  C4
   0  35    C  C5        120.20   136.74   -16.54  3.00e+00  3.04e+01   5.5*sigma
   0  14    U  C2'
   0  14    U  C1'
   0  14    U  N1        112.00   103.75     8.25  1.50e+00  3.02e+01   5.5*sigma
   0  43    G  C8
   0  43    G  N7
   0  43    G  C5        104.30   120.79   -16.49  3.00e+00  3.02e+01   5.5*sigma
   0  32    A  C5
   0  32    A  C6
   0  32    A  N1        117.70   101.22    16.48  3.00e+00  3.02e+01   5.5*sigma
   0  43    G  O5'
   0  43    G  C5'
   0  43    G  C4'       111.50   103.26     8.24  1.50e+00  3.02e+01   5.5*sigma
   0  36    U  N1
   0  36    U  C2
   0  36    U  N3        114.90    98.43    16.47  3.00e+00  3.02e+01   5.5*sigma
   0  26    A  C5
   0  26    A  C6
   0  26    A  N6        123.70   140.17   -16.47  3.00e+00  3.01e+01   5.5*sigma
   0  24    G  N7
   0  24    G  C5
   0  24    G  C4        110.80    94.34    16.46  3.00e+00  3.01e+01   5.5*sigma
   0  35    C  O3'
   0  36    U  P
   0  36    U  OP2       108.00   124.43   -16.43  3.00e+00  3.00e+01   5.5*sigma
   0   3    C  C1'
   0   3    C  N1
   0   3    C  C2        118.80   102.42    16.38  3.00e+00  2.98e+01   5.5*sigma
   0  38    C  C4'
   0  38    C  C3'
   0  38    C  C2'       102.30    85.93    16.37  3.00e+00  2.98e+01   5.5*sigma
   0  15    G  N7
   0  15    G  C5
   0  15    G  C4        110.80    94.43    16.37  3.00e+00  2.98e+01   5.5*sigma
   0  48    G  OP1
   0  48    G  P
   0  48    G  O5'       108.00    91.65    16.35  3.00e+00  2.97e+01   5.5*sigma
   0  20    C  O5'
   0  20    C  C5'
   0  20    C  C4'       111.50   119.67    -8.17  1.50e+00  2.97e+01   5.4*sigma
   0  30    G  OP2
   0  30    G  P
   0  30    G  O5'       108.00    91.72    16.28  3.00e+00  2.95e+01   5.4*sigma
   0  44    G  C8
   0  44    G  N7
   0  44    G  C5        104.30   120.58   -16.28  3.00e+00  2.94e+01   5.4*sigma
   0  10    G  C5'
   0  10    G  C4'
   0  10    G  C3'       116.00   107.90     8.10  1.50e+00  2.92e+01   5.4*sigma
   0  35    C  O3'
   0  35    C  C3'
   0  35    C  C2'       113.70   105.60     8.10  1.50e+00  2.92e+01   5.4*sigma
   0  19    C  P
   0  19    C  O5'
   0  19    C  C5'       120.90   112.80     8.10  1.50e+00  2.92e+01   5.4*sigma
   0   7    C  C1'
   0   7    C  N1
   0   7    C  C2        118.80   102.61    16.19  3.00e+00  2.91e+01   5.4*sigma
   0   9    C  C2'
   0   9    C  C1'
   0   9    C  N1        112.00   103.90     8.10  1.50e+00  2.91e+01   5.4*sigma
   0  22    C  C1'
   0  22    C  N1
   0  22    C  C2        118.80   102.62    16.18  3.00e+00  2.91e+01   5.4*sigma
   0  17    C  N4
   0  17    C  C4
   0  17    C  C5        120.20   136.38   -16.18  3.00e+00  2.91e+01   5.4*sigma
   0   1    C  O4'
   0   1    C  C4'
   0   1    C  C3'       104.00   109.39    -5.39  1.00e+00  2.90e+01   5.4*sigma
   0  45    A  O3'
   0  46    A  P
   0  46    A  OP2       108.00    91.85    16.15  3.00e+00  2.90e+01   5.4*sigma
   0  40    G  C8
   0  40    G  N7
   0  40    G  C5        104.30   120.44   -16.14  3.00e+00  2.89e+01   5.4*sigma
   0  54    C  OP1
   0  54    C  P
   0  54    C  O5'       108.00    91.97    16.03  3.00e+00  2.86e+01   5.3*sigma
   0  45    A  C5
   0  45    A  C6
   0  45    A  N6        123.70   139.72   -16.02  3.00e+00  2.85e+01   5.3*sigma
   0  53    C  OP1
   0  53    C  P
   0  53    C  OP2       119.60   103.59    16.01  3.00e+00  2.85e+01   5.3*sigma
   0  51    U  C3'
   0  51    U  C2'
   0  51    U  C1'       101.30    95.97     5.33  1.00e+00  2.84e+01   5.3*sigma
   0  19    C  C4'
   0  19    C  C3'
   0  19    C  C2'       102.60    97.27     5.33  1.00e+00  2.84e+01   5.3*sigma
   0  36    U  C1'
   0  36    U  N1
   0  36    U  C2        117.70   101.78    15.92  3.00e+00  2.82e+01   5.3*sigma
   0  24    G  O5'
   0  24    G  C5'
   0  24    G  C4'       111.50   103.56     7.94  1.50e+00  2.80e+01   5.3*sigma
   0  51    U  O5'
   0  51    U  C5'
   0  51    U  C4'       111.50   103.57     7.93  1.50e+00  2.80e+01   5.3*sigma
   0  30    G  C3'
   0  30    G  C2'
   0  30    G  C1'       101.30   106.58    -5.28  1.00e+00  2.79e+01   5.3*sigma
   0  36    U  C3'
   0  36    U  C2'
   0  36    U  C1'       101.30    96.03     5.27  1.00e+00  2.78e+01   5.3*sigma
   0  11    G  C2'
   0  11    G  C1'
   0  11    G  N9        112.00   104.10     7.90  1.50e+00  2.78e+01   5.3*sigma
   0  48    G  O3'
   0  49    U  P
   0  49    U  OP1       108.00   123.78   -15.78  3.00e+00  2.77e+01   5.3*sigma
   0  11    G  OP1
   0  11    G  P
   0  11    G  O5'       108.00    92.22    15.78  3.00e+00  2.77e+01   5.3*sigma
   0  32    A  O2'
   0  32    A  C2'
   0  32    A  C1'       108.40   116.29    -7.89  1.50e+00  2.77e+01   5.3*sigma
   0  46    A  O4'
   0  46    A  C4'
   0  46    A  C3'       104.00   109.26    -5.26  1.00e+00  2.76e+01   5.3*sigma
   0  22    C  C4'
   0  22    C  C3'
   0  22    C  C2'       102.60   107.86    -5.26  1.00e+00  2.76e+01   5.3*sigma
   0  37    C  N3
   0  37    C  C4
   0  37    C  N4        118.00   133.76   -15.76  3.00e+00  2.76e+01   5.3*sigma
   0  32    A  O4'
   0  32    A  C1'
   0  32    A  N9        108.50   116.37    -7.87  1.50e+00  2.75e+01   5.2*sigma
   0  30    G  C5
   0  30    G  C6
   0  30    G  O6        128.60   112.86    15.74  3.00e+00  2.75e+01   5.2*sigma
   0  36    U  O3'
   0  37    C  P
   0  37    C  OP2       108.00    92.26    15.74  3.00e+00  2.75e+01   5.2*sigma
   0  20    C  O3'
   0  21    U  P
   0  21    U  OP1       108.00   123.73   -15.73  3.00e+00  2.75e+01   5.2*sigma
   0  19    C  C1'
   0  19    C  N1
   0  19    C  C2        118.80   103.08    15.72  3.00e+00  2.75e+01   5.2*sigma
   0  43    G  C6
   0  43    G  C5
   0  43    G  C4        118.80   134.49   -15.69  3.00e+00  2.74e+01   5.2*sigma
   0  15    G  C4'
   0  15    G  C3'
   0  15    G  C2'       102.60   107.83    -5.23  1.00e+00  2.74e+01   5.2*sigma
   0  44    G  OP1
   0  44    G  P
   0  44    G  O5'       108.00    92.32    15.68  3.00e+00  2.73e+01   5.2*sigma
   0  43    G  C6
   0  43    G  N1
   0  43    G  C2        125.10   109.47    15.63  3.00e+00  2.71e+01   5.2*sigma
   0  34    G  C3'
   0  34    G  O3'
   0  35    C  P         120.20   112.39     7.81  1.50e+00  2.71e+01   5.2*sigma
   0  12    A  C4'
   0  12    A  C3'
   0  12    A  O3'       113.00   120.81    -7.81  1.50e+00  2.71e+01   5.2*sigma
   0  35    C  C1'
   0  35    C  N1
   0  35    C  C2        118.80   103.20    15.60  3.00e+00  2.70e+01   5.2*sigma
   0  26    A  C8
   0  26    A  N9
   0  26    A  C4        105.80    90.21    15.59  3.00e+00  2.70e+01   5.2*sigma
   0  15    G  C5'
   0  15    G  C4'
   0  15    G  C3'       116.00   123.78    -7.78  1.50e+00  2.69e+01   5.2*sigma
   0  39    C  O2'
   0  39    C  C2'
   0  39    C  C1'       108.40   100.62     7.78  1.50e+00  2.69e+01   5.2*sigma
   0  30    G  O6
   0  30    G  C6
   0  30    G  N1        119.90   135.44   -15.54  3.00e+00  2.68e+01   5.2*sigma
   0  51    U  O2
   0  51    U  C2
   0  51    U  N3        122.20   137.73   -15.53  3.00e+00  2.68e+01   5.2*sigma
   0  11    G  C8
   0  11    G  N7
   0  11    G  C5        104.30   119.80   -15.50  3.00e+00  2.67e+01   5.2*sigma
   0  31    A  O3'
   0  32    A  P
   0  32    A  OP1       108.00    92.53    15.47  3.00e+00  2.66e+01   5.2*sigma
   0  26    A  O3'
   0  27    C  P
   0  27    C  O5'       104.00    96.27     7.73  1.50e+00  2.66e+01   5.2*sigma
   0  13    C  P
   0  13    C  O5'
   0  13    C  C5'       120.90   128.63    -7.73  1.50e+00  2.66e+01   5.2*sigma
   0  50    U  O2
   0  50    U  C2
   0  50    U  N3        122.20   137.67   -15.47  3.00e+00  2.66e+01   5.2*sigma
   0  48    G  N7
   0  48    G  C5
   0  48    G  C4        110.80    95.34    15.46  3.00e+00  2.66e+01   5.2*sigma
   0  55    G  N1
   0  55    G  C2
   0  55    G  N2        116.20   131.66   -15.46  3.00e+00  2.65e+01   5.2*sigma
   0  14    U  O2'
   0  14    U  C2'
   0  14    U  C1'       108.40   100.69     7.71  1.50e+00  2.64e+01   5.1*sigma
   0  28    C  C4
   0  28    C  C5
   0  28    C  C6        117.40   102.00    15.40  3.00e+00  2.64e+01   5.1*sigma
   0  10    G  N7
   0  10    G  C5
   0  10    G  C4        110.80    95.41    15.39  3.00e+00  2.63e+01   5.1*sigma
   0  22    C  N1
   0  22    C  C2
   0  22    C  N3        119.20   103.81    15.39  3.00e+00  2.63e+01   5.1*sigma
   0  41    G  N2
   0  41    G  C2
   0  41    G  N3        119.90   104.54    15.36  3.00e+00  2.62e+01   5.1*sigma
   0  15    G  C5
   0  15    G  C6
   0  15    G  O6        128.60   113.25    15.35  3.00e+00  2.62e+01   5.1*sigma
   0  45    A  C5
   0  45    A  C6
   0  45    A  N1        117.70   102.37    15.33  3.00e+00  2.61e+01   5.1*sigma
   0   9    C  O4'
   0   9    C  C1'
   0   9    C  C2'       107.60   102.49     5.11  1.00e+00  2.61e+01   5.1*sigma
   0  15    G  N1
   0  15    G  C2
   0  15    G  N3        123.90   139.20   -15.30  3.00e+00  2.60e+01   5.1*sigma
   0  39    C  N3
   0  39    C  C4
   0  39    C  C5        121.90   106.62    15.28  3.00e+00  2.59e+01   5.1*sigma
   0  57    C  O3'
   0  58    C  P
   0  58    C  OP2       108.00   123.24   -15.24  3.00e+00  2.58e+01   5.1*sigma
   0  53    C  N3
   0  53    C  C4
   0  53    C  N4        118.00   133.24   -15.24  3.00e+00  2.58e+01   5.1*sigma
   0  52    A  C6
   0  52    A  C5
   0  52    A  C4        117.00   101.81    15.19  3.00e+00  2.56e+01   5.1*sigma
   0  46    A  C8
   0  46    A  N7
   0  46    A  C5        103.90   119.08   -15.18  3.00e+00  2.56e+01   5.1*sigma
   0  50    U  C5'
   0  50    U  C4'
   0  50    U  O4'       109.80   102.23     7.57  1.50e+00  2.55e+01   5.0*sigma
   0  56    U  C4
   0  56    U  C5
   0  56    U  C6        119.70   104.58    15.12  3.00e+00  2.54e+01   5.0*sigma
   0  23    G  O3'
   0  24    G  P
   0  24    G  OP2       108.00    92.90    15.10  3.00e+00  2.53e+01   5.0*sigma
   0  24    G  O2'
   0  24    G  C2'
   0  24    G  C1'       108.40   100.85     7.55  1.50e+00  2.53e+01   5.0*sigma
   0  11    G  C1'
   0  11    G  N9
   0  11    G  C8        127.00   142.09   -15.09  3.00e+00  2.53e+01   5.0*sigma
   0  31    A  C4'
   0  31    A  O4'
   0  31    A  C1'       109.90   114.93    -5.03  1.00e+00  2.53e+01   5.0*sigma
   0  25    C  C3'
   0  25    C  O3'
   0  26    A  P         120.20   127.71    -7.51  1.50e+00  2.51e+01   5.0*sigma
   0  26    A  C3'
   0  26    A  C2'
   0  26    A  C1'       101.30   106.31    -5.01  1.00e+00  2.51e+01   5.0*sigma
   0  56    U  C3'
   0  56    U  C2'
   0  56    U  O2'       110.70   118.20    -7.50  1.50e+00  2.50e+01   5.0*sigma
   0  34    G  O4'
   0  34    G  C1'
   0  34    G  C2'       107.60   112.59    -4.99  1.00e+00  2.49e+01   5.0*sigma
   0   2    G  N9
   0   2    G  C4
   0   2    G  N3        126.00   111.05    14.95  3.00e+00  2.48e+01   5.0*sigma
   0  13    C  C1'
   0  13    C  N1
   0  13    C  C2        118.80   103.86    14.94  3.00e+00  2.48e+01   5.0*sigma
   0  31    A  C5
   0  31    A  C6
   0  31    A  N1        117.70   102.78    14.92  3.00e+00  2.47e+01   5.0*sigma
   0  11    G  N7
   0  11    G  C5
   0  11    G  C4        110.80    95.88    14.92  3.00e+00  2.47e+01   5.0*sigma
   0  37    C  P
   0  37    C  O5'
   0  37    C  C5'       120.90   113.44     7.46  1.50e+00  2.47e+01   5.0*sigma
   0   3    C  O4'
   0   3    C  C4'
   0   3    C  C3'       104.00   108.97    -4.97  1.00e+00  2.47e+01   5.0*sigma
   0  37    C  C2'
   0  37    C  C1'
   0  37    C  N1        112.00   119.44    -7.44  1.50e+00  2.46e+01   5.0*sigma
   0  34    G  O3'
   0  35    C  P
   0  35    C  OP1       108.00   122.85   -14.85  3.00e+00  2.45e+01   5.0*sigma
   0  52    A  C2
   0  52    A  N3
   0  52    A  C4        110.60    95.75    14.85  3.00e+00  2.45e+01   4.9*sigma
   0  45    A  O5'
   0  45    A  C5'
   0  45    A  C4'       111.50   118.91    -7.41  1.50e+00  2.44e+01   4.9*sigma
   0  47    U  C2'
   0  47    U  C1'
   0  47    U  N1        112.00   104.60     7.40  1.50e+00  2.44e+01   4.9*sigma
   0   8    U  O4'
   0   8    U  C4'
   0   8    U  C3'       104.00    99.07     4.93  1.00e+00  2.44e+01   4.9*sigma
   0  51    U  O4
   0  51    U  C4
   0  51    U  C5        125.90   111.12    14.78  3.00e+00  2.43e+01   4.9*sigma
   0  44    G  C6
   0  44    G  N1
   0  44    G  C2        125.10   110.38    14.72  3.00e+00  2.41e+01   4.9*sigma
   0  33    C  C2
   0  33    C  N3
   0  33    C  C4        119.90   134.60   -14.70  3.00e+00  2.40e+01   4.9*sigma
   0  28    C  C2
   0  28    C  N3
   0  28    C  C4        119.90   134.58   -14.68  3.00e+00  2.39e+01   4.9*sigma
   0  50    U  O4'
   0  50    U  C1'
   0  50    U  C2'       107.60   112.48    -4.88  1.00e+00  2.39e+01   4.9*sigma
   0  26    A  P
   0  26    A  O5'
   0  26    A  C5'       120.90   113.58     7.32  1.50e+00  2.38e+01   4.9*sigma
   0  57    C  C1'
   0  57    C  N1
   0  57    C  C2        118.80   104.18    14.62  3.00e+00  2.37e+01   4.9*sigma
   0   9    C  C2
   0   9    C  N1
   0   9    C  C6        120.20   105.59    14.61  3.00e+00  2.37e+01   4.9*sigma
   0  27    C  N4
   0  27    C  C4
   0  27    C  C5        120.20   134.80   -14.60  3.00e+00  2.37e+01   4.9*sigma
   0  58    C  N1
   0  58    C  C2
   0  58    C  O2        118.90   133.50   -14.60  3.00e+00  2.37e+01   4.9*sigma
   0  47    U  C4
   0  47    U  C5
   0  47    U  C6        119.70   105.11    14.59  3.00e+00  2.36e+01   4.9*sigma
   0  50    U  O4'
   0  50    U  C4'
   0  50    U  C3'       104.00   108.84    -4.84  1.00e+00  2.34e+01   4.8*sigma
   0  11    G  C6
   0  11    G  C5
   0  11    G  C4        118.80   133.32   -14.52  3.00e+00  2.34e+01   4.8*sigma
   0  20    C  C1'
   0  20    C  N1
   0  20    C  C2        118.80   104.28    14.52  3.00e+00  2.34e+01   4.8*sigma
   0  23    G  C6
   0  23    G  C5
   0  23    G  C4        118.80   133.31   -14.51  3.00e+00  2.34e+01   4.8*sigma
   0  39    C  P
   0  39    C  O5'
   0  39    C  C5'       120.90   113.64     7.26  1.50e+00  2.34e+01   4.8*sigma
   0  42    U  N1
   0  42    U  C2
   0  42    U  N3        114.90   100.39    14.51  3.00e+00  2.34e+01   4.8*sigma
   0  20    C  N4
   0  20    C  C4
   0  20    C  C5        120.20   134.66   -14.46  3.00e+00  2.32e+01   4.8*sigma
   0  18    G  C6
   0  18    G  N1
   0  18    G  C2        125.10   110.64    14.46  3.00e+00  2.32e+01   4.8*sigma
   0  21    U  C1'
   0  21    U  N1
   0  21    U  C2        117.70   103.25    14.45  3.00e+00  2.32e+01   4.8*sigma
   0  53    C  O4'
   0  53    C  C4'
   0  53    C  C3'       104.00   108.81    -4.81  1.00e+00  2.32e+01   4.8*sigma
   0  44    G  C1'
   0  44    G  N9
   0  44    G  C4        126.50   112.06    14.44  3.00e+00  2.32e+01   4.8*sigma
   0  14    U  N1
   0  14    U  C6
   0  14    U  C5        122.70   137.13   -14.43  3.00e+00  2.31e+01   4.8*sigma
   0  33    C  N3
   0  33    C  C4
   0  33    C  C5        121.90   107.50    14.40  3.00e+00  2.30e+01   4.8*sigma
   0   4    A  O4'
   0   4    A  C1'
   0   4    A  N9        108.50   115.67    -7.17  1.50e+00  2.28e+01   4.8*sigma
   0  54    C  O4'
   0  54    C  C1'
   0  54    C  C2'       107.60   102.82     4.78  1.00e+00  2.28e+01   4.8*sigma
   0  16    A  C4'
   0  16    A  C3'
   0  16    A  C2'       102.60   107.37    -4.77  1.00e+00  2.28e+01   4.8*sigma
   0   5    C  O4'
   0   5    C  C1'
   0   5    C  C2'       107.60   102.83     4.77  1.00e+00  2.28e+01   4.8*sigma
   0   7    C  OP1
   0   7    C  P
   0   7    C  OP2       119.60   105.29    14.31  3.00e+00  2.28e+01   4.8*sigma
   0   9    C  O5'
   0   9    C  C5'
   0   9    C  C4'       111.50   104.35     7.15  1.50e+00  2.27e+01   4.8*sigma
   0  39    C  O3'
   0  39    C  C3'
   0  39    C  C2'       113.70   120.84    -7.14  1.50e+00  2.27e+01   4.8*sigma
   0   8    U  C5'
   0   8    U  C4'
   0   8    U  O4'       109.80   116.94    -7.14  1.50e+00  2.26e+01   4.8*sigma
   0   5    C  OP1
   0   5    C  P
   0   5    C  O5'       108.00    93.73    14.27  3.00e+00  2.26e+01   4.8*sigma
   0  25    C  C3'
   0  25    C  C2'
   0  25    C  O2'       110.70   117.81    -7.11  1.50e+00  2.25e+01   4.7*sigma
   0  15    G  C1'
   0  15    G  N9
   0  15    G  C8        127.00   141.20   -14.20  3.00e+00  2.24e+01   4.7*sigma
   0  18    G  N7
   0  18    G  C5
   0  18    G  C6        130.40   116.21    14.19  3.00e+00  2.24e+01   4.7*sigma
   0  15    G  N9
   0  15    G  C4
   0  15    G  N3        126.00   111.81    14.19  3.00e+00  2.24e+01   4.7*sigma
   0  55    G  O4'
   0  55    G  C1'
   0  55    G  C2'       107.60   112.33    -4.73  1.00e+00  2.23e+01   4.7*sigma
   0  30    G  C1'
   0  30    G  N9
   0  30    G  C4        126.50   112.33    14.17  3.00e+00  2.23e+01   4.7*sigma
   0  51    U  C5'
   0  51    U  C4'
   0  51    U  O4'       109.80   102.75     7.05  1.50e+00  2.21e+01   4.7*sigma
   0  39    C  N1
   0  39    C  C2
   0  39    C  N3        119.20   105.11    14.09  3.00e+00  2.21e+01   4.7*sigma
   0  58    C  C1'
   0  58    C  N1
   0  58    C  C2        118.80   104.75    14.05  3.00e+00  2.19e+01   4.7*sigma
   0   9    C  O4'
   0   9    C  C4'
   0   9    C  C3'       104.00   108.68    -4.68  1.00e+00  2.19e+01   4.7*sigma
   0   9    C  C2
   0   9    C  N3
   0   9    C  C4        119.90   133.92   -14.02  3.00e+00  2.19e+01   4.7*sigma
   0  10    G  N1
   0  10    G  C2
   0  10    G  N2        116.20   130.21   -14.01  3.00e+00  2.18e+01   4.7*sigma
   0  46    A  O4'
   0  46    A  C1'
   0  46    A  N9        108.50   115.50    -7.00  1.50e+00  2.18e+01   4.7*sigma
   0   2    G  C8
   0   2    G  N7
   0   2    G  C5        104.30   118.30   -14.00  3.00e+00  2.18e+01   4.7*sigma
   0  41    G  C2
   0  41    G  N3
   0  41    G  C4        111.90    97.91    13.99  3.00e+00  2.18e+01   4.7*sigma
   0  40    G  C6
   0  40    G  N1
   0  40    G  C2        125.10   111.12    13.98  3.00e+00  2.17e+01   4.7*sigma
   0   2    G  C6
   0   2    G  N1
   0   2    G  C2        125.10   111.13    13.97  3.00e+00  2.17e+01   4.7*sigma
   0   1    C  C1'
   0   1    C  N1
   0   1    C  C2        118.80   104.84    13.96  3.00e+00  2.17e+01   4.7*sigma
   0  13    C  C4
   0  13    C  C5
   0  13    C  C6        117.40   103.47    13.93  3.00e+00  2.16e+01   4.6*sigma
   0  38    C  P
   0  38    C  O5'
   0  38    C  C5'       120.90   106.98    13.92  3.00e+00  2.15e+01   4.6*sigma
   0  52    A  C2'
   0  52    A  C1'
   0  52    A  N9        112.00   105.05     6.95  1.50e+00  2.15e+01   4.6*sigma
   0   4    A  C5
   0   4    A  C4
   0   4    A  N3        126.80   112.91    13.89  3.00e+00  2.14e+01   4.6*sigma
   0  20    C  O3'
   0  21    U  P
   0  21    U  OP2       108.00    94.11    13.89  3.00e+00  2.14e+01   4.6*sigma
   0  51    U  OP1
   0  51    U  P
   0  51    U  OP2       119.60   105.71    13.89  3.00e+00  2.14e+01   4.6*sigma
   0  34    G  C8
   0  34    G  N7
   0  34    G  C5        104.30   118.19   -13.89  3.00e+00  2.14e+01   4.6*sigma
   0  36    U  OP1
   0  36    U  P
   0  36    U  OP2       119.60   105.72    13.88  3.00e+00  2.14e+01   4.6*sigma
   0  40    G  O3'
   0  41    G  P
   0  41    G  OP1       108.00   121.85   -13.85  3.00e+00  2.13e+01   4.6*sigma
   0  49    U  O2
   0  49    U  C2
   0  49    U  N3        122.20   135.96   -13.76  3.00e+00  2.10e+01   4.6*sigma
   0  28    C  P
   0  28    C  O5'
   0  28    C  C5'       120.90   127.76    -6.86  1.50e+00  2.09e+01   4.6*sigma
   0   8    U  N1
   0   8    U  C2
   0   8    U  N3        114.90   101.20    13.70  3.00e+00  2.08e+01   4.6*sigma
   0  11    G  C6
   0  11    G  N1
   0  11    G  C2        125.10   111.41    13.69  3.00e+00  2.08e+01   4.6*sigma
   0  39    C  C5'
   0  39    C  C4'
   0  39    C  C3'       116.00   122.84    -6.84  1.50e+00  2.08e+01   4.6*sigma
   0  58    C  C3'
   0  58    C  C2'
   0  58    C  C1'       101.30    96.74     4.56  1.00e+00  2.08e+01   4.6*sigma
   0  49    U  C4
   0  49    U  C5
   0  49    U  C6        119.70   106.06    13.64  3.00e+00  2.07e+01   4.5*sigma
   0  57    C  OP1
   0  57    C  P
   0  57    C  OP2       119.60   105.96    13.64  3.00e+00  2.07e+01   4.5*sigma
   0  34    G  C6
   0  34    G  N1
   0  34    G  C2        125.10   111.46    13.64  3.00e+00  2.07e+01   4.5*sigma
   0  47    U  O2'
   0  47    U  C2'
   0  47    U  C1'       108.40   101.58     6.82  1.50e+00  2.07e+01   4.5*sigma
   0  18    G  C1'
   0  18    G  N9
   0  18    G  C8        127.00   140.63   -13.63  3.00e+00  2.06e+01   4.5*sigma
   0  42    U  OP1
   0  42    U  P
   0  42    U  OP2       119.60   105.97    13.63  3.00e+00  2.06e+01   4.5*sigma
   0   2    G  C1'
   0   2    G  N9
   0   2    G  C8        127.00   140.62   -13.62  3.00e+00  2.06e+01   4.5*sigma
   0  30    G  C6
   0  30    G  N1
   0  30    G  C2        125.10   111.53    13.57  3.00e+00  2.05e+01   4.5*sigma
   0  33    C  P
   0  33    C  O5'
   0  33    C  C5'       120.90   114.15     6.75  1.50e+00  2.03e+01   4.5*sigma
   0   8    U  C4'
   0   8    U  O4'
   0   8    U  C1'       109.90   105.40     4.50  1.00e+00  2.02e+01   4.5*sigma
   0  32    A  C4'
   0  32    A  C3'
   0  32    A  O3'       113.00   119.74    -6.74  1.50e+00  2.02e+01   4.5*sigma
   0  32    A  C8
   0  32    A  N7
   0  32    A  C5        103.90   117.37   -13.47  3.00e+00  2.02e+01   4.5*sigma
   0  42    U  C4'
   0  42    U  C3'
   0  42    U  C2'       102.60    98.11     4.49  1.00e+00  2.02e+01   4.5*sigma
   0  54    C  C3'
   0  54    C  C2'
   0  54    C  C1'       101.30   105.78    -4.48  1.00e+00  2.01e+01   4.5*sigma
   0  51    U  N1
   0  51    U  C6
   0  51    U  C5        122.70   136.09   -13.39  3.00e+00  1.99e+01   4.5*sigma
   0  20    C  C2
   0  20    C  N3
   0  20    C  C4        119.90   133.28   -13.38  3.00e+00  1.99e+01   4.5*sigma
   0  47    U  O2
   0  47    U  C2
   0  47    U  N3        122.20   135.56   -13.36  3.00e+00  1.98e+01   4.5*sigma
   0   1    C  P
   0   1    C  O5'
   0   1    C  C5'       120.90   127.58    -6.68  1.50e+00  1.98e+01   4.5*sigma
   0  10    G  C6
   0  10    G  N1
   0  10    G  C2        125.10   111.76    13.34  3.00e+00  1.98e+01   4.4*sigma
   0  24    G  C5
   0  24    G  C6
   0  24    G  O6        128.60   115.28    13.32  3.00e+00  1.97e+01   4.4*sigma
   0  55    G  O2'
   0  55    G  C2'
   0  55    G  C1'       108.40   101.75     6.65  1.50e+00  1.97e+01   4.4*sigma
   0   7    C  C4'
   0   7    C  C3'
   0   7    C  O3'       113.00   119.64    -6.64  1.50e+00  1.96e+01   4.4*sigma
   0  34    G  C1'
   0  34    G  N9
   0  34    G  C8        127.00   140.27   -13.27  3.00e+00  1.96e+01   4.4*sigma
   0   7    C  OP1
   0   7    C  P
   0   7    C  O5'       108.00    94.76    13.24  3.00e+00  1.95e+01   4.4*sigma
   0  18    G  N9
   0  18    G  C4
   0  18    G  C5        105.40   118.59   -13.19  3.00e+00  1.93e+01   4.4*sigma
   0   8    U  N3
   0   8    U  C4
   0   8    U  C5        114.60   101.42    13.18  3.00e+00  1.93e+01   4.4*sigma
   0  18    G  C4'
   0  18    G  C3'
   0  18    G  C2'       102.60   106.99    -4.39  1.00e+00  1.93e+01   4.4*sigma
   0  28    C  N1
   0  28    C  C6
   0  28    C  C5        121.00   134.16   -13.16  3.00e+00  1.93e+01   4.4*sigma
   0  58    C  C5'
   0  58    C  C4'
   0  58    C  O4'       109.80   103.22     6.58  1.50e+00  1.92e+01   4.4*sigma
   0  24    G  O6
   0  24    G  C6
   0  24    G  N1        119.90   133.06   -13.16  3.00e+00  1.92e+01   4.4*sigma
   0  29    U  OP1
   0  29    U  P
   0  29    U  OP2       119.60   106.47    13.13  3.00e+00  1.92e+01   4.4*sigma
   0  26    A  N7
   0  26    A  C5
   0  26    A  C4        110.70    97.57    13.13  3.00e+00  1.91e+01   4.4*sigma
   0  30    G  C3'
   0  30    G  C2'
   0  30    G  O2'       110.70   117.26    -6.56  1.50e+00  1.91e+01   4.4*sigma
   0  58    C  N3
   0  58    C  C4
   0  58    C  N4        118.00   131.09   -13.09  3.00e+00  1.90e+01   4.4*sigma
   0   5    C  C4'
   0   5    C  C3'
   0   5    C  C2'       102.60   106.96    -4.36  1.00e+00  1.90e+01   4.4*sigma
   0   3    C  C2
   0   3    C  N3
   0   3    C  C4        119.90   132.98   -13.08  3.00e+00  1.90e+01   4.4*sigma
   0  37    C  N1
   0  37    C  C6
   0  37    C  C5        121.00   134.05   -13.05  3.00e+00  1.89e+01   4.4*sigma
   0  21    U  C3'
   0  21    U  O3'
   0  22    C  P         120.20   113.68     6.52  1.50e+00  1.89e+01   4.3*sigma
   0   5    C  C4'
   0   5    C  C3'
   0   5    C  O3'       113.00   119.51    -6.51  1.50e+00  1.89e+01   4.3*sigma
   0  41    G  N1
   0  41    G  C2
   0  41    G  N3        123.90   136.93   -13.03  3.00e+00  1.89e+01   4.3*sigma
   0  26    A  O5'
   0  26    A  C5'
   0  26    A  C4'       111.50   104.99     6.51  1.50e+00  1.88e+01   4.3*sigma
   0  15    G  O3'
   0  16    A  P
   0  16    A  OP2       108.00    94.99    13.01  3.00e+00  1.88e+01   4.3*sigma
   0  47    U  C3'
   0  47    U  C2'
   0  47    U  O2'       110.70   117.20    -6.50  1.50e+00  1.88e+01   4.3*sigma
   0  29    U  C4'
   0  29    U  C3'
   0  29    U  C2'       102.60    98.27     4.33  1.00e+00  1.87e+01   4.3*sigma
   0  47    U  O3'
   0  47    U  C3'
   0  47    U  C2'       113.70   120.19    -6.49  1.50e+00  1.87e+01   4.3*sigma
   0  45    A  C5'
   0  45    A  C4'
   0  45    A  O4'       109.80   103.33     6.47  1.50e+00  1.86e+01   4.3*sigma
   0   5    C  C1'
   0   5    C  N1
   0   5    C  C2        118.80   105.87    12.93  3.00e+00  1.86e+01   4.3*sigma
   0  28    C  N4
   0  28    C  C4
   0  28    C  C5        120.20   133.11   -12.91  3.00e+00  1.85e+01   4.3*sigma
   0   2    G  C5'
   0   2    G  C4'
   0   2    G  C3'       116.00   109.54     6.46  1.50e+00  1.85e+01   4.3*sigma
   0  25    C  OP1
   0  25    C  P
   0  25    C  OP2       119.60   106.70    12.90  3.00e+00  1.85e+01   4.3*sigma
   0   5    C  P
   0   5    C  O5'
   0   5    C  C5'       120.90   127.34    -6.44  1.50e+00  1.84e+01   4.3*sigma
   0  55    G  C2'
   0  55    G  C1'
   0  55    G  N9        112.00   105.58     6.42  1.50e+00  1.83e+01   4.3*sigma
   0  56    U  O2'
   0  56    U  C2'
   0  56    U  C1'       108.40   114.81    -6.41  1.50e+00  1.83e+01   4.3*sigma
   0  34    G  N9
   0  34    G  C4
   0  34    G  C5        105.40   118.19   -12.79  3.00e+00  1.82e+01   4.3*sigma
   0  51    U  C2
   0  51    U  N3
   0  51    U  C4        127.00   139.79   -12.79  3.00e+00  1.82e+01   4.3*sigma
   0  27    C  C4
   0  27    C  C5
   0  27    C  C6        117.40   104.62    12.78  3.00e+00  1.82e+01   4.3*sigma
   0  30    G  N1
   0  30    G  C2
   0  30    G  N2        116.20   128.97   -12.77  3.00e+00  1.81e+01   4.3*sigma
   0  33    C  C1'
   0  33    C  N1
   0  33    C  C2        118.80   106.03    12.77  3.00e+00  1.81e+01   4.3*sigma
   0  23    G  O4'
   0  23    G  C1'
   0  23    G  C2'       107.60   103.35     4.25  1.00e+00  1.81e+01   4.3*sigma
   0  55    G  N9
   0  55    G  C4
   0  55    G  N3        126.00   113.24    12.76  3.00e+00  1.81e+01   4.3*sigma
   0  26    A  O3'
   0  27    C  P
   0  27    C  OP2       108.00    95.25    12.75  3.00e+00  1.81e+01   4.3*sigma
   0  16    A  C4'
   0  16    A  O4'
   0  16    A  C1'       109.90   105.65     4.25  1.00e+00  1.80e+01   4.2*sigma
   0  38    C  C1'
   0  38    C  N1
   0  38    C  C2        118.80   106.09    12.71  3.00e+00  1.80e+01   4.2*sigma
   0  15    G  C8
   0  15    G  N7
   0  15    G  C5        104.30   117.00   -12.70  3.00e+00  1.79e+01   4.2*sigma
   0  19    C  C5'
   0  19    C  C4'
   0  19    C  O4'       109.80   103.45     6.35  1.50e+00  1.79e+01   4.2*sigma
   0  36    U  C4
   0  36    U  C5
   0  36    U  C6        119.70   107.00    12.70  3.00e+00  1.79e+01   4.2*sigma
   0  58    C  O4'
   0  58    C  C4'
   0  58    C  C3'       104.00   108.23    -4.23  1.00e+00  1.79e+01   4.2*sigma
   0  54    C  N3
   0  54    C  C4
   0  54    C  C5        121.90   109.30    12.60  3.00e+00  1.76e+01   4.2*sigma
   0  24    G  N9
   0  24    G  C4
   0  24    G  N3        126.00   113.41    12.59  3.00e+00  1.76e+01   4.2*sigma
   0  14    U  C3'
   0  14    U  C2'
   0  14    U  O2'       110.70   116.99    -6.29  1.50e+00  1.76e+01   4.2*sigma
   0  34    G  C5
   0  34    G  C6
   0  34    G  O6        128.60   116.03    12.57  3.00e+00  1.76e+01   4.2*sigma
   0   7    C  C4
   0   7    C  C5
   0   7    C  C6        117.40   104.84    12.56  3.00e+00  1.75e+01   4.2*sigma
   0  21    U  C2
   0  21    U  N1
   0  21    U  C6        121.00   133.54   -12.54  3.00e+00  1.75e+01   4.2*sigma
   0  30    G  N9
   0  30    G  C4
   0  30    G  N3        126.00   113.46    12.54  3.00e+00  1.75e+01   4.2*sigma
   0  55    G  C6
   0  55    G  N1
   0  55    G  C2        125.10   112.58    12.52  3.00e+00  1.74e+01   4.2*sigma
   0   8    U  OP1
   0   8    U  P
   0   8    U  OP2       119.60   107.10    12.50  3.00e+00  1.74e+01   4.2*sigma
   0  42    U  C1'
   0  42    U  N1
   0  42    U  C2        117.70   105.20    12.50  3.00e+00  1.74e+01   4.2*sigma
   0  10    G  C1'
   0  10    G  N9
   0  10    G  C4        126.50   114.01    12.49  3.00e+00  1.73e+01   4.2*sigma
   0   2    G  O4'
   0   2    G  C4'
   0   2    G  C3'       104.00   108.16    -4.16  1.00e+00  1.73e+01   4.2*sigma
   0  46    A  C6
   0  46    A  C5
   0  46    A  C4        117.00   104.53    12.47  3.00e+00  1.73e+01   4.2*sigma
   0  48    G  C3'
   0  48    G  C2'
   0  48    G  C1'       101.30   105.45    -4.15  1.00e+00  1.72e+01   4.1*sigma
   0  14    U  O3'
   0  14    U  C3'
   0  14    U  C2'       113.70   119.91    -6.21  1.50e+00  1.72e+01   4.1*sigma
   0  11    G  C1'
   0  11    G  N9
   0  11    G  C4        126.50   114.09    12.41  3.00e+00  1.71e+01   4.1*sigma
   0   3    C  OP1
   0   3    C  P
   0   3    C  OP2       119.60   107.19    12.41  3.00e+00  1.71e+01   4.1*sigma
   0  25    C  O3'
   0  25    C  C3'
   0  25    C  C2'       113.70   119.90    -6.20  1.50e+00  1.71e+01   4.1*sigma
   0  24    G  N7
   0  24    G  C5
   0  24    G  C6        130.40   118.02    12.38  3.00e+00  1.70e+01   4.1*sigma
   0  56    U  OP1
   0  56    U  P
   0  56    U  OP2       119.60   107.24    12.36  3.00e+00  1.70e+01   4.1*sigma
   0  12    A  P
   0  12    A  O5'
   0  12    A  C5'       120.90   114.73     6.17  1.50e+00  1.69e+01   4.1*sigma
   0  27    C  N1
   0  27    C  C2
   0  27    C  O2        118.90   106.55    12.35  3.00e+00  1.69e+01   4.1*sigma
   0   5    C  O3'
   0   6    A  P
   0   6    A  OP2       108.00   120.35   -12.35  3.00e+00  1.69e+01   4.1*sigma
   0  48    G  C6
   0  48    G  N1
   0  48    G  C2        125.10   112.78    12.32  3.00e+00  1.69e+01   4.1*sigma
   0  27    C  N1
   0  27    C  C2
   0  27    C  N3        119.20   106.88    12.32  3.00e+00  1.69e+01   4.1*sigma
   0  22    C  O2
   0  22    C  C2
   0  22    C  N3        121.90   109.60    12.30  3.00e+00  1.68e+01   4.1*sigma
   0  14    U  O4'
   0  14    U  C4'
   0  14    U  C3'       104.00    99.90     4.10  1.00e+00  1.68e+01   4.1*sigma
   0   5    C  O2'
   0   5    C  C2'
   0   5    C  C1'       108.40   102.25     6.15  1.50e+00  1.68e+01   4.1*sigma
   0  38    C  O4'
   0  38    C  C1'
   0  38    C  C2'       107.40    95.11    12.29  3.00e+00  1.68e+01   4.1*sigma
   0  40    G  C4'
   0  40    G  C3'
   0  40    G  O3'       113.00   119.14    -6.14  1.50e+00  1.68e+01   4.1*sigma
   0  18    G  O4'
   0  18    G  C1'
   0  18    G  C2'       107.60   111.69    -4.09  1.00e+00  1.67e+01   4.1*sigma
   0  56    U  O3'
   0  57    C  P
   0  57    C  OP2       108.00   120.27   -12.27  3.00e+00  1.67e+01   4.1*sigma
   0  17    C  C4'
   0  17    C  C3'
   0  17    C  C2'       102.60    98.51     4.09  1.00e+00  1.67e+01   4.1*sigma
   0  25    C  C4
   0  25    C  C5
   0  25    C  C6        117.40   105.13    12.27  3.00e+00  1.67e+01   4.1*sigma
   0  38    C  C1'
   0  38    C  N1
   0  38    C  C6        120.80   108.54    12.26  3.00e+00  1.67e+01   4.1*sigma
   0  25    C  C2
   0  25    C  N1
   0  25    C  C6        120.20   107.94    12.26  3.00e+00  1.67e+01   4.1*sigma
   0  27    C  C2'
   0  27    C  C1'
   0  27    C  N1        112.00   105.88     6.12  1.50e+00  1.66e+01   4.1*sigma
   0  28    C  C4'
   0  28    C  C3'
   0  28    C  C2'       102.60    98.52     4.08  1.00e+00  1.66e+01   4.1*sigma
   0  30    G  C8
   0  30    G  N7
   0  30    G  C5        104.30   116.53   -12.23  3.00e+00  1.66e+01   4.1*sigma
   0  15    G  O4'
   0  15    G  C4'
   0  15    G  C3'       104.00    99.92     4.08  1.00e+00  1.66e+01   4.1*sigma
   0  53    C  N3
   0  53    C  C4
   0  53    C  C5        121.90   109.67    12.23  3.00e+00  1.66e+01   4.1*sigma
   0  49    U  C3'
   0  49    U  C2'
   0  49    U  O2'       110.70   104.59     6.11  1.50e+00  1.66e+01   4.1*sigma
   0  55    G  C1'
   0  55    G  N9
   0  55    G  C8        127.00   139.19   -12.19  3.00e+00  1.65e+01   4.1*sigma
   0  41    G  N9
   0  41    G  C8
   0  41    G  N7        113.10   100.92    12.18  3.00e+00  1.65e+01   4.1*sigma
   0  40    G  N2
   0  40    G  C2
   0  40    G  N3        119.90   107.73    12.17  3.00e+00  1.65e+01   4.1*sigma
   0  21    U  O3'
   0  22    C  P
   0  22    C  OP2       108.00    95.84    12.16  3.00e+00  1.64e+01   4.1*sigma
   0  54    C  C2'
   0  54    C  C1'
   0  54    C  N1        112.00   118.08    -6.08  1.50e+00  1.64e+01   4.1*sigma
   0   6    A  C4'
   0   6    A  C3'
   0   6    A  C2'       102.60    98.55     4.05  1.00e+00  1.64e+01   4.0*sigma
   0   3    C  C2'
   0   3    C  C1'
   0   3    C  N1        112.00   118.07    -6.07  1.50e+00  1.64e+01   4.0*sigma
   0  48    G  O4'
   0  48    G  C4'
   0  48    G  C3'       104.00   108.04    -4.04  1.00e+00  1.63e+01   4.0*sigma
   0  57    C  C2
   0  57    C  N3
   0  57    C  C4        119.90   132.00   -12.10  3.00e+00  1.63e+01   4.0*sigma
   0  47    U  OP2
   0  47    U  P
   0  47    U  O5'       108.00    95.93    12.07  3.00e+00  1.62e+01   4.0*sigma
   0  57    C  C3'
   0  57    C  O3'
   0  58    C  P         120.20   126.23    -6.03  1.50e+00  1.61e+01   4.0*sigma
   0   2    G  N1
   0   2    G  C2
   0   2    G  N2        116.20   128.23   -12.03  3.00e+00  1.61e+01   4.0*sigma
   0  27    C  C3'
   0  27    C  C2'
   0  27    C  C1'       101.30    97.29     4.01  1.00e+00  1.61e+01   4.0*sigma
   0  40    G  O2'
   0  40    G  C2'
   0  40    G  C1'       108.40   102.39     6.01  1.50e+00  1.60e+01   4.0*sigma

  Min. delta:    0.007 (Z=  0.004)
  Max. delta:   84.436 (Z= 56.291)
  Mean delta:   16.607 (Z=  8.934)

                      ----------Dihedral angles----------                      

  atoms                   ideal    model    delta   sigma  residual   deviation
   0  22    C  C5'
   0  22    C  C4'
   0  22    C  C3'
   0  22    C  O3'       147.00    22.50   124.50  8.00e+00  2.35e+02  15.6*sigma
   0  41    G  C5'
   0  41    G  C4'
   0  41    G  C3'
   0  41    G  O3'        82.00   -29.65   111.65  8.00e+00  2.05e+02  14.0*sigma
   0  44    G  C5'
   0  44    G  C4'
   0  44    G  C3'
   0  44    G  O3'        82.00   -26.53   108.53  8.00e+00  1.98e+02  13.6*sigma
   0  40    G  C5'
   0  40    G  C4'
   0  40    G  C3'
   0  40    G  O3'        82.00   -19.62   101.62  8.00e+00  1.80e+02  12.7*sigma
   0  43    G  C5'
   0  43    G  C4'
   0  43    G  C3'
   0  43    G  O3'        82.00   -16.24    98.24  8.00e+00  1.71e+02  12.3*sigma
   0  38    C  O4'
   0  38    C  C4'
   0  38    C  C3'
   0  38    C  C2'       -35.15     9.15   -44.30  4.00e+00  1.71e+02  11.1*sigma
   0  22    C  C4'
   0  22    C  O4'
   0  22    C  C1'
   0  22    C  C2'       339.00    65.24   -86.24  8.00e+00  1.40e+02  10.8*sigma
   0  38    C  C5'
   0  38    C  C4'
   0  38    C  C3'
   0  38    C  O3'        81.84    27.14    54.70  5.20e+00  7.74e+01  10.5*sigma
   0   2    G  C5'
   0   2    G  C4'
   0   2    G  C3'
   0   2    G  O3'        82.00    -1.56    83.56  8.00e+00  1.33e+02  10.4*sigma
   0  11    G  C5'
   0  11    G  C4'
   0  11    G  C3'
   0  11    G  O3'        82.00    -0.01    82.01  8.00e+00  1.29e+02  10.3*sigma
   0  18    G  C5'
   0  18    G  C4'
   0  18    G  C3'
   0  18    G  O3'        82.00     0.88    81.12  8.00e+00  1.27e+02  10.1*sigma
   0  38    C  C3'
   0  38    C  C4'
   0  38    C  O4'
   0  38    C  C1'        19.82   -32.71    52.53  5.20e+00  7.59e+01  10.1*sigma
   0  42    U  C5'
   0  42    U  C4'
   0  42    U  C3'
   0  42    U  O3'        82.00     1.32    80.68  8.00e+00  1.26e+02  10.1*sigma
   0  26    A  C5'
   0  26    A  C4'
   0  26    A  C3'
   0  26    A  O3'        82.00     4.82    77.18  8.00e+00  1.17e+02   9.6*sigma
   0  22    C  O4'
   0  22    C  C2'
   0  22    C  C1'
   0  22    C  C3'       -35.00    41.40   -76.40  8.00e+00  1.15e+02   9.6*sigma
   0  46    A  C5'
   0  46    A  C4'
   0  46    A  C3'
   0  46    A  O3'        82.00     6.62    75.38  8.00e+00  1.12e+02   9.4*sigma
   0  45    A  C5'
   0  45    A  C4'
   0  45    A  C3'
   0  45    A  O3'        82.00     7.64    74.36  8.00e+00  1.10e+02   9.3*sigma
   0  21    U  C5'
   0  21    U  C4'
   0  21    U  C3'
   0  21    U  O3'        82.00     7.85    74.15  8.00e+00  1.09e+02   9.3*sigma
   0  16    A  C5'
   0  16    A  C4'
   0  16    A  C3'
   0  16    A  O3'        82.00    10.23    71.77  8.00e+00  1.03e+02   9.0*sigma
   0  55    G  C5'
   0  55    G  C4'
   0  55    G  C3'
   0  55    G  O3'        82.00    10.52    71.48  8.00e+00  1.02e+02   8.9*sigma
   0  15    G  C5'
   0  15    G  C4'
   0  15    G  C3'
   0  15    G  O3'        82.00    11.55    70.45  8.00e+00  9.98e+01   8.8*sigma
   0  48    G  C5'
   0  48    G  C4'
   0  48    G  C3'
   0  48    G  O3'        82.00    14.61    67.39  8.00e+00  9.23e+01   8.4*sigma
   0  34    G  C5'
   0  34    G  C4'
   0  34    G  C3'
   0  34    G  O3'        82.00    15.65    66.35  8.00e+00  8.98e+01   8.3*sigma
   0  10    G  C5'
   0  10    G  C4'
   0  10    G  C3'
   0  10    G  O3'        82.00    16.70    65.30  8.00e+00  8.73e+01   8.2*sigma
   0  58    C  C5'
   0  58    C  C4'
   0  58    C  C3'
   0  58    C  O3'        82.00    17.33    64.67  8.00e+00  8.58e+01   8.1*sigma
   0  33    C  C4'
   0  33    C  O4'
   0  33    C  C1'
   0  33    C  C2'         3.00    67.07   -64.07  8.00e+00  8.44e+01   8.0*sigma
   0  51    U  C5'
   0  51    U  C4'
   0  51    U  C3'
   0  51    U  O3'        82.00    18.02    63.98  8.00e+00  8.42e+01   8.0*sigma
   0  57    C  C4'
   0  57    C  O4'
   0  57    C  C1'
   0  57    C  C2'         3.00    66.97   -63.97  8.00e+00  8.42e+01   8.0*sigma
   0  38    C  O4'
   0  38    C  C2'
   0  38    C  C1'
   0  38    C  C3'        25.59    55.06   -29.46  3.80e+00  7.18e+01   7.8*sigma
   0  24    G  C5'
   0  24    G  C4'
   0  24    G  C3'
   0  24    G  O3'        82.00    20.35    61.65  8.00e+00  7.88e+01   7.7*sigma
   0  39    C  C4'
   0  39    C  O4'
   0  39    C  C1'
   0  39    C  C2'         3.00    64.30   -61.30  8.00e+00  7.80e+01   7.7*sigma
   0  38    C  O5'
   0  38    C  C5'
   0  38    C  C4'
   0  38    C  C3'       180.00   109.03   -49.03  6.40e+00  4.79e+01   7.7*sigma
   0  37    C  C4'
   0  37    C  O4'
   0  37    C  C1'
   0  37    C  C2'         3.00    64.05   -61.05  8.00e+00  7.74e+01   7.6*sigma
   0  58    C  C4'
   0  58    C  O4'
   0  58    C  C1'
   0  58    C  C2'         3.00    63.82   -60.82  8.00e+00  7.69e+01   7.6*sigma
   0  17    C  C4'
   0  17    C  O4'
   0  17    C  C1'
   0  17    C  C2'         3.00    63.57   -60.57  8.00e+00  7.63e+01   7.6*sigma
   0  54    C  C4'
   0  54    C  O4'
   0  54    C  C1'
   0  54    C  C2'         3.00    63.55   -60.55  8.00e+00  7.62e+01   7.6*sigma
   0  19    C  C4'
   0  19    C  O4'
   0  19    C  C1'
   0  19    C  C2'         3.00    63.01   -60.01  8.00e+00  7.50e+01   7.5*sigma
   0  38    C  C4'
   0  38    C  O4'
   0  38    C  C1'
   0  38    C  C2'         3.88    41.37   -37.49  5.00e+00  5.90e+01   7.5*sigma
   0   7    C  C4'
   0   7    C  O4'
   0   7    C  C1'
   0   7    C  C2'         3.00    62.82   -59.82  8.00e+00  7.46e+01   7.5*sigma
   0  39    C  C5'
   0  39    C  C4'
   0  39    C  C3'
   0  39    C  O3'        82.00    22.56    59.44  8.00e+00  7.37e+01   7.4*sigma
   0   3    C  C4'
   0   3    C  O4'
   0   3    C  C1'
   0   3    C  C2'         3.00    62.23   -59.23  8.00e+00  7.33e+01   7.4*sigma
   0  23    G  C4'
   0  23    G  O4'
   0  23    G  C1'
   0  23    G  C2'         3.00    61.89   -58.89  8.00e+00  7.25e+01   7.4*sigma
   0  35    C  C4'
   0  35    C  O4'
   0  35    C  C1'
   0  35    C  C2'         3.00    61.42   -58.42  8.00e+00  7.15e+01   7.3*sigma
   0  53    C  C3'
   0  53    C  C4'
   0  53    C  O4'
   0  53    C  C1'        20.00   -38.14    58.14  8.00e+00  7.08e+01   7.3*sigma
   0  36    U  C5'
   0  36    U  C4'
   0  36    U  C3'
   0  36    U  O3'        82.00    24.29    57.71  8.00e+00  6.99e+01   7.2*sigma
   0  13    C  C4'
   0  13    C  O4'
   0  13    C  C1'
   0  13    C  C2'         3.00    60.10   -57.10  8.00e+00  6.85e+01   7.1*sigma
   0  54    C  C3'
   0  54    C  C4'
   0  54    C  O4'
   0  54    C  C1'        20.00   -37.10    57.10  8.00e+00  6.85e+01   7.1*sigma
   0  20    C  C4'
   0  20    C  O4'
   0  20    C  C1'
   0  20    C  C2'         3.00    58.97   -55.97  8.00e+00  6.61e+01   7.0*sigma
   0  21    U  C3'
   0  21    U  C4'
   0  21    U  O4'
   0  21    U  C1'        20.00   -35.35    55.35  8.00e+00  6.47e+01   6.9*sigma
   0   9    C  C4'
   0   9    C  O4'
   0   9    C  C1'
   0   9    C  C2'         3.00    58.14   -55.14  8.00e+00  6.43e+01   6.9*sigma
   0   8    U  C4'
   0   8    U  O4'
   0   8    U  C1'
   0   8    U  C2'         3.00    58.03   -55.03  8.00e+00  6.40e+01   6.9*sigma
   0   1    C  C4'
   0   1    C  O4'
   0   1    C  C1'
   0   1    C  C2'         3.00    57.90   -54.90  8.00e+00  6.37e+01   6.9*sigma
   0  39    C  C3'
   0  39    C  C4'
   0  39    C  O4'
   0  39    C  C1'        20.00   -34.76    54.76  8.00e+00  6.34e+01   6.8*sigma
   0   9    C  C3'
   0   9    C  C4'
   0   9    C  O4'
   0   9    C  C1'        20.00   -34.66    54.66  8.00e+00  6.32e+01   6.8*sigma
   0  25    C  C4'
   0  25    C  O4'
   0  25    C  C1'
   0  25    C  C2'         3.00    57.66   -54.66  8.00e+00  6.32e+01   6.8*sigma
   0  56    U  C4'
   0  56    U  O4'
   0  56    U  C1'
   0  56    U  C2'         3.00    57.22   -54.22  8.00e+00  6.23e+01   6.8*sigma
   0  36    U  C4'
   0  36    U  O4'
   0  36    U  C1'
   0  36    U  C2'         3.00    55.67   -52.67  8.00e+00  5.90e+01   6.6*sigma
   0  28    C  C4'
   0  28    C  O4'
   0  28    C  C1'
   0  28    C  C2'         3.00    55.57   -52.57  8.00e+00  5.88e+01   6.6*sigma
   0  42    U  C4'
   0  42    U  O4'
   0  42    U  C1'
   0  42    U  C2'         3.00    55.42   -52.42  8.00e+00  5.85e+01   6.6*sigma
   0  23    G  C3'
   0  23    G  C4'
   0  23    G  O4'
   0  23    G  C1'        20.00   -31.81    51.81  8.00e+00  5.73e+01   6.5*sigma
   0   8    U  C3'
   0   8    U  C4'
   0   8    U  O4'
   0   8    U  C1'        20.00   -31.45    51.45  8.00e+00  5.65e+01   6.4*sigma
   0   3    C  C3'
   0   3    C  C4'
   0   3    C  O4'
   0   3    C  C1'        20.00   -31.29    51.29  8.00e+00  5.62e+01   6.4*sigma
   0  51    U  C4'
   0  51    U  O4'
   0  51    U  C1'
   0  51    U  C2'         3.00    53.55   -50.55  8.00e+00  5.47e+01   6.3*sigma
   0   4    A  C5'
   0   4    A  C4'
   0   4    A  C3'
   0   4    A  O3'        82.00    32.01    49.99  8.00e+00  5.36e+01   6.2*sigma
   0  33    C  C3'
   0  33    C  C4'
   0  33    C  O4'
   0  33    C  C1'        20.00   -29.68    49.68  8.00e+00  5.29e+01   6.2*sigma
   0  58    C  C3'
   0  58    C  C4'
   0  58    C  O4'
   0  58    C  C1'        20.00   -29.54    49.54  8.00e+00  5.27e+01   6.2*sigma
   0   3    C  C5'
   0   3    C  C4'
   0   3    C  C3'
   0   3    C  O3'        82.00    32.82    49.18  8.00e+00  5.20e+01   6.1*sigma
   0  58    C  O4'
   0  58    C  C2'
   0  58    C  C1'
   0  58    C  C3'      -335.00    74.18   -49.18  8.00e+00  5.19e+01   6.1*sigma
   0  47    U  C4'
   0  47    U  O4'
   0  47    U  C1'
   0  47    U  C2'         3.00    51.95   -48.95  8.00e+00  5.15e+01   6.1*sigma
   0  50    U  C4'
   0  50    U  O4'
   0  50    U  C1'
   0  50    U  C2'         3.00    51.72   -48.72  8.00e+00  5.10e+01   6.1*sigma
   0  54    C  O4'
   0  54    C  C4'
   0  54    C  C3'
   0  54    C  C2'       325.00    13.40   -48.40  8.00e+00  5.04e+01   6.1*sigma
   0  22    C  C3'
   0  22    C  C4'
   0  22    C  O4'
   0  22    C  C1'       358.00   -49.87    47.87  8.00e+00  4.94e+01   6.0*sigma
   0  57    C  O4'
   0  57    C  C2'
   0  57    C  C1'
   0  57    C  C3'      -335.00    72.86   -47.86  8.00e+00  4.94e+01   6.0*sigma
   0  22    C  C4'
   0  22    C  C3'
   0  22    C  C2'
   0  22    C  C1'       325.00    12.67   -47.67  8.00e+00  4.90e+01   6.0*sigma
   0  12    A  C5'
   0  12    A  C4'
   0  12    A  C3'
   0  12    A  O3'        82.00    34.44    47.56  8.00e+00  4.88e+01   5.9*sigma
   0   5    C  C4'
   0   5    C  O4'
   0   5    C  C1'
   0   5    C  C2'         3.00    50.35   -47.35  8.00e+00  4.84e+01   5.9*sigma
   0   3    C  O4'
   0   3    C  C2'
   0   3    C  C1'
   0   3    C  C3'      -335.00    72.18   -47.18  8.00e+00  4.81e+01   5.9*sigma
   0  19    C  O4'
   0  19    C  C2'
   0  19    C  C1'
   0  19    C  C3'      -335.00    71.99   -46.99  8.00e+00  4.77e+01   5.9*sigma
   0  27    C  C4'
   0  27    C  O4'
   0  27    C  C1'
   0  27    C  C2'         3.00    49.29   -46.29  8.00e+00  4.64e+01   5.8*sigma
   0  17    C  C3'
   0  17    C  C4'
   0  17    C  O4'
   0  17    C  C1'        20.00   -26.27    46.27  8.00e+00  4.63e+01   5.8*sigma
   0  53    C  C4'
   0  53    C  O4'
   0  53    C  C1'
   0  53    C  C2'         3.00    49.19   -46.19  8.00e+00  4.62e+01   5.8*sigma
   0  21    U  O4'
   0  21    U  C4'
   0  21    U  C3'
   0  21    U  C2'       325.00    11.08   -46.08  8.00e+00  4.60e+01   5.8*sigma
   0  37    C  O4'
   0  37    C  C2'
   0  37    C  C1'
   0  37    C  C3'      -335.00    71.07   -46.07  8.00e+00  4.59e+01   5.8*sigma
   0  25    C  C3'
   0  25    C  C4'
   0  25    C  O4'
   0  25    C  C1'        20.00   -26.07    46.07  8.00e+00  4.59e+01   5.8*sigma
   0  53    C  O4'
   0  53    C  C4'
   0  53    C  C3'
   0  53    C  C2'       325.00    10.99   -45.99  8.00e+00  4.58e+01   5.7*sigma
   0  21    U  C4'
   0  21    U  O4'
   0  21    U  C1'
   0  21    U  C2'         3.00    48.92   -45.92  8.00e+00  4.57e+01   5.7*sigma
   0   7    C  O4'
   0   7    C  C2'
   0   7    C  C1'
   0   7    C  C3'      -335.00    70.64   -45.64  8.00e+00  4.51e+01   5.7*sigma
   0  33    C  O4'
   0  33    C  C2'
   0  33    C  C1'
   0  33    C  C3'      -335.00    70.54   -45.54  8.00e+00  4.49e+01   5.7*sigma
   0  29    U  C3'
   0  29    U  C4'
   0  29    U  O4'
   0  29    U  C1'        20.00   -25.46    45.46  8.00e+00  4.48e+01   5.7*sigma
   0  19    C  C3'
   0  19    C  C4'
   0  19    C  O4'
   0  19    C  C1'        20.00   -25.16    45.16  8.00e+00  4.42e+01   5.6*sigma
   0   1    C  O4'
   0   1    C  C2'
   0   1    C  C1'
   0   1    C  C3'      -335.00    70.12   -45.12  8.00e+00  4.41e+01   5.6*sigma
   0  49    U  C4'
   0  49    U  O4'
   0  49    U  C1'
   0  49    U  C2'         3.00    48.04   -45.04  8.00e+00  4.40e+01   5.6*sigma
   0  37    C  C5'
   0  37    C  C4'
   0  37    C  C3'
   0  37    C  O3'        82.00    37.33    44.67  8.00e+00  4.33e+01   5.6*sigma
   0   6    A  C5'
   0   6    A  C4'
   0   6    A  C3'
   0   6    A  O3'        82.00    37.46    44.54  8.00e+00  4.31e+01   5.6*sigma
   0  25    C  O4'
   0  25    C  C2'
   0  25    C  C1'
   0  25    C  C3'      -335.00    69.43   -44.43  8.00e+00  4.29e+01   5.6*sigma
   0  51    U  C3'
   0  51    U  C4'
   0  51    U  O4'
   0  51    U  C1'        20.00   -24.21    44.21  8.00e+00  4.25e+01   5.5*sigma
   0  42    U  C3'
   0  42    U  C4'
   0  42    U  O4'
   0  42    U  C1'        20.00   -24.09    44.09  8.00e+00  4.23e+01   5.5*sigma
   0   1    C  C3'
   0   1    C  C4'
   0   1    C  O4'
   0   1    C  C1'        20.00   -24.05    44.05  8.00e+00  4.22e+01   5.5*sigma
   0  14    U  C4'
   0  14    U  O4'
   0  14    U  C1'
   0  14    U  C2'         3.00    47.04   -44.04  8.00e+00  4.22e+01   5.5*sigma
   0   9    C  C5'
   0   9    C  C4'
   0   9    C  C3'
   0   9    C  O3'        82.00    38.09    43.91  8.00e+00  4.19e+01   5.5*sigma
   0  39    C  O4'
   0  39    C  C2'
   0  39    C  C1'
   0  39    C  C3'      -335.00    68.63   -43.63  8.00e+00  4.14e+01   5.5*sigma
   0  28    C  C3'
   0  28    C  C4'
   0  28    C  O4'
   0  28    C  C1'        20.00   -23.47    43.47  8.00e+00  4.11e+01   5.4*sigma
   0  20    C  O4'
   0  20    C  C2'
   0  20    C  C1'
   0  20    C  C3'      -335.00    68.47   -43.47  8.00e+00  4.11e+01   5.4*sigma
   0  13    C  C3'
   0  13    C  C4'
   0  13    C  O4'
   0  13    C  C1'        20.00   -23.44    43.44  8.00e+00  4.11e+01   5.4*sigma
   0  30    G  C5'
   0  30    G  C4'
   0  30    G  C3'
   0  30    G  O3'        82.00    38.60    43.40  8.00e+00  4.10e+01   5.4*sigma
   0  36    U  C3'
   0  36    U  C4'
   0  36    U  O4'
   0  36    U  C1'        20.00   -23.25    43.25  8.00e+00  4.08e+01   5.4*sigma
   0  35    C  O4'
   0  35    C  C2'
   0  35    C  C1'
   0  35    C  C3'      -335.00    67.66   -42.66  8.00e+00  3.97e+01   5.3*sigma
   0  27    C  O4'
   0  27    C  C2'
   0  27    C  C1'
   0  27    C  C3'      -335.00    67.62   -42.62  8.00e+00  3.96e+01   5.3*sigma
   0   7    C  C3'
   0   7    C  C4'
   0   7    C  O4'
   0   7    C  C1'        20.00   -22.62    42.62  8.00e+00  3.96e+01   5.3*sigma
   0  17    C  O4'
   0  17    C  C2'
   0  17    C  C1'
   0  17    C  C3'      -335.00    67.53   -42.53  8.00e+00  3.95e+01   5.3*sigma
   0  49    U  C5'
   0  49    U  C4'
   0  49    U  C3'
   0  49    U  O3'        82.00   124.08   -42.08  8.00e+00  3.87e+01   5.3*sigma
   0  57    C  C3'
   0  57    C  C4'
   0  57    C  O4'
   0  57    C  C1'        20.00   -21.89    41.89  8.00e+00  3.83e+01   5.2*sigma
   0  35    C  C3'
   0  35    C  C4'
   0  35    C  O4'
   0  35    C  C1'        20.00   -21.30    41.30  8.00e+00  3.73e+01   5.2*sigma
   0  20    C  C3'
   0  20    C  C4'
   0  20    C  O4'
   0  20    C  C1'        20.00   -21.05    41.05  8.00e+00  3.69e+01   5.1*sigma
   0  40    G  C3'
   0  40    G  C4'
   0  40    G  O4'
   0  40    G  C1'        20.00   -20.92    40.92  8.00e+00  3.67e+01   5.1*sigma
   0  28    C  O4'
   0  28    C  C2'
   0  28    C  C1'
   0  28    C  C3'      -335.00    65.84   -40.84  8.00e+00  3.65e+01   5.1*sigma
   0  51    U  C4'
   0  51    U  C3'
   0  51    U  O3'
   0  52    A  P        -140.00    41.39   178.61  3.50e+01  1.57e+01   5.1*sigma
   0  29    U  C4'
   0  29    U  O4'
   0  29    U  C1'
   0  29    U  C2'         3.00    43.82   -40.82  8.00e+00  3.65e+01   5.1*sigma
   0   5    C  C5'
   0   5    C  C4'
   0   5    C  C3'
   0   5    C  O3'        82.00    41.21    40.79  8.00e+00  3.64e+01   5.1*sigma
   0  23    G  C5'
   0  23    G  C4'
   0  23    G  C3'
   0  23    G  O3'        82.00    41.29    40.71  8.00e+00  3.63e+01   5.1*sigma
   0  40    G  C4'
   0  40    G  O4'
   0  40    G  C1'
   0  40    G  C2'         3.00    43.62   -40.62  8.00e+00  3.61e+01   5.1*sigma
   0  50    U  C3'
   0  50    U  C4'
   0  50    U  O4'
   0  50    U  C1'        20.00   -20.40    40.40  8.00e+00  3.58e+01   5.0*sigma
   0  53    C  C5'
   0  53    C  C4'
   0  53    C  C3'
   0  53    C  O3'        82.00    41.90    40.10  8.00e+00  3.53e+01   5.0*sigma
   0  13    C  O4'
   0  13    C  C2'
   0  13    C  C1'
   0  13    C  C3'      -335.00    65.08   -40.08  8.00e+00  3.52e+01   5.0*sigma
   0  37    C  C3'
   0  37    C  C4'
   0  37    C  O4'
   0  37    C  C1'        20.00   -19.92    39.92  8.00e+00  3.50e+01   5.0*sigma
   0  47    U  C3'
   0  47    U  C4'
   0  47    U  O4'
   0  47    U  C1'        20.00   -19.77    39.77  8.00e+00  3.47e+01   5.0*sigma
   0  39    C  O4'
   0  39    C  C4'
   0  39    C  C3'
   0  39    C  C2'       325.00     4.72   -39.72  8.00e+00  3.46e+01   5.0*sigma
   0   5    C  C3'
   0   5    C  C4'
   0   5    C  O4'
   0   5    C  C1'        20.00   -19.36    39.36  8.00e+00  3.40e+01   4.9*sigma
   0   5    C  O4'
   0   5    C  C2'
   0   5    C  C1'
   0   5    C  C3'      -335.00    64.22   -39.22  8.00e+00  3.38e+01   4.9*sigma
   0  29    U  C5'
   0  29    U  C4'
   0  29    U  C3'
   0  29    U  O3'        82.00    43.13    38.87  8.00e+00  3.32e+01   4.9*sigma
   0   8    U  C5'
   0   8    U  C4'
   0   8    U  C3'
   0   8    U  O3'        82.00    43.19    38.81  8.00e+00  3.31e+01   4.9*sigma
   0  44    G  C4'
   0  44    G  O4'
   0  44    G  C1'
   0  44    G  C2'         3.00    41.65   -38.65  8.00e+00  3.29e+01   4.8*sigma
   0   9    C  O4'
   0   9    C  C2'
   0   9    C  C1'
   0   9    C  C3'      -335.00    63.27   -38.27  8.00e+00  3.22e+01   4.8*sigma
   0  13    C  C5'
   0  13    C  C4'
   0  13    C  C3'
   0  13    C  O3'        82.00    43.74    38.26  8.00e+00  3.22e+01   4.8*sigma
   0  11    G  C4'
   0  11    G  O4'
   0  11    G  C1'
   0  11    G  C2'         3.00    41.16   -38.16  8.00e+00  3.21e+01   4.8*sigma
   0  25    C  C5'
   0  25    C  C4'
   0  25    C  C3'
   0  25    C  O3'        82.00    44.26    37.74  8.00e+00  3.14e+01   4.7*sigma
   0  40    G  O4'
   0  40    G  C4'
   0  40    G  C3'
   0  40    G  C2'       325.00     2.08   -37.08  8.00e+00  3.03e+01   4.6*sigma
   0  27    C  C3'
   0  27    C  C4'
   0  27    C  O4'
   0  27    C  C1'        20.00   -16.65    36.65  8.00e+00  2.97e+01   4.6*sigma
   0  49    U  C3'
   0  49    U  C4'
   0  49    U  O4'
   0  49    U  C1'        20.00   -16.58    36.58  8.00e+00  2.95e+01   4.6*sigma
   0  56    U  O4'
   0  56    U  C2'
   0  56    U  C1'
   0  56    U  C3'      -335.00    61.35   -36.35  8.00e+00  2.92e+01   4.5*sigma
   0  56    U  C3'
   0  56    U  C4'
   0  56    U  O4'
   0  56    U  C1'        20.00   -15.58    35.58  8.00e+00  2.80e+01   4.4*sigma
   0  34    G  C4'
   0  34    G  O4'
   0  34    G  C1'
   0  34    G  C2'         3.00    38.57   -35.57  8.00e+00  2.80e+01   4.4*sigma
   0  29    U  O4'
   0  29    U  C4'
   0  29    U  C3'
   0  29    U  C2'       325.00     0.57   -35.57  8.00e+00  2.80e+01   4.4*sigma
   0  43    G  C3'
   0  43    G  C4'
   0  43    G  O4'
   0  43    G  C1'        20.00   -15.39    35.39  8.00e+00  2.77e+01   4.4*sigma
   0  28    C  C4'
   0  28    C  C3'
   0  28    C  O3'
   0  29    U  P        -140.00    65.24   154.76  3.50e+01  1.49e+01   4.4*sigma
   0  14    U  C3'
   0  14    U  C4'
   0  14    U  O4'
   0  14    U  C1'        20.00   -14.86    34.86  8.00e+00  2.69e+01   4.4*sigma
   0  54    C  O4'
   0  54    C  C2'
   0  54    C  C1'
   0  54    C  C3'      -335.00    59.86   -34.86  8.00e+00  2.69e+01   4.4*sigma
   0  52    A  C5'
   0  52    A  C4'
   0  52    A  C3'
   0  52    A  O3'        82.00   116.81   -34.81  8.00e+00  2.68e+01   4.4*sigma
   0  56    U  C5'
   0  56    U  C4'
   0  56    U  C3'
   0  56    U  O3'        82.00    47.46    34.54  8.00e+00  2.64e+01   4.3*sigma
   0   9    C  O4'
   0   9    C  C4'
   0   9    C  C3'
   0   9    C  C2'       325.00    -0.79   -34.21  8.00e+00  2.59e+01   4.3*sigma
   0  47    U  O4'
   0  47    U  C2'
   0  47    U  C1'
   0  47    U  C3'      -335.00    59.19   -34.19  8.00e+00  2.59e+01   4.3*sigma
   0  26    A  O4'
   0  26    A  C4'
   0  26    A  C3'
   0  26    A  C2'       325.00    -0.93   -34.07  8.00e+00  2.58e+01   4.3*sigma
   0  42    U  O4'
   0  42    U  C4'
   0  42    U  C3'
   0  42    U  C2'       325.00    -0.95   -34.05  8.00e+00  2.57e+01   4.3*sigma
   0  18    G  C4'
   0  18    G  O4'
   0  18    G  C1'
   0  18    G  C2'         3.00    36.89   -33.89  8.00e+00  2.55e+01   4.2*sigma
   0  24    G  C4'
   0  24    G  O4'
   0  24    G  C1'
   0  24    G  C2'         3.00    36.88   -33.88  8.00e+00  2.55e+01   4.2*sigma
   0  41    G  C3'
   0  41    G  C4'
   0  41    G  O4'
   0  41    G  C1'        20.00   -13.85    33.85  8.00e+00  2.54e+01   4.2*sigma
   0  26    A  C3'
   0  26    A  C4'
   0  26    A  O4'
   0  26    A  C1'        20.00   -13.41    33.41  8.00e+00  2.48e+01   4.2*sigma
   0  21    U  C4'
   0  21    U  C3'
   0  21    U  O3'
   0  22    C  P        -140.00    74.96   145.04  3.50e+01  1.43e+01   4.1*sigma
   0  57    C  C5'
   0  57    C  C4'
   0  57    C  C3'
   0  57    C  O3'        82.00    48.85    33.15  8.00e+00  2.44e+01   4.1*sigma
   0  37    C  C4'
   0  37    C  C3'
   0  37    C  O3'
   0  38    C  P        -140.00     4.95  -144.95  3.50e+01  1.43e+01   4.1*sigma
   0  41    G  O4'
   0  41    G  C4'
   0  41    G  C3'
   0  41    G  C2'       325.00    -1.88   -33.12  8.00e+00  2.44e+01   4.1*sigma
   0  10    G  C4'
   0  10    G  O4'
   0  10    G  C1'
   0  10    G  C2'         3.00    36.10   -33.10  8.00e+00  2.43e+01   4.1*sigma
   0  36    U  O4'
   0  36    U  C4'
   0  36    U  C3'
   0  36    U  C2'       325.00    -1.97   -33.03  8.00e+00  2.42e+01   4.1*sigma
   0  27    C  C5'
   0  27    C  C4'
   0  27    C  C3'
   0  27    C  O3'        82.00    49.25    32.75  8.00e+00  2.38e+01   4.1*sigma
   0  51    U  O4'
   0  51    U  C4'
   0  51    U  C3'
   0  51    U  C2'       325.00    -2.26   -32.74  8.00e+00  2.38e+01   4.1*sigma
   0  40    G  P
   0  40    G  O5'
   0  40    G  C5'
   0  40    G  C4'       170.00     6.63   163.37  4.00e+01  1.17e+01   4.1*sigma
   0  16    A  O4'
   0  16    A  C4'
   0  16    A  C3'
   0  16    A  C2'       325.00    -2.36   -32.64  8.00e+00  2.37e+01   4.1*sigma
   0  44    G  C3'
   0  44    G  C4'
   0  44    G  O4'
   0  44    G  C1'        20.00   -12.60    32.60  8.00e+00  2.36e+01   4.1*sigma
   0  50    U  C4'
   0  50    U  C3'
   0  50    U  O3'
   0  51    U  P        -140.00     2.16  -142.16  3.50e+01  1.40e+01   4.1*sigma
   0   8    U  O4'
   0   8    U  C4'
   0   8    U  C3'
   0   8    U  C2'       325.00    -2.87   -32.13  8.00e+00  2.30e+01   4.0*sigma

  Min. delta:    0.053
  Max. delta:  178.613
  Mean delta:   53.467

                       ----------Chiral volumes----------                      

  atoms                   ideal    model    delta   sigma  residual   deviation
   0  26    A  C3'
   0  26    A  C4'
   0  26    A  O3'
   0  26    A  C2'        -2.48     1.66    -4.14  2.00e-01  4.28e+02  20.7*sigma
   0  22    C  C4'
   0  22    C  C5'
   0  22    C  O4'
   0  22    C  C3'        -2.50     1.47    -3.97  2.00e-01  3.95e+02  19.9*sigma
   0  16    A  C3'
   0  16    A  C4'
   0  16    A  O3'
   0  16    A  C2'        -2.48     1.30    -3.77  2.00e-01  3.56e+02  18.9*sigma
   0  46    A  C3'
   0  46    A  C4'
   0  46    A  O3'
   0  46    A  C2'        -2.48     1.18    -3.66  2.00e-01  3.34e+02  18.3*sigma
   0  45    A  C3'
   0  45    A  C4'
   0  45    A  O3'
   0  45    A  C2'        -2.48     1.00    -3.47  2.00e-01  3.02e+02  17.4*sigma
   0  41    G  C3'
   0  41    G  C4'
   0  41    G  O3'
   0  41    G  C2'        -2.48     0.93    -3.41  2.00e-01  2.90e+02  17.0*sigma
   0  39    C  C4'
   0  39    C  C5'
   0  39    C  O4'
   0  39    C  C3'        -2.50     0.91    -3.41  2.00e-01  2.90e+02  17.0*sigma
   0  40    G  C3'
   0  40    G  C4'
   0  40    G  O3'
   0  40    G  C2'        -2.48     0.93    -3.40  2.00e-01  2.89e+02  17.0*sigma
   0  54    C  C4'
   0  54    C  C5'
   0  54    C  O4'
   0  54    C  C3'        -2.50     0.76    -3.25  2.00e-01  2.65e+02  16.3*sigma
   0  12    A  C3'
   0  12    A  C4'
   0  12    A  O3'
   0  12    A  C2'        -2.48     0.72    -3.19  2.00e-01  2.55e+02  16.0*sigma
   0  21    U  C4'
   0  21    U  C5'
   0  21    U  O4'
   0  21    U  C3'        -2.50     0.50    -2.99  2.00e-01  2.24e+02  15.0*sigma
   0  53    C  C4'
   0  53    C  C5'
   0  53    C  O4'
   0  53    C  C3'        -2.50     0.39    -2.89  2.00e-01  2.09e+02  14.5*sigma
   0  40    G  C4'
   0  40    G  C5'
   0  40    G  O4'
   0  40    G  C3'        -2.50     0.33    -2.83  2.00e-01  2.00e+02  14.1*sigma
   0  44    G  C3'
   0  44    G  C4'
   0  44    G  O3'
   0  44    G  C2'        -2.48     0.35    -2.83  2.00e-01  2.00e+02  14.1*sigma
   0  41    G  C4'
   0  41    G  C5'
   0  41    G  O4'
   0  41    G  C3'        -2.50     0.32    -2.82  2.00e-01  1.99e+02  14.1*sigma
   0  43    G  C3'
   0  43    G  C4'
   0  43    G  O3'
   0  43    G  C2'        -2.48     0.26    -2.74  2.00e-01  1.87e+02  13.7*sigma
   0  43    G  C4'
   0  43    G  C5'
   0  43    G  O4'
   0  43    G  C3'        -2.50     0.23    -2.73  2.00e-01  1.86e+02  13.7*sigma
   0  44    G  C4'
   0  44    G  C5'
   0  44    G  O4'
   0  44    G  C3'        -2.50     0.15    -2.65  2.00e-01  1.75e+02  13.2*sigma
   0   6    A  C3'
   0   6    A  C4'
   0   6    A  O3'
   0   6    A  C2'        -2.48     0.16    -2.64  2.00e-01  1.74e+02  13.2*sigma
   0   4    A  C3'
   0   4    A  C4'
   0   4    A  O3'
   0   4    A  C2'        -2.48     0.16    -2.63  2.00e-01  1.73e+02  13.2*sigma
   0  58    C  C3'
   0  58    C  C4'
   0  58    C  O3'
   0  58    C  C2'        -2.48     0.08    -2.56  2.00e-01  1.64e+02  12.8*sigma
   0  22    C  C1'
   0  22    C  O4'
   0  22    C  C2'
   0  22    C  N1          2.45    -0.06     2.51  2.00e-01  1.57e+02  12.5*sigma
   0  23    G  C4'
   0  23    G  C5'
   0  23    G  O4'
   0  23    G  C3'        -2.50    -0.03    -2.47  2.00e-01  1.52e+02  12.3*sigma
   0  42    U  C4'
   0  42    U  C5'
   0  42    U  O4'
   0  42    U  C3'        -2.50    -0.03    -2.46  2.00e-01  1.52e+02  12.3*sigma
   0  32    A  C3'
   0  32    A  C4'
   0  32    A  O3'
   0  32    A  C2'        -2.48    -0.01    -2.46  2.00e-01  1.52e+02  12.3*sigma
   0  10    G  P
   0  10    G  OP1
   0  10    G  OP2
   0  10    G  O5'         2.41    -4.87    -2.46  2.00e-01  1.52e+02  12.3*sigma
   0  56    U  C3'
   0  56    U  C4'
   0  56    U  O3'
   0  56    U  C2'        -2.48    -0.04    -2.44  2.00e-01  1.48e+02  12.2*sigma
   0  42    U  C3'
   0  42    U  C4'
   0  42    U  O3'
   0  42    U  C2'        -2.48    -0.06    -2.42  2.00e-01  1.47e+02  12.1*sigma
   0  23    G  P
   0  23    G  OP1
   0  23    G  OP2
   0  23    G  O5'         2.41     0.01     2.40  2.00e-01  1.44e+02  12.0*sigma
   0  38    C  C2'
   0  38    C  C3'
   0  38    C  O2'
   0  38    C  C1'        -2.79    -0.40    -2.39  2.00e-01  1.43e+02  11.9*sigma
   0   2    G  C4'
   0   2    G  C5'
   0   2    G  O4'
   0   2    G  C3'        -2.50    -0.15    -2.35  2.00e-01  1.38e+02  11.7*sigma
   0  51    U  C4'
   0  51    U  C5'
   0  51    U  O4'
   0  51    U  C3'        -2.50    -0.15    -2.35  2.00e-01  1.38e+02  11.7*sigma
   0  18    G  C4'
   0  18    G  C5'
   0  18    G  O4'
   0  18    G  C3'        -2.50    -0.19    -2.31  2.00e-01  1.33e+02  11.6*sigma
   0  21    U  C3'
   0  21    U  C4'
   0  21    U  O3'
   0  21    U  C2'        -2.48    -0.18    -2.30  2.00e-01  1.32e+02  11.5*sigma
   0  11    G  C3'
   0  11    G  C4'
   0  11    G  O3'
   0  11    G  C2'        -2.48    -0.18    -2.30  2.00e-01  1.32e+02  11.5*sigma
   0  36    U  C3'
   0  36    U  C4'
   0  36    U  O3'
   0  36    U  C2'        -2.48    -0.18    -2.30  2.00e-01  1.32e+02  11.5*sigma
   0   3    C  C4'
   0   3    C  C5'
   0   3    C  O4'
   0   3    C  C3'        -2.50    -0.21    -2.29  2.00e-01  1.31e+02  11.5*sigma
   0   8    U  C4'
   0   8    U  C5'
   0   8    U  O4'
   0   8    U  C3'        -2.50    -0.22    -2.28  2.00e-01  1.30e+02  11.4*sigma
   0   2    G  C3'
   0   2    G  C4'
   0   2    G  O3'
   0   2    G  C2'        -2.48    -0.20    -2.28  2.00e-01  1.30e+02  11.4*sigma
   0  52    A  C3'
   0  52    A  C4'
   0  52    A  O3'
   0  52    A  C2'        -2.48    -0.20    -2.27  2.00e-01  1.29e+02  11.4*sigma
   0   9    C  C4'
   0   9    C  C5'
   0   9    C  O4'
   0   9    C  C3'        -2.50    -0.25    -2.24  2.00e-01  1.26e+02  11.2*sigma
   0  18    G  C3'
   0  18    G  C4'
   0  18    G  O3'
   0  18    G  C2'        -2.48    -0.24    -2.24  2.00e-01  1.25e+02  11.2*sigma
   0  22    C  C2'
   0  22    C  C3'
   0  22    C  O2'
   0  22    C  C1'        -2.52    -0.32    -2.20  2.00e-01  1.21e+02  11.0*sigma
   0  15    G  C3'
   0  15    G  C4'
   0  15    G  O3'
   0  15    G  C2'        -2.48    -0.29    -2.19  2.00e-01  1.19e+02  10.9*sigma
   0  55    G  C3'
   0  55    G  C4'
   0  55    G  O3'
   0  55    G  C2'        -2.48    -0.30    -2.18  2.00e-01  1.19e+02  10.9*sigma
   0  34    G  C3'
   0  34    G  C4'
   0  34    G  O3'
   0  34    G  C2'        -2.48    -0.31    -2.16  2.00e-01  1.17e+02  10.8*sigma
   0  48    G  C3'
   0  48    G  C4'
   0  48    G  O3'
   0  48    G  C2'        -2.48    -0.32    -2.16  2.00e-01  1.16e+02  10.8*sigma
   0  48    G  P
   0  48    G  OP1
   0  48    G  OP2
   0  48    G  O5'         2.41    -4.55    -2.14  2.00e-01  1.14e+02  10.7*sigma
   0  38    C  C3'
   0  38    C  C4'
   0  38    C  O3'
   0  38    C  C2'        -2.50    -0.38    -2.11  2.00e-01  1.12e+02  10.6*sigma
   0  52    A  C4'
   0  52    A  C5'
   0  52    A  O4'
   0  52    A  C3'        -2.50    -0.41    -2.08  2.00e-01  1.09e+02  10.4*sigma
   0  34    G  P
   0  34    G  OP1
   0  34    G  OP2
   0  34    G  O5'         2.41    -4.48    -2.07  2.00e-01  1.07e+02  10.3*sigma
   0  36    U  C4'
   0  36    U  C5'
   0  36    U  O4'
   0  36    U  C3'        -2.50    -0.43    -2.07  2.00e-01  1.07e+02  10.3*sigma
   0   4    A  P
   0   4    A  OP1
   0   4    A  OP2
   0   4    A  O5'         2.41    -0.35     2.06  2.00e-01  1.07e+02  10.3*sigma
   0  24    G  C4'
   0  24    G  C5'
   0  24    G  O4'
   0  24    G  C3'        -2.50    -0.43    -2.06  2.00e-01  1.06e+02  10.3*sigma
   0  51    U  C3'
   0  51    U  C4'
   0  51    U  O3'
   0  51    U  C2'        -2.48    -0.48    -2.00  2.00e-01  1.00e+02  10.0*sigma
   0  45    A  P
   0  45    A  OP1
   0  45    A  OP2
   0  45    A  O5'         2.41    -0.41     2.00  2.00e-01  9.96e+01  10.0*sigma
   0  31    A  C3'
   0  31    A  C4'
   0  31    A  O3'
   0  31    A  C2'        -2.48    -0.50    -1.97  2.00e-01  9.74e+01   9.9*sigma
   0  11    G  C4'
   0  11    G  C5'
   0  11    G  O4'
   0  11    G  C3'        -2.50    -0.54    -1.96  2.00e-01  9.58e+01   9.8*sigma
   0  55    G  P
   0  55    G  OP1
   0  55    G  OP2
   0  55    G  O5'         2.41    -4.36    -1.95  2.00e-01  9.52e+01   9.8*sigma
   0  51    U  C1'
   0  51    U  O4'
   0  51    U  C2'
   0  51    U  N1          2.47     0.53     1.94  2.00e-01  9.37e+01   9.7*sigma
   0  37    C  C1'
   0  37    C  O4'
   0  37    C  C2'
   0  37    C  N1          2.47     0.53     1.93  2.00e-01  9.33e+01   9.7*sigma
   0  37    C  C2'
   0  37    C  C3'
   0  37    C  O2'
   0  37    C  C1'        -2.75    -0.82    -1.93  2.00e-01  9.30e+01   9.6*sigma
   0  37    C  C4'
   0  37    C  C5'
   0  37    C  O4'
   0  37    C  C3'        -2.50    -0.57    -1.92  2.00e-01  9.24e+01   9.6*sigma
   0  58    C  C1'
   0  58    C  O4'
   0  58    C  C2'
   0  58    C  N1          2.47     0.55     1.91  2.00e-01  9.16e+01   9.6*sigma
   0  17    C  C1'
   0  17    C  O4'
   0  17    C  C2'
   0  17    C  N1          2.47     0.56     1.91  2.00e-01  9.11e+01   9.5*sigma
   0  27    C  C4'
   0  27    C  C5'
   0  27    C  O4'
   0  27    C  C3'        -2.50    -0.59    -1.90  2.00e-01  9.04e+01   9.5*sigma
   0  21    U  C1'
   0  21    U  O4'
   0  21    U  C2'
   0  21    U  N1          2.47     0.57     1.90  2.00e-01  9.02e+01   9.5*sigma
   0  38    C  C4'
   0  38    C  C5'
   0  38    C  O4'
   0  38    C  C3'        -2.49    -0.60    -1.89  2.00e-01  8.91e+01   9.4*sigma
   0   3    C  C1'
   0   3    C  O4'
   0   3    C  C2'
   0   3    C  N1          2.47     0.59     1.88  2.00e-01  8.80e+01   9.4*sigma
   0  24    G  C3'
   0  24    G  C4'
   0  24    G  O3'
   0  24    G  C2'        -2.48    -0.60    -1.87  2.00e-01  8.78e+01   9.4*sigma
   0   6    A  P
   0   6    A  OP1
   0   6    A  OP2
   0   6    A  O5'         2.41     0.54     1.87  2.00e-01  8.71e+01   9.3*sigma
   0  31    A  C4'
   0  31    A  C5'
   0  31    A  O4'
   0  31    A  C3'        -2.50    -0.63    -1.86  2.00e-01  8.69e+01   9.3*sigma
   0  30    G  C4'
   0  30    G  C5'
   0  30    G  O4'
   0  30    G  C3'        -2.50    -0.64    -1.86  2.00e-01  8.63e+01   9.3*sigma
   0  11    G  P
   0  11    G  OP1
   0  11    G  OP2
   0  11    G  O5'         2.41    -4.26    -1.85  2.00e-01  8.54e+01   9.2*sigma
   0  33    C  C1'
   0  33    C  O4'
   0  33    C  C2'
   0  33    C  N1          2.47     0.62     1.85  2.00e-01  8.51e+01   9.2*sigma
   0  30    G  P
   0  30    G  OP1
   0  30    G  OP2
   0  30    G  O5'         2.41    -4.25    -1.84  2.00e-01  8.50e+01   9.2*sigma
   0  25    C  C4'
   0  25    C  C5'
   0  25    C  O4'
   0  25    C  C3'        -2.50    -0.65    -1.84  2.00e-01  8.50e+01   9.2*sigma
   0  15    G  C4'
   0  15    G  C5'
   0  15    G  O4'
   0  15    G  C3'        -2.50    -0.66    -1.84  2.00e-01  8.45e+01   9.2*sigma
   0  57    C  C1'
   0  57    C  O4'
   0  57    C  C2'
   0  57    C  N1          2.47     0.63     1.84  2.00e-01  8.45e+01   9.2*sigma
   0  15    G  P
   0  15    G  OP1
   0  15    G  OP2
   0  15    G  O5'         2.41    -4.24    -1.83  2.00e-01  8.41e+01   9.2*sigma
   0  36    U  C1'
   0  36    U  O4'
   0  36    U  C2'
   0  36    U  N1          2.47     0.66     1.81  2.00e-01  8.19e+01   9.0*sigma
   0  21    U  C2'
   0  21    U  C3'
   0  21    U  O2'
   0  21    U  C1'        -2.75    -0.94    -1.81  2.00e-01  8.18e+01   9.0*sigma
   0  17    C  C4'
   0  17    C  C5'
   0  17    C  O4'
   0  17    C  C3'        -2.50    -0.69    -1.81  2.00e-01  8.16e+01   9.0*sigma
   0  14    U  C3'
   0  14    U  C4'
   0  14    U  O3'
   0  14    U  C2'        -2.48    -0.67    -1.80  2.00e-01  8.14e+01   9.0*sigma
   0  42    U  C1'
   0  42    U  O4'
   0  42    U  C2'
   0  42    U  N1          2.47     0.66     1.80  2.00e-01  8.12e+01   9.0*sigma
   0  31    A  P
   0  31    A  OP1
   0  31    A  OP2
   0  31    A  O5'         2.41    -0.61     1.80  2.00e-01  8.08e+01   9.0*sigma
   0  18    G  P
   0  18    G  OP1
   0  18    G  OP2
   0  18    G  O5'         2.41    -4.20    -1.79  2.00e-01  7.98e+01   8.9*sigma
   0  57    C  C3'
   0  57    C  C4'
   0  57    C  O3'
   0  57    C  C2'        -2.48    -0.69    -1.78  2.00e-01  7.95e+01   8.9*sigma
   0   9    C  C1'
   0   9    C  O4'
   0   9    C  C2'
   0   9    C  N1          2.47     0.69     1.78  2.00e-01  7.89e+01   8.9*sigma
   0  35    C  C4'
   0  35    C  C5'
   0  35    C  O4'
   0  35    C  C3'        -2.50    -0.72    -1.78  2.00e-01  7.89e+01   8.9*sigma
   0  10    G  C3'
   0  10    G  C4'
   0  10    G  O3'
   0  10    G  C2'        -2.48    -0.71    -1.77  2.00e-01  7.80e+01   8.8*sigma
   0  39    C  C1'
   0  39    C  O4'
   0  39    C  C2'
   0  39    C  N1          2.47     0.71     1.75  2.00e-01  7.69e+01   8.8*sigma
   0  29    U  C4'
   0  29    U  C5'
   0  29    U  O4'
   0  29    U  C3'        -2.50    -0.75    -1.75  2.00e-01  7.66e+01   8.8*sigma
   0  46    A  P
   0  46    A  OP1
   0  46    A  OP2
   0  46    A  O5'         2.41    -0.67     1.74  2.00e-01  7.58e+01   8.7*sigma
   0   7    C  C1'
   0   7    C  O4'
   0   7    C  C2'
   0   7    C  N1          2.47     0.74     1.73  2.00e-01  7.47e+01   8.6*sigma
   0  10    G  C4'
   0  10    G  C5'
   0  10    G  O4'
   0  10    G  C3'        -2.50    -0.77    -1.73  2.00e-01  7.46e+01   8.6*sigma
   0  34    G  C4'
   0  34    G  C5'
   0  34    G  O4'
   0  34    G  C3'        -2.50    -0.78    -1.72  2.00e-01  7.35e+01   8.6*sigma
   0   5    C  C4'
   0   5    C  C5'
   0   5    C  O4'
   0   5    C  C3'        -2.50    -0.78    -1.71  2.00e-01  7.34e+01   8.6*sigma
   0  49    U  C1'
   0  49    U  O4'
   0  49    U  C2'
   0  49    U  N1          2.47     0.75     1.71  2.00e-01  7.33e+01   8.6*sigma
   0  23    G  C1'
   0  23    G  O4'
   0  23    G  C2'
   0  23    G  N9          2.46     0.75     1.71  2.00e-01  7.29e+01   8.5*sigma
   0  47    U  C1'
   0  47    U  O4'
   0  47    U  C2'
   0  47    U  N1          2.47     0.76     1.70  2.00e-01  7.27e+01   8.5*sigma
   0  38    C  C1'
   0  38    C  O4'
   0  38    C  C2'
   0  38    C  N1          2.46     0.76     1.70  2.00e-01  7.21e+01   8.5*sigma
   0  56    U  C1'
   0  56    U  O4'
   0  56    U  C2'
   0  56    U  N1          2.47     0.78     1.69  2.00e-01  7.10e+01   8.4*sigma
   0   5    C  C3'
   0   5    C  C4'
   0   5    C  O3'
   0   5    C  C2'        -2.48    -0.80    -1.67  2.00e-01  7.01e+01   8.4*sigma
   0  12    A  P
   0  12    A  OP1
   0  12    A  OP2
   0  12    A  O5'         2.41    -0.74     1.67  2.00e-01  6.99e+01   8.4*sigma
   0  13    C  C4'
   0  13    C  C5'
   0  13    C  O4'
   0  13    C  C3'        -2.50    -0.83    -1.67  2.00e-01  6.98e+01   8.4*sigma
   0   5    C  C1'
   0   5    C  O4'
   0   5    C  C2'
   0   5    C  N1          2.47     0.80     1.67  2.00e-01  6.93e+01   8.3*sigma
   0  19    C  C1'
   0  19    C  O4'
   0  19    C  C2'
   0  19    C  N1          2.47     0.80     1.66  2.00e-01  6.91e+01   8.3*sigma
   0  20    C  C1'
   0  20    C  O4'
   0  20    C  C2'
   0  20    C  N1          2.47     0.80     1.66  2.00e-01  6.90e+01   8.3*sigma
   0   7    C  C4'
   0   7    C  C5'
   0   7    C  O4'
   0   7    C  C3'        -2.50    -0.84    -1.65  2.00e-01  6.82e+01   8.3*sigma
   0  13    C  C1'
   0  13    C  O4'
   0  13    C  C2'
   0  13    C  N1          2.47     0.82     1.65  2.00e-01  6.82e+01   8.3*sigma
   0  58    C  C2'
   0  58    C  C3'
   0  58    C  O2'
   0  58    C  C1'        -2.75    -1.11    -1.64  2.00e-01  6.76e+01   8.2*sigma
   0  25    C  C1'
   0  25    C  O4'
   0  25    C  C2'
   0  25    C  N1          2.47     0.84     1.63  2.00e-01  6.65e+01   8.2*sigma
   0  24    G  P
   0  24    G  OP1
   0  24    G  OP2
   0  24    G  O5'         2.41    -4.04    -1.63  2.00e-01  6.64e+01   8.1*sigma
   0  54    C  C1'
   0  54    C  O4'
   0  54    C  C2'
   0  54    C  N1          2.47     0.84     1.62  2.00e-01  6.59e+01   8.1*sigma
   0  52    A  C2'
   0  52    A  C3'
   0  52    A  O2'
   0  52    A  C1'        -2.75    -1.13    -1.62  2.00e-01  6.59e+01   8.1*sigma
   0  19    C  C4'
   0  19    C  C5'
   0  19    C  O4'
   0  19    C  C3'        -2.50    -0.88    -1.62  2.00e-01  6.55e+01   8.1*sigma
   0  35    C  C1'
   0  35    C  O4'
   0  35    C  C2'
   0  35    C  N1          2.47     0.85     1.61  2.00e-01  6.51e+01   8.1*sigma
   0  50    U  C3'
   0  50    U  C4'
   0  50    U  O3'
   0  50    U  C2'        -2.48    -0.87    -1.61  2.00e-01  6.48e+01   8.1*sigma
   0  30    G  C3'
   0  30    G  C4'
   0  30    G  O3'
   0  30    G  C2'        -2.48    -0.88    -1.60  2.00e-01  6.37e+01   8.0*sigma
   0   8    U  C3'
   0   8    U  C4'
   0   8    U  O3'
   0   8    U  C2'        -2.48    -0.89    -1.58  2.00e-01  6.27e+01   7.9*sigma
   0  13    C  C3'
   0  13    C  C4'
   0  13    C  O3'
   0  13    C  C2'        -2.48    -0.94    -1.54  2.00e-01  5.91e+01   7.7*sigma
   0  31    A  C2'
   0  31    A  C3'
   0  31    A  O2'
   0  31    A  C1'        -2.75    -1.22    -1.54  2.00e-01  5.90e+01   7.7*sigma
   0  40    G  C1'
   0  40    G  O4'
   0  40    G  C2'
   0  40    G  N9          2.46     0.93     1.52  2.00e-01  5.80e+01   7.6*sigma
   0  16    A  C1'
   0  16    A  O4'
   0  16    A  C2'
   0  16    A  N9          2.46     0.93     1.52  2.00e-01  5.80e+01   7.6*sigma
   0  25    C  C3'
   0  25    C  C4'
   0  25    C  O3'
   0  25    C  C2'        -2.48    -0.96    -1.51  2.00e-01  5.73e+01   7.6*sigma
   0  28    C  C1'
   0  28    C  O4'
   0  28    C  C2'
   0  28    C  N1          2.47     0.97     1.49  2.00e-01  5.57e+01   7.5*sigma
   0   3    C  C3'
   0   3    C  C4'
   0   3    C  O3'
   0   3    C  C2'        -2.48    -0.99    -1.49  2.00e-01  5.56e+01   7.5*sigma
   0  33    C  C3'
   0  33    C  C4'
   0  33    C  O3'
   0  33    C  C2'        -2.48    -0.99    -1.48  2.00e-01  5.51e+01   7.4*sigma
   0  17    C  C3'
   0  17    C  C4'
   0  17    C  O3'
   0  17    C  C2'        -2.48    -0.99    -1.48  2.00e-01  5.50e+01   7.4*sigma
   0  33    C  C4'
   0  33    C  C5'
   0  33    C  O4'
   0  33    C  C3'        -2.50    -1.01    -1.48  2.00e-01  5.49e+01   7.4*sigma
   0  20    C  C4'
   0  20    C  C5'
   0  20    C  O4'
   0  20    C  C3'        -2.50    -1.03    -1.47  2.00e-01  5.40e+01   7.4*sigma
   0   2    G  P
   0   2    G  OP1
   0   2    G  OP2
   0   2    G  O5'         2.41    -3.88    -1.47  2.00e-01  5.40e+01   7.3*sigma
   0  55    G  C4'
   0  55    G  C5'
   0  55    G  O4'
   0  55    G  C3'        -2.50    -1.03    -1.46  2.00e-01  5.36e+01   7.3*sigma
   0  57    C  C4'
   0  57    C  C5'
   0  57    C  O4'
   0  57    C  C3'        -2.50    -1.04    -1.46  2.00e-01  5.33e+01   7.3*sigma
   0  26    A  P
   0  26    A  OP1
   0  26    A  OP2
   0  26    A  O5'         2.41    -0.95     1.46  2.00e-01  5.30e+01   7.3*sigma
   0  50    U  C1'
   0  50    U  O4'
   0  50    U  C2'
   0  50    U  N1          2.47     1.02     1.45  2.00e-01  5.25e+01   7.2*sigma
   0  48    G  C4'
   0  48    G  C5'
   0  48    G  O4'
   0  48    G  C3'        -2.50    -1.05    -1.45  2.00e-01  5.24e+01   7.2*sigma
   0  28    C  C4'
   0  28    C  C5'
   0  28    C  O4'
   0  28    C  C3'        -2.50    -1.05    -1.45  2.00e-01  5.23e+01   7.2*sigma
   0  44    G  P
   0  44    G  OP1
   0  44    G  OP2
   0  44    G  O5'         2.41    -3.86    -1.45  2.00e-01  5.23e+01   7.2*sigma
   0   1    C  C1'
   0   1    C  O4'
   0   1    C  C2'
   0   1    C  N1          2.47     1.02     1.44  2.00e-01  5.21e+01   7.2*sigma
   0  32    A  C4'
   0  32    A  C5'
   0  32    A  O4'
   0  32    A  C3'        -2.50    -1.08    -1.42  2.00e-01  5.04e+01   7.1*sigma
   0  27    C  C1'
   0  27    C  O4'
   0  27    C  C2'
   0  27    C  N1          2.47     1.06     1.40  2.00e-01  4.93e+01   7.0*sigma
   0  49    U  C4'
   0  49    U  C5'
   0  49    U  O4'
   0  49    U  C3'        -2.50    -1.10    -1.40  2.00e-01  4.89e+01   7.0*sigma
   0  32    A  P
   0  32    A  OP1
   0  32    A  OP2
   0  32    A  O5'         2.41    -1.02     1.39  2.00e-01  4.83e+01   6.9*sigma
   0  14    U  C1'
   0  14    U  O4'
   0  14    U  C2'
   0  14    U  N1          2.47     1.09     1.38  2.00e-01  4.77e+01   6.9*sigma
   0  20    C  C3'
   0  20    C  C4'
   0  20    C  O3'
   0  20    C  C2'        -2.48    -1.10    -1.37  2.00e-01  4.72e+01   6.9*sigma
   0  39    C  C2'
   0  39    C  C3'
   0  39    C  O2'
   0  39    C  C1'        -2.75    -1.38    -1.37  2.00e-01  4.72e+01   6.9*sigma
   0  54    C  C2'
   0  54    C  C3'
   0  54    C  O2'
   0  54    C  C1'        -2.75    -1.39    -1.36  2.00e-01  4.63e+01   6.8*sigma
   0  16    A  P
   0  16    A  OP1
   0  16    A  OP2
   0  16    A  O5'         2.41    -1.05     1.36  2.00e-01  4.63e+01   6.8*sigma
   0   8    U  C1'
   0   8    U  O4'
   0   8    U  C2'
   0   8    U  N1          2.47     1.11     1.36  2.00e-01  4.60e+01   6.8*sigma
   0  31    A  C1'
   0  31    A  O4'
   0  31    A  C2'
   0  31    A  N9          2.46     1.12     1.34  2.00e-01  4.50e+01   6.7*sigma
   0  41    G  C1'
   0  41    G  O4'
   0  41    G  C2'
   0  41    G  N9          2.46     1.12     1.34  2.00e-01  4.46e+01   6.7*sigma
   0  19    C  C3'
   0  19    C  C4'
   0  19    C  O3'
   0  19    C  C2'        -2.48    -1.16    -1.32  2.00e-01  4.33e+01   6.6*sigma
   0  14    U  C4'
   0  14    U  C5'
   0  14    U  O4'
   0  14    U  C3'        -2.50    -1.18    -1.31  2.00e-01  4.32e+01   6.6*sigma
   0  52    A  C1'
   0  52    A  O4'
   0  52    A  C2'
   0  52    A  N9          2.46     1.15     1.30  2.00e-01  4.25e+01   6.5*sigma
   0  32    A  C1'
   0  32    A  O4'
   0  32    A  C2'
   0  32    A  N9          2.46     1.16     1.30  2.00e-01  4.21e+01   6.5*sigma
   0  16    A  C4'
   0  16    A  C5'
   0  16    A  O4'
   0  16    A  C3'        -2.50    -1.21    -1.28  2.00e-01  4.12e+01   6.4*sigma
   0  45    A  C4'
   0  45    A  C5'
   0  45    A  O4'
   0  45    A  C3'        -2.50    -1.21    -1.28  2.00e-01  4.11e+01   6.4*sigma
   0  53    C  C1'
   0  53    C  O4'
   0  53    C  C2'
   0  53    C  N1          2.47     1.21     1.26  2.00e-01  3.96e+01   6.3*sigma
   0  26    A  C1'
   0  26    A  O4'
   0  26    A  C2'
   0  26    A  N9          2.46     1.21     1.25  2.00e-01  3.92e+01   6.3*sigma
   0  50    U  C4'
   0  50    U  C5'
   0  50    U  O4'
   0  50    U  C3'        -2.50    -1.24    -1.25  2.00e-01  3.92e+01   6.3*sigma
   0  32    A  C2'
   0  32    A  C3'
   0  32    A  O2'
   0  32    A  C1'        -2.75    -1.50    -1.25  2.00e-01  3.91e+01   6.2*sigma
   0  43    G  P
   0  43    G  OP1
   0  43    G  OP2
   0  43    G  O5'         2.41    -3.66    -1.25  2.00e-01  3.89e+01   6.2*sigma
   0   4    A  C2'
   0   4    A  C3'
   0   4    A  O2'
   0   4    A  C1'        -2.75    -1.51    -1.24  2.00e-01  3.86e+01   6.2*sigma
   0  35    C  C3'
   0  35    C  C4'
   0  35    C  O3'
   0  35    C  C2'        -2.48    -1.24    -1.24  2.00e-01  3.85e+01   6.2*sigma
   0  11    G  C1'
   0  11    G  O4'
   0  11    G  C2'
   0  11    G  N9          2.46     1.23     1.23  2.00e-01  3.77e+01   6.1*sigma
   0  29    U  C1'
   0  29    U  O4'
   0  29    U  C2'
   0  29    U  N1          2.47     1.24     1.23  2.00e-01  3.76e+01   6.1*sigma
   0  34    G  C1'
   0  34    G  O4'
   0  34    G  C2'
   0  34    G  N9          2.46     1.25     1.20  2.00e-01  3.62e+01   6.0*sigma
   0  52    A  P
   0  52    A  OP1
   0  52    A  OP2
   0  52    A  O5'         2.41    -1.22     1.19  2.00e-01  3.52e+01   5.9*sigma
   0  55    G  C1'
   0  55    G  O4'
   0  55    G  C2'
   0  55    G  N9          2.46     1.28     1.18  2.00e-01  3.49e+01   5.9*sigma
   0   9    C  C3'
   0   9    C  C4'
   0   9    C  O3'
   0   9    C  C2'        -2.48    -1.30    -1.18  2.00e-01  3.48e+01   5.9*sigma
   0  44    G  C1'
   0  44    G  O4'
   0  44    G  C2'
   0  44    G  N9          2.46     1.28     1.18  2.00e-01  3.48e+01   5.9*sigma
   0   1    C  C4'
   0   1    C  C5'
   0   1    C  O4'
   0   1    C  C3'        -2.50    -1.32    -1.17  2.00e-01  3.45e+01   5.9*sigma
   0   6    A  C1'
   0   6    A  O4'
   0   6    A  C2'
   0   6    A  N9          2.46     1.29     1.17  2.00e-01  3.41e+01   5.8*sigma
   0  47    U  C4'
   0  47    U  C5'
   0  47    U  O4'
   0  47    U  C3'        -2.50    -1.34    -1.16  2.00e-01  3.37e+01   5.8*sigma
   0  47    U  C3'
   0  47    U  C4'
   0  47    U  O3'
   0  47    U  C2'        -2.48    -1.32    -1.16  2.00e-01  3.36e+01   5.8*sigma
   0  24    G  C1'
   0  24    G  O4'
   0  24    G  C2'
   0  24    G  N9          2.46     1.32     1.14  2.00e-01  3.26e+01   5.7*sigma
   0  18    G  C1'
   0  18    G  O4'
   0  18    G  C2'
   0  18    G  N9          2.46     1.32     1.13  2.00e-01  3.21e+01   5.7*sigma
   0  12    A  C1'
   0  12    A  O4'
   0  12    A  C2'
   0  12    A  N9          2.46     1.33     1.12  2.00e-01  3.16e+01   5.6*sigma
   0  26    A  C4'
   0  26    A  C5'
   0  26    A  O4'
   0  26    A  C3'        -2.50    -1.38    -1.12  2.00e-01  3.14e+01   5.6*sigma
   0  15    G  C1'
   0  15    G  O4'
   0  15    G  C2'
   0  15    G  N9          2.46     1.36     1.10  2.00e-01  3.01e+01   5.5*sigma
   0  12    A  C2'
   0  12    A  C3'
   0  12    A  O2'
   0  12    A  C1'        -2.75    -1.69    -1.06  2.00e-01  2.82e+01   5.3*sigma
   0  48    G  C1'
   0  48    G  O4'
   0  48    G  C2'
   0  48    G  N9          2.46     1.40     1.06  2.00e-01  2.80e+01   5.3*sigma
   0  23    G  C3'
   0  23    G  C4'
   0  23    G  O3'
   0  23    G  C2'        -2.48    -1.42    -1.05  2.00e-01  2.77e+01   5.3*sigma
   0  10    G  C1'
   0  10    G  O4'
   0  10    G  C2'
   0  10    G  N9          2.46     1.41     1.05  2.00e-01  2.75e+01   5.2*sigma
   0  39    C  P
   0  39    C  OP1
   0  39    C  OP2
   0  39    C  O5'         2.41    -1.43     0.98  2.00e-01  2.39e+01   4.9*sigma
   0  43    G  C1'
   0  43    G  O4'
   0  43    G  C2'
   0  43    G  N9          2.46     1.49     0.97  2.00e-01  2.34e+01   4.8*sigma
   0   1    C  P
   0   1    C  OP1
   0   1    C  OP2
   0   1    C  O5'         2.41    -1.45     0.96  2.00e-01  2.31e+01   4.8*sigma
   0  27    C  C2'
   0  27    C  C3'
   0  27    C  O2'
   0  27    C  C1'        -2.75    -1.80    -0.96  2.00e-01  2.28e+01   4.8*sigma
   0   2    G  C1'
   0   2    G  O4'
   0   2    G  C2'
   0   2    G  N9          2.46     1.50     0.95  2.00e-01  2.27e+01   4.8*sigma
   0  58    C  C4'
   0  58    C  C5'
   0  58    C  O4'
   0  58    C  C3'        -2.50    -1.55    -0.95  2.00e-01  2.25e+01   4.7*sigma
   0  53    C  C2'
   0  53    C  C3'
   0  53    C  O2'
   0  53    C  C1'        -2.75    -1.81    -0.94  2.00e-01  2.21e+01   4.7*sigma
   0  46    A  C4'
   0  46    A  C5'
   0  46    A  O4'
   0  46    A  C3'        -2.50    -1.56    -0.94  2.00e-01  2.20e+01   4.7*sigma
   0   8    U  P
   0   8    U  OP1
   0   8    U  OP2
   0   8    U  O5'         2.41    -1.49     0.92  2.00e-01  2.10e+01   4.6*sigma
   0  40    G  P
   0  40    G  OP1
   0  40    G  OP2
   0  40    G  O5'         2.41    -3.32    -0.91  2.00e-01  2.08e+01   4.6*sigma
   0  54    C  C3'
   0  54    C  C4'
   0  54    C  O3'
   0  54    C  C2'        -2.48    -3.39     0.91  2.00e-01  2.07e+01   4.5*sigma
   0  29    U  C3'
   0  29    U  C4'
   0  29    U  O3'
   0  29    U  C2'        -2.48    -1.57    -0.91  2.00e-01  2.06e+01   4.5*sigma
   0   4    A  C4'
   0   4    A  C5'
   0   4    A  O4'
   0   4    A  C3'        -2.50    -1.59    -0.90  2.00e-01  2.04e+01   4.5*sigma
   0  36    U  C2'
   0  36    U  C3'
   0  36    U  O2'
   0  36    U  C1'        -2.75    -1.87    -0.88  2.00e-01  1.94e+01   4.4*sigma
   0  46    A  C2'
   0  46    A  C3'
   0  46    A  O2'
   0  46    A  C1'        -2.75    -1.88    -0.87  2.00e-01  1.91e+01   4.4*sigma
   0  40    G  C2'
   0  40    G  C3'
   0  40    G  O2'
   0  40    G  C1'        -2.75    -1.89    -0.86  2.00e-01  1.87e+01   4.3*sigma
   0  37    C  C3'
   0  37    C  C4'
   0  37    C  O3'
   0  37    C  C2'        -2.48    -1.62    -0.86  2.00e-01  1.85e+01   4.3*sigma
   0  45    A  C2'
   0  45    A  C3'
   0  45    A  O2'
   0  45    A  C1'        -2.75    -1.89    -0.86  2.00e-01  1.85e+01   4.3*sigma
   0  56    U  C4'
   0  56    U  C5'
   0  56    U  O4'
   0  56    U  C3'        -2.50    -1.66    -0.84  2.00e-01  1.75e+01   4.2*sigma
   0  27    C  P
   0  27    C  OP1
   0  27    C  OP2
   0  27    C  O5'         2.41    -1.59     0.82  2.00e-01  1.66e+01   4.1*sigma

  Min. delta:    0.002
  Max. delta:    4.140
  Mean delta:    1.600

                       ----------Planar groups----------                       

  atoms                 rms_deltas   delta_max    residual   deviation
   0  16    A  C1'
   0  16    A  N9
   0  16    A  C8
   0  16    A  N7
   0  16    A  C5
   0  16    A  C6
   0  16    A  N6
   0  16    A  N1
   0  16    A  C2
   0  16    A  N3
   0  16    A  C4            0.345       0.730     3276.36  36.5*sigma
   0  12    A  C1'
   0  12    A  N9
   0  12    A  C8
   0  12    A  N7
   0  12    A  C5
   0  12    A  C6
   0  12    A  N6
   0  12    A  N1
   0  12    A  C2
   0  12    A  N3
   0  12    A  C4            0.345       0.724     3279.35  36.2*sigma
   0  32    A  C1'
   0  32    A  N9
   0  32    A  C8
   0  32    A  N7
   0  32    A  C5
   0  32    A  C6
   0  32    A  N6
   0  32    A  N1
   0  32    A  C2
   0  32    A  N3
   0  32    A  C4            0.351       0.719     3383.45  35.9*sigma
   0  52    A  C1'
   0  52    A  N9
   0  52    A  C8
   0  52    A  N7
   0  52    A  C5
   0  52    A  C6
   0  52    A  N6
   0  52    A  N1
   0  52    A  C2
   0  52    A  N3
   0  52    A  C4            0.285       0.671     2238.35  33.6*sigma
   0  31    A  C1'
   0  31    A  N9
   0  31    A  C8
   0  31    A  N7
   0  31    A  C5
   0  31    A  C6
   0  31    A  N6
   0  31    A  N1
   0  31    A  C2
   0  31    A  N3
   0  31    A  C4            0.314       0.636     2704.47  31.8*sigma
   0   4    A  C1'
   0   4    A  N9
   0   4    A  C8
   0   4    A  N7
   0   4    A  C5
   0   4    A  C6
   0   4    A  N6
   0   4    A  N1
   0   4    A  C2
   0   4    A  N3
   0   4    A  C4            0.346       0.591     3292.52  29.6*sigma
   0  19    C  C1'
   0  19    C  N1
   0  19    C  C2
   0  19    C  O2
   0  19    C  N3
   0  19    C  C4
   0  19    C  N4
   0  19    C  C5
   0  19    C  C6            0.271       0.531     1657.76  26.5*sigma
   0  26    A  C1'
   0  26    A  N9
   0  26    A  C8
   0  26    A  N7
   0  26    A  C5
   0  26    A  C6
   0  26    A  N6
   0  26    A  N1
   0  26    A  C2
   0  26    A  N3
   0  26    A  C4            0.349       0.518     3344.87  25.9*sigma
   0   6    A  C1'
   0   6    A  N9
   0   6    A  C8
   0   6    A  N7
   0   6    A  C5
   0   6    A  C6
   0   6    A  N6
   0   6    A  N1
   0   6    A  C2
   0   6    A  N3
   0   6    A  C4            0.320       0.493     2823.85  24.7*sigma
   0  46    A  C1'
   0  46    A  N9
   0  46    A  C8
   0  46    A  N7
   0  46    A  C5
   0  46    A  C6
   0  46    A  N6
   0  46    A  N1
   0  46    A  C2
   0  46    A  N3
   0  46    A  C4            0.357       0.474     3502.64  23.7*sigma
   0  20    C  C1'
   0  20    C  N1
   0  20    C  C2
   0  20    C  O2
   0  20    C  N3
   0  20    C  C4
   0  20    C  N4
   0  20    C  C5
   0  20    C  C6            0.247       0.472     1374.38  23.6*sigma
   0  45    A  C1'
   0  45    A  N9
   0  45    A  C8
   0  45    A  N7
   0  45    A  C5
   0  45    A  C6
   0  45    A  N6
   0  45    A  N1
   0  45    A  C2
   0  45    A  N3
   0  45    A  C4            0.350       0.470     3365.28  23.5*sigma
   0  35    C  C1'
   0  35    C  N1
   0  35    C  C2
   0  35    C  O2
   0  35    C  N3
   0  35    C  C4
   0  35    C  N4
   0  35    C  C5
   0  35    C  C6            0.238       0.463     1271.58  23.1*sigma
   0  39    C  C1'
   0  39    C  N1
   0  39    C  C2
   0  39    C  O2
   0  39    C  N3
   0  39    C  C4
   0  39    C  N4
   0  39    C  C5
   0  39    C  C6            0.255       0.406     1467.03  20.3*sigma
   0  33    C  C1'
   0  33    C  N1
   0  33    C  C2
   0  33    C  O2
   0  33    C  N3
   0  33    C  C4
   0  33    C  N4
   0  33    C  C5
   0  33    C  C6            0.223       0.406     1116.98  20.3*sigma
   0  57    C  C1'
   0  57    C  N1
   0  57    C  C2
   0  57    C  O2
   0  57    C  N3
   0  57    C  C4
   0  57    C  N4
   0  57    C  C5
   0  57    C  C6            0.267       0.365     1605.29  18.3*sigma
   0  27    C  C1'
   0  27    C  N1
   0  27    C  C2
   0  27    C  O2
   0  27    C  N3
   0  27    C  C4
   0  27    C  N4
   0  27    C  C5
   0  27    C  C6            0.212       0.360     1007.73  18.0*sigma
   0  17    C  C1'
   0  17    C  N1
   0  17    C  C2
   0  17    C  O2
   0  17    C  N3
   0  17    C  C4
   0  17    C  N4
   0  17    C  C5
   0  17    C  C6            0.236       0.359     1256.17  17.9*sigma
   0  54    C  C1'
   0  54    C  N1
   0  54    C  C2
   0  54    C  O2
   0  54    C  N3
   0  54    C  C4
   0  54    C  N4
   0  54    C  C5
   0  54    C  C6            0.198       0.354      879.31  17.7*sigma
   0  28    C  C1'
   0  28    C  N1
   0  28    C  C2
   0  28    C  O2
   0  28    C  N3
   0  28    C  C4
   0  28    C  N4
   0  28    C  C5
   0  28    C  C6            0.257       0.344     1490.31  17.2*sigma
   0   8    U  C1'
   0   8    U  N1
   0   8    U  C2
   0   8    U  O2
   0   8    U  N3
   0   8    U  C4
   0   8    U  O4
   0   8    U  C5
   0   8    U  C6            0.232       0.335     1213.05  16.8*sigma
   0   7    C  C1'
   0   7    C  N1
   0   7    C  C2
   0   7    C  O2
   0   7    C  N3
   0   7    C  C4
   0   7    C  N4
   0   7    C  C5
   0   7    C  C6            0.240       0.335     1291.32  16.7*sigma
   0  58    C  C1'
   0  58    C  N1
   0  58    C  C2
   0  58    C  O2
   0  58    C  N3
   0  58    C  C4
   0  58    C  N4
   0  58    C  C5
   0  58    C  C6            0.189       0.330      802.46  16.5*sigma
   0   3    C  C1'
   0   3    C  N1
   0   3    C  C2
   0   3    C  O2
   0   3    C  N3
   0   3    C  C4
   0   3    C  N4
   0   3    C  C5
   0   3    C  C6            0.282       0.329     1782.98  16.4*sigma
   0  13    C  C1'
   0  13    C  N1
   0  13    C  C2
   0  13    C  O2
   0  13    C  N3
   0  13    C  C4
   0  13    C  N4
   0  13    C  C5
   0  13    C  C6            0.234       0.323     1227.10  16.1*sigma
   0   9    C  C1'
   0   9    C  N1
   0   9    C  C2
   0   9    C  O2
   0   9    C  N3
   0   9    C  C4
   0   9    C  N4
   0   9    C  C5
   0   9    C  C6            0.240       0.315     1291.71  15.7*sigma
   0  25    C  C1'
   0  25    C  N1
   0  25    C  C2
   0  25    C  O2
   0  25    C  N3
   0  25    C  C4
   0  25    C  N4
   0  25    C  C5
   0  25    C  C6            0.239       0.311     1286.74  15.5*sigma
   0  53    C  C1'
   0  53    C  N1
   0  53    C  C2
   0  53    C  O2
   0  53    C  N3
   0  53    C  C4
   0  53    C  N4
   0  53    C  C5
   0  53    C  C6            0.200       0.300      897.05  15.0*sigma
   0   1    C  C1'
   0   1    C  N1
   0   1    C  C2
   0   1    C  O2
   0   1    C  N3
   0   1    C  C4
   0   1    C  N4
   0   1    C  C5
   0   1    C  C6            0.233       0.297     1220.48  14.8*sigma
   0  10    G  C1'
   0  10    G  N9
   0  10    G  C8
   0  10    G  N7
   0  10    G  C5
   0  10    G  C6
   0  10    G  O6
   0  10    G  N1
   0  10    G  C2
   0  10    G  N2
   0  10    G  N3
   0  10    G  C4            0.124       0.294      462.01  14.7*sigma
   0   5    C  C1'
   0   5    C  N1
   0   5    C  C2
   0   5    C  O2
   0   5    C  N3
   0   5    C  C4
   0   5    C  N4
   0   5    C  C5
   0   5    C  C6            0.202       0.276      916.12  13.8*sigma
   0  34    G  C1'
   0  34    G  N9
   0  34    G  C8
   0  34    G  N7
   0  34    G  C5
   0  34    G  C6
   0  34    G  O6
   0  34    G  N1
   0  34    G  C2
   0  34    G  N2
   0  34    G  N3
   0  34    G  C4            0.137       0.266      560.44  13.3*sigma
   0  15    G  C1'
   0  15    G  N9
   0  15    G  C8
   0  15    G  N7
   0  15    G  C5
   0  15    G  C6
   0  15    G  O6
   0  15    G  N1
   0  15    G  C2
   0  15    G  N2
   0  15    G  N3
   0  15    G  C4            0.135       0.264      544.47  13.2*sigma
   0  56    U  C1'
   0  56    U  N1
   0  56    U  C2
   0  56    U  O2
   0  56    U  N3
   0  56    U  C4
   0  56    U  O4
   0  56    U  C5
   0  56    U  C6            0.165       0.263      614.46  13.2*sigma
   0  14    U  C1'
   0  14    U  N1
   0  14    U  C2
   0  14    U  O2
   0  14    U  N3
   0  14    U  C4
   0  14    U  O4
   0  14    U  C5
   0  14    U  C6            0.188       0.263      798.52  13.1*sigma
   0  18    G  C1'
   0  18    G  N9
   0  18    G  C8
   0  18    G  N7
   0  18    G  C5
   0  18    G  C6
   0  18    G  O6
   0  18    G  N1
   0  18    G  C2
   0  18    G  N2
   0  18    G  N3
   0  18    G  C4            0.143       0.256      613.80  12.8*sigma
   0  23    G  C1'
   0  23    G  N9
   0  23    G  C8
   0  23    G  N7
   0  23    G  C5
   0  23    G  C6
   0  23    G  O6
   0  23    G  N1
   0  23    G  C2
   0  23    G  N2
   0  23    G  N3
   0  23    G  C4            0.146       0.256      637.97  12.8*sigma
   0  49    U  C1'
   0  49    U  N1
   0  49    U  C2
   0  49    U  O2
   0  49    U  N3
   0  49    U  C4
   0  49    U  O4
   0  49    U  C5
   0  49    U  C6            0.162       0.254      593.87  12.7*sigma
   0  50    U  C1'
   0  50    U  N1
   0  50    U  C2
   0  50    U  O2
   0  50    U  N3
   0  50    U  C4
   0  50    U  O4
   0  50    U  C5
   0  50    U  C6            0.197       0.245      869.03  12.3*sigma
   0  36    U  C1'
   0  36    U  N1
   0  36    U  C2
   0  36    U  O2
   0  36    U  N3
   0  36    U  C4
   0  36    U  O4
   0  36    U  C5
   0  36    U  C6            0.167       0.241      627.58  12.0*sigma
   0  11    G  C1'
   0  11    G  N9
   0  11    G  C8
   0  11    G  N7
   0  11    G  C5
   0  11    G  C6
   0  11    G  O6
   0  11    G  N1
   0  11    G  C2
   0  11    G  N2
   0  11    G  N3
   0  11    G  C4            0.169       0.240      851.93  12.0*sigma
   0  37    C  C1'
   0  37    C  N1
   0  37    C  C2
   0  37    C  O2
   0  37    C  N3
   0  37    C  C4
   0  37    C  N4
   0  37    C  C5
   0  37    C  C6            0.153       0.231      527.74  11.5*sigma
   0  41    G  C1'
   0  41    G  N9
   0  41    G  C8
   0  41    G  N7
   0  41    G  C5
   0  41    G  C6
   0  41    G  O6
   0  41    G  N1
   0  41    G  C2
   0  41    G  N2
   0  41    G  N3
   0  41    G  C4            0.152       0.227      689.03  11.4*sigma
   0  51    U  C1'
   0  51    U  N1
   0  51    U  C2
   0  51    U  O2
   0  51    U  N3
   0  51    U  C4
   0  51    U  O4
   0  51    U  C5
   0  51    U  C6            0.156       0.222      547.39  11.1*sigma
   0  30    G  C1'
   0  30    G  N9
   0  30    G  C8
   0  30    G  N7
   0  30    G  C5
   0  30    G  C6
   0  30    G  O6
   0  30    G  N1
   0  30    G  C2
   0  30    G  N2
   0  30    G  N3
   0  30    G  C4            0.111       0.216      368.15  10.8*sigma
   0  29    U  C1'
   0  29    U  N1
   0  29    U  C2
   0  29    U  O2
   0  29    U  N3
   0  29    U  C4
   0  29    U  O4
   0  29    U  C5
   0  29    U  C6            0.144       0.214      467.38  10.7*sigma
   0  42    U  C1'
   0  42    U  N1
   0  42    U  C2
   0  42    U  O2
   0  42    U  N3
   0  42    U  C4
   0  42    U  O4
   0  42    U  C5
   0  42    U  C6            0.162       0.204      592.73  10.2*sigma
   0  24    G  C1'
   0  24    G  N9
   0  24    G  C8
   0  24    G  N7
   0  24    G  C5
   0  24    G  C6
   0  24    G  O6
   0  24    G  N1
   0  24    G  C2
   0  24    G  N2
   0  24    G  N3
   0  24    G  C4            0.117       0.185      408.62   9.2*sigma
   0  47    U  C1'
   0  47    U  N1
   0  47    U  C2
   0  47    U  O2
   0  47    U  N3
   0  47    U  C4
   0  47    U  O4
   0  47    U  C5
   0  47    U  C6            0.136       0.183      416.65   9.2*sigma
   0  38    C  C1'
   0  38    C  N1
   0  38    C  C2
   0  38    C  O2
   0  38    C  N3
   0  38    C  C4
   0  38    C  N4
   0  38    C  C5
   0  38    C  C6            0.110       0.178      273.78   8.9*sigma
   0  22    C  C1'
   0  22    C  N1
   0  22    C  C2
   0  22    C  O2
   0  22    C  N3
   0  22    C  C4
   0  22    C  N4
   0  22    C  C5
   0  22    C  C6            0.105       0.164      249.80   8.2*sigma
   0  44    G  C1'
   0  44    G  N9
   0  44    G  C8
   0  44    G  N7
   0  44    G  C5
   0  44    G  C6
   0  44    G  O6
   0  44    G  N1
   0  44    G  C2
   0  44    G  N2
   0  44    G  N3
   0  44    G  C4            0.131       0.162      511.66   8.1*sigma
   0  48    G  C1'
   0  48    G  N9
   0  48    G  C8
   0  48    G  N7
   0  48    G  C5
   0  48    G  C6
   0  48    G  O6
   0  48    G  N1
   0  48    G  C2
   0  48    G  N2
   0  48    G  N3
   0  48    G  C4            0.118       0.139      414.88   7.0*sigma
   0  43    G  C1'
   0  43    G  N9
   0  43    G  C8
   0  43    G  N7
   0  43    G  C5
   0  43    G  C6
   0  43    G  O6
   0  43    G  N1
   0  43    G  C2
   0  43    G  N2
   0  43    G  N3
   0  43    G  C4            0.132       0.138      522.20   6.9*sigma
   0  21    U  C1'
   0  21    U  N1
   0  21    U  C2
   0  21    U  O2
   0  21    U  N3
   0  21    U  C4
   0  21    U  O4
   0  21    U  C5
   0  21    U  C6            0.126       0.122      356.33   6.1*sigma
   0  55    G  C1'
   0  55    G  N9
   0  55    G  C8
   0  55    G  N7
   0  55    G  C5
   0  55    G  C6
   0  55    G  O6
   0  55    G  N1
   0  55    G  C2
   0  55    G  N2
   0  55    G  N3
   0  55    G  C4            0.112       0.116      377.26   5.8*sigma
   0  40    G  C1'
   0  40    G  N9
   0  40    G  C8
   0  40    G  N7
   0  40    G  C5
   0  40    G  C6
   0  40    G  O6
   0  40    G  N1
   0  40    G  C2
   0  40    G  N2
   0  40    G  N3
   0  40    G  C4            0.147       0.112      645.59   5.6*sigma
   0   2    G  C1'
   0   2    G  N9
   0   2    G  C8
   0   2    G  N7
   0   2    G  C5
   0   2    G  C6
   0   2    G  O6
   0   2    G  N1
   0   2    G  C2
   0   2    G  N2
   0   2    G  N3
   0   2    G  C4            0.100       0.099      302.24   5.0*sigma

  Min. delta:    0.100
  Max. delta:    0.357
  Mean delta:    0.221

============================ Molprobity validation ============================


  Geometry Restraints Library: GeoStd + Monomer Library
  Deviations from Ideal Values - rmsd, rmsZ for bonds and angles.
    Bond      :  0.245   1.337   1363  Z=14.488
    Angle     : 16.607  84.436   2115  Z= 8.934
    Chirality :  1.600   4.140    290
    Planarity :  0.221   0.357     58
    Dihedral  : 53.467 178.613    865
    Min Nonbonded Distance : 0.416
  
  Molprobity Statistics.
    All-atom Clashscore : 655.10
    Ramachandran Plot:
      Outliers :  0.00 %
      Allowed  :  0.00 %
      Favored  :  0.00 %
    Rotamer:
      Outliers :  0.00 %
      Allowed  :  0.00 %
      Favored  :  0.00 %
    Cbeta Deviations :  0.00 %
    Peptide Plane:
      Cis-proline     : 0.00 %
      Cis-general     : 0.00 %
      Twisted Proline : 0.00 %
      Twisted General : 0.00 %
  
  Rama-Z (Ramachandran plot Z-score):
  Interpretation: bad |Rama-Z| > 3; suspicious 2 < |Rama-Z| < 3; good |Rama-Z| < 2.
  Scores for whole/helix/sheet/loop are scaled independently;
  therefore, the values are not related in a simple manner.
    whole:  None (None), residues: 0
    helix:  None (None), residues: 0
    sheet:  None (None), residues: 0
    loop :  None (None), residues: 0
  

================================ RNA validation ===============================


                    ----------Backbone bond lenths----------                   

  residue               atom 1  atom 2  sigmas
   0   1    C  P    0   1    C  OP1     P       OP1  -17.50
   0   1    C  P    0   1    C  OP2     P       OP2  -12.53
   0   1    C  P    0   1    C  O5'     P       O5'   -9.06
   0   1    C  O5'  0   1    C  C5'     O5'     C5'  -17.32
   0   1    C  C5'  0   1    C  C4'     C5'     C4'  -19.79
   0   1    C  C4'  0   1    C  O4'     C4'     O4'   10.63
   0   1    C  C4'  0   1    C  C3'     C4'     C3'   15.79
   0   1    C  O4'  0   1    C  C1'     O4'     C1'   12.74
   0   1    C  C3'  0   1    C  O3'     C3'     O3'    7.22
   0   1    C  C3'  0   1    C  C2'     C3'     C2'    7.00
   0   1    C  O3'  0   2    G  P       O3'     P    -34.41
   0   1    C  C2'  0   1    C  O2'     C2'     O2'   15.93
   0   1    C  C2'  0   1    C  C1'     C2'     C1'  -16.74
   0   2    G  P    0   2    G  OP1     P       OP1   13.76
   0   2    G  P    0   2    G  O5'     P       O5'   -9.49
   0   2    G  O5'  0   2    G  C5'     O5'     C5'    7.78
   0   2    G  C5'  0   2    G  C4'     C5'     C4'  -22.55
   0   2    G  C4'  0   2    G  O4'     C4'     O4'    4.36
   0   2    G  C4'  0   2    G  C3'     C4'     C3'  -10.23
   0   2    G  O4'  0   2    G  C1'     O4'     C1'    4.49
   0   2    G  C3'  0   2    G  O3'     C3'     O3'   -7.52
   0   2    G  O3'  0   3    C  P       O3'     P     -4.84
   0   2    G  C2'  0   2    G  O2'     C2'     O2'    5.49
   0   2    G  C2'  0   2    G  C1'     C2'     C1'   -9.49
   0   3    C  P    0   3    C  OP1     P       OP1  -13.08
   0   3    C  P    0   3    C  OP2     P       OP2   -9.06
   0   3    C  P    0   3    C  O5'     P       O5'  -11.43
   0   3    C  O5'  0   3    C  C5'     O5'     C5'   -5.29
   0   3    C  C5'  0   3    C  C4'     C5'     C4'  -26.94
   0   3    C  C4'  0   3    C  O4'     C4'     O4'   15.85
   0   3    C  C4'  0   3    C  C3'     C4'     C3'  -15.76
   0   3    C  O4'  0   3    C  C1'     O4'     C1'   20.09
   0   3    C  C3'  0   3    C  O3'     C3'     O3'   -7.17
   0   3    C  O3'  0   4    A  P       O3'     P    -29.73
   0   3    C  C2'  0   3    C  O2'     C2'     O2'    5.49
   0   3    C  C1'  0   3    C  N1      C1'     N1    -4.56
   0   4    A  P    0   4    A  OP1     P       OP1  -18.30
   0   4    A  P    0   4    A  O5'     P       O5'  -28.96
   0   4    A  O5'  0   4    A  C5'     O5'     C5'    6.01
   0   4    A  C5'  0   4    A  C4'     C5'     C4'  -34.59
   0   4    A  C4'  0   4    A  O4'     C4'     O4'   17.67
   0   4    A  O4'  0   4    A  C1'     O4'     C1'  -17.14
   0   4    A  C3'  0   4    A  O3'     C3'     O3'   -4.61
   0   4    A  O3'  0   5    C  P       O3'     P    -46.51
   0   4    A  C2'  0   4    A  O2'     C2'     O2'  -16.48
   0   5    C  P    0   5    C  OP1     P       OP1  -14.23
   0   5    C  P    0   5    C  OP2     P       OP2   -9.68
   0   5    C  P    0   5    C  O5'     P       O5'  -11.38
   0   5    C  O5'  0   5    C  C5'     O5'     C5'   -9.73
   0   5    C  C5'  0   5    C  C4'     C5'     C4'  -25.19
   0   5    C  C4'  0   5    C  O4'     C4'     O4'   19.97
   0   5    C  C4'  0   5    C  C3'     C4'     C3'   -8.13
   0   5    C  O4'  0   5    C  C1'     O4'     C1'   11.10
   0   5    C  C3'  0   5    C  O3'     C3'     O3'  -12.30
   0   5    C  C3'  0   5    C  C2'     C3'     C2'   -4.50
   0   5    C  O3'  0   6    A  P       O3'     P     14.05
   0   5    C  C2'  0   5    C  O2'     C2'     O2'    8.62
   0   5    C  C2'  0   5    C  C1'     C2'     C1'  -13.12
   0   6    A  P    0   6    A  OP1     P       OP1  -13.68
   0   6    A  P    0   6    A  OP2     P       OP2   -8.00
   0   6    A  P    0   6    A  O5'     P       O5'  -35.85
   0   6    A  C5'  0   6    A  C4'     C5'     C4'  -21.57
   0   6    A  C4'  0   6    A  O4'     C4'     O4'   17.29
   0   6    A  C4'  0   6    A  C3'     C4'     C3'  -11.82
   0   6    A  O4'  0   6    A  C1'     O4'     C1'  -22.68
   0   6    A  O3'  0   7    C  P       O3'     P     35.35
   0   6    A  C2'  0   6    A  O2'     C2'     O2'   16.82
   0   6    A  C2'  0   6    A  C1'     C2'     C1'  -15.57
   0   7    C  P    0   7    C  OP1     P       OP1  -17.25
   0   7    C  P    0   7    C  OP2     P       OP2  -12.13
   0   7    C  P    0   7    C  O5'     P       O5'  -15.74
   0   7    C  O5'  0   7    C  C5'     O5'     C5'  -13.98
   0   7    C  C5'  0   7    C  C4'     C5'     C4'  -25.81
   0   7    C  C4'  0   7    C  O4'     C4'     O4'   27.80
   0   7    C  C4'  0   7    C  C3'     C4'     C3'  -16.25
   0   7    C  O4'  0   7    C  C1'     O4'     C1'   18.27
   0   7    C  C3'  0   7    C  O3'     C3'     O3'   -5.83
   0   7    C  C3'  0   7    C  C2'     C3'     C2'   21.53
   0   7    C  O3'  0   8    U  P       O3'     P    -42.02
   0   7    C  C2'  0   7    C  O2'     C2'     O2'   12.79
   0   7    C  C2'  0   7    C  C1'     C2'     C1'   -4.01
   0   7    C  C1'  0   7    C  N1      C1'     N1    -6.10
   0   8    U  P    0   8    U  OP1     P       OP1  -20.94
   0   8    U  P    0   8    U  OP2     P       OP2  -12.70
   0   8    U  P    0   8    U  O5'     P       O5'  -20.01
   0   8    U  C5'  0   8    U  C4'     C5'     C4'  -20.78
   0   8    U  C4'  0   8    U  C3'     C4'     C3'  -17.66
   0   8    U  C3'  0   8    U  O3'     C3'     O3'  -17.77
   0   8    U  C3'  0   8    U  C2'     C3'     C2'    6.98
   0   8    U  O3'  0   9    C  P       O3'     P    -34.03
   0   8    U  C2'  0   8    U  C1'     C2'     C1'  -12.67
   0   9    C  P    0   9    C  OP1     P       OP1  -10.63
   0   9    C  P    0   9    C  OP2     P       OP2   -8.49
   0   9    C  P    0   9    C  O5'     P       O5'  -11.49
   0   9    C  O5'  0   9    C  C5'     O5'     C5'   -6.40
   0   9    C  C5'  0   9    C  C4'     C5'     C4'  -25.38
   0   9    C  C4'  0   9    C  O4'     C4'     O4'   15.44
   0   9    C  C4'  0   9    C  C3'     C4'     C3'   -5.43
   0   9    C  O4'  0   9    C  C1'     O4'     C1'    4.26
   0   9    C  C3'  0   9    C  O3'     C3'     O3'    6.75
   0   9    C  O3'  0  10    G  P       O3'     P    -27.16
   0  10    G  P    0  10    G  OP1     P       OP1   11.78
   0  10    G  P    0  10    G  OP2     P       OP2   24.17
   0  10    G  P    0  10    G  O5'     P       O5'   -8.58
   0  10    G  O5'  0  10    G  C5'     O5'     C5'   16.60
   0  10    G  C4'  0  10    G  O4'     C4'     O4'    9.55
   0  10    G  C4'  0  10    G  C3'     C4'     C3'  -11.92
   0  10    G  O4'  0  10    G  C1'     O4'     C1'    8.76
   0  10    G  C3'  0  10    G  O3'     C3'     O3'    8.92
   0  10    G  C3'  0  10    G  C2'     C3'     C2'   11.33
   0  10    G  O3'  0  11    G  P       O3'     P    -33.65
   0  10    G  C2'  0  10    G  O2'     C2'     O2'   22.20
   0  10    G  C2'  0  10    G  C1'     C2'     C1'  -20.20
   0  11    G  P    0  11    G  OP1     P       OP1   15.69
   0  11    G  P    0  11    G  OP2     P       OP2    6.92
   0  11    G  P    0  11    G  O5'     P       O5'   -8.79
   0  11    G  O5'  0  11    G  C5'     O5'     C5'    6.32
   0  11    G  C5'  0  11    G  C4'     C5'     C4'  -24.91
   0  11    G  C4'  0  11    G  O4'     C4'     O4'    8.36
   0  11    G  C4'  0  11    G  C3'     C4'     C3'  -16.86
   0  11    G  C3'  0  11    G  O3'     C3'     O3'  -10.07
   0  11    G  C3'  0  11    G  C2'     C3'     C2'    8.57
   0  11    G  O3'  0  12    A  P       O3'     P     15.76
   0  11    G  C2'  0  11    G  O2'     C2'     O2'   13.98
   0  11    G  C2'  0  11    G  C1'     C2'     C1'  -18.78
   0  12    A  P    0  12    A  OP1     P       OP1  -16.18
   0  12    A  P    0  12    A  OP2     P       OP2    5.67
   0  12    A  P    0  12    A  O5'     P       O5'  -23.86
   0  12    A  O5'  0  12    A  C5'     O5'     C5'    4.85
   0  12    A  C5'  0  12    A  C4'     C5'     C4'  -31.63
   0  12    A  C4'  0  12    A  O4'     C4'     O4'   18.96
   0  12    A  C4'  0  12    A  C3'     C4'     C3'   10.31
   0  12    A  O4'  0  12    A  C1'     O4'     C1'  -25.12
   0  12    A  C3'  0  12    A  C2'     C3'     C2'   -9.00
   0  12    A  O3'  0  13    C  P       O3'     P    -11.94
   0  12    A  C2'  0  12    A  O2'     C2'     O2'   -9.45
   0  12    A  C2'  0  12    A  C1'     C2'     C1'   -7.08
   0  13    C  P    0  13    C  OP1     P       OP1   -9.76
   0  13    C  P    0  13    C  OP2     P       OP2  -12.23
   0  13    C  P    0  13    C  O5'     P       O5'   -9.10
   0  13    C  O5'  0  13    C  C5'     O5'     C5'   -5.56
   0  13    C  C5'  0  13    C  C4'     C5'     C4'  -17.75
   0  13    C  C4'  0  13    C  O4'     C4'     O4'   17.59
   0  13    C  C4'  0  13    C  C3'     C4'     C3'  -16.69
   0  13    C  O4'  0  13    C  C1'     O4'     C1'   15.09
   0  13    C  C3'  0  13    C  O3'     C3'     O3'  -10.02
   0  13    C  C3'  0  13    C  C2'     C3'     C2'   17.18
   0  13    C  C2'  0  13    C  O2'     C2'     O2'    4.96
   0  13    C  C2'  0  13    C  C1'     C2'     C1'  -17.27
   0  14    U  P    0  14    U  OP1     P       OP1   -9.00
   0  14    U  P    0  14    U  OP2     P       OP2   -9.45
   0  14    U  P    0  14    U  O5'     P       O5'   -9.16
   0  14    U  C5'  0  14    U  C4'     C5'     C4'  -40.15
   0  14    U  C4'  0  14    U  O4'     C4'     O4'   10.40
   0  14    U  C3'  0  14    U  O3'     C3'     O3'  -11.97
   0  14    U  O3'  0  15    G  P       O3'     P    -19.82
   0  14    U  C2'  0  14    U  C1'     C2'     C1'  -14.82
   0  15    G  P    0  15    G  OP1     P       OP1   12.12
   0  15    G  P    0  15    G  OP2     P       OP2   10.82
   0  15    G  P    0  15    G  O5'     P       O5'   -8.73
   0  15    G  O5'  0  15    G  C5'     O5'     C5'    9.23
   0  15    G  C5'  0  15    G  C4'     C5'     C4'  -27.87
   0  15    G  C4'  0  15    G  O4'     C4'     O4'   11.30
   0  15    G  C4'  0  15    G  C3'     C4'     C3'   -6.85
   0  15    G  O3'  0  16    A  P       O3'     P      7.06
   0  15    G  C2'  0  15    G  O2'     C2'     O2'   15.86
   0  15    G  C2'  0  15    G  C1'     C2'     C1'  -21.53
   0  16    A  P    0  16    A  OP1     P       OP1  -10.90
   0  16    A  P    0  16    A  OP2     P       OP2    6.67
   0  16    A  P    0  16    A  O5'     P       O5'  -28.58
   0  16    A  O5'  0  16    A  C5'     O5'     C5'   14.99
   0  16    A  C5'  0  16    A  C4'     C5'     C4'  -28.35
   0  16    A  C4'  0  16    A  O4'     C4'     O4'   21.54
   0  16    A  O4'  0  16    A  C1'     O4'     C1'  -28.47
   0  16    A  C3'  0  16    A  O3'     C3'     O3'  -14.44
   0  16    A  O3'  0  17    C  P       O3'     P     -8.20
   0  16    A  C2'  0  16    A  C1'     C2'     C1'  -12.73
   0  17    C  P    0  17    C  OP1     P       OP1  -11.54
   0  17    C  P    0  17    C  OP2     P       OP2   -8.83
   0  17    C  P    0  17    C  O5'     P       O5'   -7.08
   0  17    C  C5'  0  17    C  C4'     C5'     C4'  -20.26
   0  17    C  C4'  0  17    C  O4'     C4'     O4'   18.57
   0  17    C  C4'  0  17    C  C3'     C4'     C3'  -13.24
   0  17    C  O4'  0  17    C  C1'     O4'     C1'    9.69
   0  17    C  C3'  0  17    C  O3'     C3'     O3'  -18.24
   0  17    C  C3'  0  17    C  C2'     C3'     C2'   20.44
   0  17    C  O3'  0  18    G  P       O3'     P     -8.91
   0  17    C  C2'  0  17    C  C1'     C2'     C1'  -19.09
   0  18    G  P    0  18    G  OP1     P       OP1   16.76
   0  18    G  P    0  18    G  OP2     P       OP2    6.51
   0  18    G  P    0  18    G  O5'     P       O5'   -9.67
   0  18    G  O5'  0  18    G  C5'     O5'     C5'    7.74
   0  18    G  C5'  0  18    G  C4'     C5'     C4'  -24.00
   0  18    G  C4'  0  18    G  O4'     C4'     O4'    7.38
   0  18    G  C3'  0  18    G  O3'     C3'     O3'   -5.84
   0  18    G  C2'  0  18    G  O2'     C2'     O2'    5.89
   0  18    G  C2'  0  18    G  C1'     C2'     C1'  -14.58
   0  19    C  P    0  19    C  OP1     P       OP1   -7.26
   0  19    C  P    0  19    C  OP2     P       OP2   -5.11
   0  19    C  P    0  19    C  O5'     P       O5'   -5.76
   0  19    C  O5'  0  19    C  C5'     O5'     C5'   -5.79
   0  19    C  C5'  0  19    C  C4'     C5'     C4'  -26.60
   0  19    C  C4'  0  19    C  O4'     C4'     O4'   17.61
   0  19    C  C4'  0  19    C  C3'     C4'     C3'   -7.25
   0  19    C  O4'  0  19    C  C1'     O4'     C1'   15.95
   0  19    C  C3'  0  19    C  O3'     C3'     O3'  -23.68
   0  19    C  C3'  0  19    C  C2'     C3'     C2'   13.82
   0  19    C  C2'  0  19    C  C1'     C2'     C1'  -15.63
   0  20    C  P    0  20    C  OP1     P       OP1   -8.32
   0  20    C  P    0  20    C  OP2     P       OP2   -6.83
   0  20    C  P    0  20    C  O5'     P       O5'   -5.25
   0  20    C  C5'  0  20    C  C4'     C5'     C4'  -23.05
   0  20    C  C4'  0  20    C  O4'     C4'     O4'   15.98
   0  20    C  C4'  0  20    C  C3'     C4'     C3'  -10.85
   0  20    C  O4'  0  20    C  C1'     O4'     C1'   12.00
   0  20    C  C3'  0  20    C  O3'     C3'     O3'  -10.30
   0  20    C  C3'  0  20    C  C2'     C3'     C2'    8.44
   0  20    C  O3'  0  21    U  P       O3'     P      4.80
   0  20    C  C2'  0  20    C  O2'     C2'     O2'   12.82
   0  20    C  C2'  0  20    C  C1'     C2'     C1'  -20.45
   0  21    U  P    0  21    U  OP1     P       OP1   -7.60
   0  21    U  P    0  21    U  OP2     P       OP2   -9.80
   0  21    U  P    0  21    U  O5'     P       O5'   -8.05
   0  21    U  O5'  0  21    U  C5'     O5'     C5'   16.28
   0  21    U  C5'  0  21    U  C4'     C5'     C4'  -25.95
   0  21    U  C4'  0  21    U  O4'     C4'     O4'   11.60
   0  21    U  C4'  0  21    U  C3'     C4'     C3'   17.74
   0  21    U  O4'  0  21    U  C1'     O4'     C1'   11.41
   0  21    U  C3'  0  21    U  O3'     C3'     O3'   19.79
   0  21    U  C3'  0  21    U  C2'     C3'     C2'   14.92
   0  21    U  O3'  0  22    C  P       O3'     P    -26.33
   0  21    U  C2'  0  21    U  C1'     C2'     C1'   -9.09
   0  21    U  C1'  0  21    U  N1      C1'     N1     5.74
   0  22    C  P    0  22    C  OP1     P       OP1   -6.02
   0  22    C  P    0  22    C  OP2     P       OP2   -6.91
   0  22    C  P    0  22    C  O5'     P       O5'  -10.25
   0  22    C  O5'  0  22    C  C5'     O5'     C5'    5.75
   0  22    C  C4'  0  22    C  O4'     C4'     O4'   -5.71
   0  22    C  C4'  0  22    C  C3'     C4'     C3'  -18.71
   0  22    C  O4'  0  22    C  C1'     O4'     C1'   15.55
   0  22    C  C3'  0  22    C  O3'     C3'     O3'   24.15
   0  22    C  O3'  0  23    G  P       O3'     P     -8.44
   0  22    C  C2'  0  22    C  O2'     C2'     O2'   22.87
   0  22    C  C2'  0  22    C  C1'     C2'     C1'  -41.99
   0  23    G  P    0  23    G  OP1     P       OP1   10.31
   0  23    G  P    0  23    G  OP2     P       OP2   10.97
   0  23    G  P    0  23    G  O5'     P       O5'  -37.54
   0  23    G  O5'  0  23    G  C5'     O5'     C5'   14.36
   0  23    G  C5'  0  23    G  C4'     C5'     C4'  -13.88
   0  23    G  C4'  0  23    G  O4'     C4'     O4'    7.94
   0  23    G  O4'  0  23    G  C1'     O4'     C1'  -14.07
   0  23    G  C3'  0  23    G  O3'     C3'     O3'   11.25
   0  23    G  C3'  0  23    G  C2'     C3'     C2'    6.32
   0  23    G  O3'  0  24    G  P       O3'     P     -5.87
   0  23    G  C2'  0  23    G  O2'     C2'     O2'    4.50
   0  24    G  P    0  24    G  OP1     P       OP1   16.52
   0  24    G  P    0  24    G  OP2     P       OP2    9.58
   0  24    G  P    0  24    G  O5'     P       O5'  -14.62
   0  24    G  O5'  0  24    G  C5'     O5'     C5'   12.36
   0  24    G  C5'  0  24    G  C4'     C5'     C4'  -12.63
   0  24    G  C4'  0  24    G  C3'     C4'     C3'   -9.01
   0  24    G  C3'  0  24    G  O3'     C3'     O3'  -14.49
   0  24    G  O3'  0  25    C  P       O3'     P     -6.16
   0  24    G  C2'  0  24    G  O2'     C2'     O2'    5.91
   0  24    G  C2'  0  24    G  C1'     C2'     C1'  -12.96
   0  25    C  P    0  25    C  OP1     P       OP1   -8.59
   0  25    C  P    0  25    C  OP2     P       OP2   -7.73
   0  25    C  P    0  25    C  O5'     P       O5'   -8.08
   0  25    C  C5'  0  25    C  C4'     C5'     C4'  -24.34
   0  25    C  C4'  0  25    C  O4'     C4'     O4'   17.78
   0  25    C  O4'  0  25    C  C1'     O4'     C1'   15.60
   0  25    C  C3'  0  25    C  O3'     C3'     O3'  -16.87
   0  25    C  C3'  0  25    C  C2'     C3'     C2'    9.36
   0  25    C  O3'  0  26    A  P       O3'     P     11.43
   0  25    C  C2'  0  25    C  C1'     C2'     C1'  -11.64
   0  26    A  P    0  26    A  OP1     P       OP1  -18.08
   0  26    A  P    0  26    A  OP2     P       OP2    6.26
   0  26    A  P    0  26    A  O5'     P       O5'  -24.11
   0  26    A  O5'  0  26    A  C5'     O5'     C5'    8.02
   0  26    A  C5'  0  26    A  C4'     C5'     C4'  -33.29
   0  26    A  C4'  0  26    A  O4'     C4'     O4'   15.79
   0  26    A  C4'  0  26    A  C3'     C4'     C3'   15.41
   0  26    A  O4'  0  26    A  C1'     O4'     C1'  -29.11
   0  26    A  C3'  0  26    A  O3'     C3'     O3'   -9.00
   0  26    A  C3'  0  26    A  C2'     C3'     C2'   -6.37
   0  26    A  O3'  0  27    C  P       O3'     P    -12.21
   0  26    A  C2'  0  26    A  O2'     C2'     O2'   -6.91
   0  27    C  P    0  27    C  OP1     P       OP1  -14.59
   0  27    C  P    0  27    C  OP2     P       OP2   -9.03
   0  27    C  P    0  27    C  O5'     P       O5'   -9.62
   0  27    C  O5'  0  27    C  C5'     O5'     C5'   -4.58
   0  27    C  C5'  0  27    C  C4'     C5'     C4'  -23.59
   0  27    C  C4'  0  27    C  O4'     C4'     O4'   11.78
   0  27    C  C3'  0  27    C  O3'     C3'     O3'   -5.79
   0  27    C  C3'  0  27    C  C2'     C3'     C2'   -7.08
   0  27    C  O3'  0  28    C  P       O3'     P    -18.92
   0  27    C  C2'  0  27    C  C1'     C2'     C1'   -6.42
   0  27    C  C1'  0  27    C  N1      C1'     N1     5.81
   0  28    C  P    0  28    C  OP1     P       OP1  -14.01
   0  28    C  P    0  28    C  OP2     P       OP2  -10.81
   0  28    C  P    0  28    C  O5'     P       O5'  -15.97
   0  28    C  O5'  0  28    C  C5'     O5'     C5'  -15.52
   0  28    C  C5'  0  28    C  C4'     C5'     C4'  -23.84
   0  28    C  C4'  0  28    C  O4'     C4'     O4'   14.53
   0  28    C  O4'  0  28    C  C1'     O4'     C1'   22.65
   0  28    C  C3'  0  28    C  O3'     C3'     O3'   -4.09
   0  28    C  C3'  0  28    C  C2'     C3'     C2'    6.44
   0  28    C  O3'  0  29    U  P       O3'     P     15.38
   0  28    C  C2'  0  28    C  O2'     C2'     O2'   12.45
   0  28    C  C2'  0  28    C  C1'     C2'     C1'  -16.87
   0  29    U  P    0  29    U  OP1     P       OP1  -14.33
   0  29    U  P    0  29    U  OP2     P       OP2   -7.53
   0  29    U  O5'  0  29    U  C5'     O5'     C5'    5.28
   0  29    U  C5'  0  29    U  C4'     C5'     C4'  -23.87
   0  29    U  C4'  0  29    U  O4'     C4'     O4'    5.04
   0  29    U  C4'  0  29    U  C3'     C4'     C3'    5.82
   0  29    U  O4'  0  29    U  C1'     O4'     C1'   10.62
   0  29    U  C3'  0  29    U  O3'     C3'     O3'   22.88
   0  29    U  C3'  0  29    U  C2'     C3'     C2'    8.37
   0  29    U  O3'  0  30    G  P       O3'     P    -48.41
   0  29    U  C2'  0  29    U  O2'     C2'     O2'    7.79
   0  29    U  C2'  0  29    U  C1'     C2'     C1'  -12.72
   0  30    G  P    0  30    G  OP1     P       OP1   16.88
   0  30    G  P    0  30    G  OP2     P       OP2    6.63
   0  30    G  P    0  30    G  O5'     P       O5'   -9.13
   0  30    G  O5'  0  30    G  C5'     O5'     C5'   -9.35
   0  30    G  C5'  0  30    G  C4'     C5'     C4'  -28.33
   0  30    G  C4'  0  30    G  O4'     C4'     O4'    5.77
   0  30    G  C4'  0  30    G  C3'     C4'     C3'  -12.26
   0  30    G  O3'  0  31    A  P       O3'     P     -4.14
   0  30    G  C2'  0  30    G  O2'     C2'     O2'   -4.82
   0  30    G  C2'  0  30    G  C1'     C2'     C1'  -22.89
   0  31    A  P    0  31    A  OP1     P       OP1  -19.05
   0  31    A  P    0  31    A  O5'     P       O5'  -31.00
   0  31    A  C5'  0  31    A  C4'     C5'     C4'  -38.61
   0  31    A  C4'  0  31    A  O4'     C4'     O4'   13.69
   0  31    A  C4'  0  31    A  C3'     C4'     C3'   -5.33
   0  31    A  O4'  0  31    A  C1'     O4'     C1'  -31.58
   0  31    A  C3'  0  31    A  O3'     C3'     O3'   -7.65
   0  31    A  C3'  0  31    A  C2'     C3'     C2'   -4.30
   0  31    A  O3'  0  32    A  P       O3'     P    -41.90
   0  31    A  C2'  0  31    A  O2'     C2'     O2'  -12.00
   0  31    A  C2'  0  31    A  C1'     C2'     C1'  -11.50
   0  32    A  P    0  32    A  OP1     P       OP1  -13.45
   0  32    A  P    0  32    A  O5'     P       O5'  -26.25
   0  32    A  C5'  0  32    A  C4'     C5'     C4'  -36.31
   0  32    A  C4'  0  32    A  O4'     C4'     O4'   20.75
   0  32    A  O4'  0  32    A  C1'     O4'     C1'  -20.92
   0  32    A  C3'  0  32    A  O3'     C3'     O3'  -35.38
   0  32    A  C3'  0  32    A  C2'     C3'     C2'  -12.01
   0  32    A  O3'  0  33    C  P       O3'     P     -7.92
   0  32    A  C2'  0  32    A  O2'     C2'     O2'   -5.45
   0  32    A  C2'  0  32    A  C1'     C2'     C1'   -7.03
   0  33    C  P    0  33    C  OP1     P       OP1   -6.25
   0  33    C  P    0  33    C  OP2     P       OP2  -12.48
   0  33    C  P    0  33    C  O5'     P       O5'  -10.31
   0  33    C  O5'  0  33    C  C5'     O5'     C5'  -13.31
   0  33    C  C5'  0  33    C  C4'     C5'     C4'  -18.63
   0  33    C  C4'  0  33    C  O4'     C4'     O4'   15.68
   0  33    C  C4'  0  33    C  C3'     C4'     C3'   -9.67
   0  33    C  O4'  0  33    C  C1'     O4'     C1'   12.16
   0  33    C  C3'  0  33    C  O3'     C3'     O3'  -18.78
   0  33    C  C3'  0  33    C  C2'     C3'     C2'   12.43
   0  33    C  O3'  0  34    G  P       O3'     P    -16.56
   0  33    C  C2'  0  33    C  C1'     C2'     C1'  -15.68
   0  34    G  P    0  34    G  OP1     P       OP1   16.60
   0  34    G  P    0  34    G  OP2     P       OP2   12.50
   0  34    G  P    0  34    G  O5'     P       O5'  -10.96
   0  34    G  O5'  0  34    G  C5'     O5'     C5'    8.06
   0  34    G  C5'  0  34    G  C4'     C5'     C4'  -26.29
   0  34    G  C4'  0  34    G  O4'     C4'     O4'    4.94
   0  34    G  C4'  0  34    G  C3'     C4'     C3'   -6.98
   0  34    G  O4'  0  34    G  C1'     O4'     C1'    4.75
   0  34    G  C2'  0  34    G  O2'     C2'     O2'    9.82
   0  34    G  C2'  0  34    G  C1'     C2'     C1'  -19.67
   0  35    C  P    0  35    C  OP1     P       OP1   -7.31
   0  35    C  P    0  35    C  OP2     P       OP2   -6.52
   0  35    C  P    0  35    C  O5'     P       O5'   -8.46
   0  35    C  O5'  0  35    C  C5'     O5'     C5'   -6.28
   0  35    C  C5'  0  35    C  C4'     C5'     C4'  -15.76
   0  35    C  C4'  0  35    C  O4'     C4'     O4'   15.13
   0  35    C  C4'  0  35    C  C3'     C4'     C3'  -20.46
   0  35    C  O4'  0  35    C  C1'     O4'     C1'   20.45
   0  35    C  C3'  0  35    C  O3'     C3'     O3'  -27.03
   0  35    C  C3'  0  35    C  C2'     C3'     C2'   17.38
   0  35    C  O3'  0  36    U  P       O3'     P    -18.92
   0  35    C  C2'  0  35    C  C1'     C2'     C1'  -21.08
   0  36    U  P    0  36    U  OP1     P       OP1   -7.93
   0  36    U  P    0  36    U  OP2     P       OP2   -7.96
   0  36    U  P    0  36    U  O5'     P       O5'  -11.07
   0  36    U  C5'  0  36    U  C4'     C5'     C4'  -23.80
   0  36    U  C4'  0  36    U  O4'     C4'     O4'    4.45
   0  36    U  C4'  0  36    U  C3'     C4'     C3'  -12.45
   0  36    U  O4'  0  36    U  C1'     O4'     C1'    7.97
   0  36    U  C3'  0  36    U  O3'     C3'     O3'  -20.32
   0  36    U  C3'  0  36    U  C2'     C3'     C2'   14.61
   0  36    U  O3'  0  37    C  P       O3'     P     -4.60
   0  36    U  C2'  0  36    U  C1'     C2'     C1'  -26.72
   0  37    C  P    0  37    C  OP1     P       OP1  -11.69
   0  37    C  P    0  37    C  OP2     P       OP2   -9.78
   0  37    C  P    0  37    C  O5'     P       O5'  -17.01
   0  37    C  O5'  0  37    C  C5'     O5'     C5'   -5.37
   0  37    C  C5'  0  37    C  C4'     C5'     C4'  -28.67
   0  37    C  C4'  0  37    C  O4'     C4'     O4'   17.92
   0  37    C  C4'  0  37    C  C3'     C4'     C3'  -10.53
   0  37    C  O4'  0  37    C  C1'     O4'     C1'    8.74
   0  37    C  C3'  0  37    C  C2'     C3'     C2'    5.54
   0  37    C  O3'  0  38    C  P       O3'     P     89.13
   0  37    C  C2'  0  37    C  O2'     C2'     O2'   16.13
   0  37    C  C2'  0  37    C  C1'     C2'     C1'  -19.07
   0  37    C  C1'  0  37    C  N1      C1'     N1     4.07
   0  38    C  P    0  38    C  OP1     P       OP1   -9.48
   0  38    C  P    0  38    C  OP2     P       OP2  -11.94
   0  38    C  P    0  38    C  O5'     P       O5'  -10.46
   0  38    C  C5'  0  38    C  C4'     C5'     C4'    4.61
   0  38    C  C4'  0  38    C  O4'     C4'     O4'   15.66
   0  38    C  C4'  0  38    C  C3'     C4'     C3'  -11.37
   0  38    C  O4'  0  38    C  C1'     O4'     C1'   11.30
   0  38    C  C3'  0  38    C  O3'     C3'     O3'   44.89
   0  38    C  C3'  0  38    C  C2'     C3'     C2'    6.90
   0  38    C  C2'  0  38    C  O2'     C2'     O2'   14.73
   0  38    C  C2'  0  38    C  C1'     C2'     C1'  -17.31
   0  39    C  P    0  39    C  OP2     P       OP2  -10.10
   0  39    C  P    0  39    C  O5'     P       O5'  -20.86
   0  39    C  O5'  0  39    C  C5'     O5'     C5'   -7.78
   0  39    C  C5'  0  39    C  C4'     C5'     C4'   -8.52
   0  39    C  C4'  0  39    C  O4'     C4'     O4'   12.35
   0  39    C  C4'  0  39    C  C3'     C4'     C3'   22.66
   0  39    C  O4'  0  39    C  C1'     O4'     C1'   10.63
   0  39    C  C3'  0  39    C  O3'     C3'     O3'   30.16
   0  39    C  C3'  0  39    C  C2'     C3'     C2'    4.15
   0  39    C  C2'  0  39    C  O2'     C2'     O2'   15.55
   0  39    C  C2'  0  39    C  C1'     C2'     C1'  -11.90
   0  39    C  C1'  0  39    C  N1      C1'     N1     4.16
   0  40    G  P    0  40    G  OP2     P       OP2   12.74
   0  40    G  P    0  40    G  O5'     P       O5'  -19.64
   0  40    G  O5'  0  40    G  C5'     O5'     C5'   18.21
   0  40    G  C4'  0  40    G  O4'     C4'     O4'   10.04
   0  40    G  C4'  0  40    G  C3'     C4'     C3'  -16.42
   0  40    G  O4'  0  40    G  C1'     O4'     C1'    6.17
   0  40    G  C3'  0  40    G  O3'     C3'     O3'   30.51
   0  40    G  C3'  0  40    G  C2'     C3'     C2'   20.59
   0  40    G  O3'  0  41    G  P       O3'     P     75.82
   0  40    G  C2'  0  40    G  O2'     C2'     O2'   13.60
   0  40    G  C2'  0  40    G  C1'     C2'     C1'  -31.28
   0  40    G  C1'  0  40    G  N9      C1'     N9    -4.04
   0  41    G  P    0  41    G  OP1     P       OP1    5.86
   0  41    G  P    0  41    G  OP2     P       OP2    7.62
   0  41    G  P    0  41    G  O5'     P       O5'  -22.28
   0  41    G  O5'  0  41    G  C5'     O5'     C5'   20.12
   0  41    G  C5'  0  41    G  C4'     C5'     C4'   -7.46
   0  41    G  C4'  0  41    G  O4'     C4'     O4'   10.86
   0  41    G  C4'  0  41    G  C3'     C4'     C3'  -32.39
   0  41    G  O4'  0  41    G  C1'     O4'     C1'    5.88
   0  41    G  C3'  0  41    G  O3'     C3'     O3'   27.93
   0  41    G  C3'  0  41    G  C2'     C3'     C2'   29.03
   0  41    G  O3'  0  42    U  P       O3'     P     68.01
   0  41    G  C2'  0  41    G  O2'     C2'     O2'   25.49
   0  41    G  C2'  0  41    G  C1'     C2'     C1'  -33.96
   0  42    U  P    0  42    U  OP2     P       OP2   -8.52
   0  42    U  P    0  42    U  O5'     P       O5'  -11.60
   0  42    U  C5'  0  42    U  C4'     C5'     C4'  -35.78
   0  42    U  C4'  0  42    U  O4'     C4'     O4'   16.77
   0  42    U  C4'  0  42    U  C3'     C4'     C3'  -10.23
   0  42    U  O4'  0  42    U  C1'     O4'     C1'    8.25
   0  42    U  C3'  0  42    U  O3'     C3'     O3'   22.72
   0  42    U  C3'  0  42    U  C2'     C3'     C2'   27.06
   0  42    U  O3'  0  43    G  P       O3'     P     10.35
   0  42    U  C2'  0  42    U  C1'     C2'     C1'  -18.11
   0  43    G  P    0  43    G  OP1     P       OP1    9.56
   0  43    G  P    0  43    G  OP2     P       OP2   16.11
   0  43    G  P    0  43    G  O5'     P       O5'  -24.64
   0  43    G  O5'  0  43    G  C5'     O5'     C5'   11.73
   0  43    G  C5'  0  43    G  C4'     C5'     C4'  -10.67
   0  43    G  C4'  0  43    G  O4'     C4'     O4'    4.69
   0  43    G  C4'  0  43    G  C3'     C4'     C3'  -14.12
   0  43    G  O4'  0  43    G  C1'     O4'     C1'   -5.19
   0  43    G  C3'  0  43    G  O3'     C3'     O3'   13.66
   0  43    G  C3'  0  43    G  C2'     C3'     C2'   12.65
   0  43    G  O3'  0  44    G  P       O3'     P    -28.36
   0  43    G  C2'  0  43    G  O2'     C2'     O2'    6.70
   0  43    G  C2'  0  43    G  C1'     C2'     C1'  -10.59
   0  43    G  C1'  0  43    G  N9      C1'     N9     4.89
   0  44    G  P    0  44    G  OP1     P       OP1    8.57
   0  44    G  P    0  44    G  OP2     P       OP2   14.72
   0  44    G  P    0  44    G  O5'     P       O5'  -17.45
   0  44    G  O5'  0  44    G  C5'     O5'     C5'   18.80
   0  44    G  C5'  0  44    G  C4'     C5'     C4'   -9.51
   0  44    G  C4'  0  44    G  O4'     C4'     O4'   11.34
   0  44    G  C4'  0  44    G  C3'     C4'     C3'  -32.90
   0  44    G  O4'  0  44    G  C1'     O4'     C1'    6.48
   0  44    G  C3'  0  44    G  O3'     C3'     O3'   10.91
   0  44    G  C3'  0  44    G  C2'     C3'     C2'   20.00
   0  44    G  C2'  0  44    G  O2'     C2'     O2'   20.87
   0  44    G  C2'  0  44    G  C1'     C2'     C1'  -21.47
   0  45    A  P    0  45    A  OP1     P       OP1  -17.15
   0  45    A  P    0  45    A  O5'     P       O5'  -27.87
   0  45    A  O5'  0  45    A  C5'     O5'     C5'    8.89
   0  45    A  C5'  0  45    A  C4'     C5'     C4'  -38.87
   0  45    A  C4'  0  45    A  O4'     C4'     O4'   21.85
   0  45    A  O4'  0  45    A  C1'     O4'     C1'   -9.35
   0  45    A  C3'  0  45    A  O3'     C3'     O3'    6.51
   0  45    A  C3'  0  45    A  C2'     C3'     C2'   11.70
   0  45    A  O3'  0  46    A  P       O3'     P     -9.92
   0  45    A  C2'  0  45    A  C1'     C2'     C1'   -4.07
   0  46    A  P    0  46    A  OP1     P       OP1  -14.84
   0  46    A  P    0  46    A  O5'     P       O5'  -28.42
   0  46    A  O5'  0  46    A  C5'     O5'     C5'    4.87
   0  46    A  C5'  0  46    A  C4'     C5'     C4'  -31.90
   0  46    A  C4'  0  46    A  O4'     C4'     O4'   16.56
   0  46    A  O4'  0  46    A  C1'     O4'     C1'  -10.78
   0  46    A  C3'  0  46    A  C2'     C3'     C2'    7.25
   0  46    A  O3'  0  47    U  P       O3'     P     -6.85
   0  46    A  C2'  0  46    A  C1'     C2'     C1'   -5.44
   0  47    U  P    0  47    U  OP1     P       OP1  -11.71
   0  47    U  P    0  47    U  OP2     P       OP2  -10.49
   0  47    U  P    0  47    U  O5'     P       O5'  -13.64
   0  47    U  C5'  0  47    U  C4'     C5'     C4'  -29.80
   0  47    U  C4'  0  47    U  O4'     C4'     O4'   13.05
   0  47    U  C3'  0  47    U  O3'     C3'     O3'   -7.91
   0  47    U  C3'  0  47    U  C2'     C3'     C2'   14.55
   0  47    U  O3'  0  48    G  P       O3'     P    -13.67
   0  47    U  C2'  0  47    U  C1'     C2'     C1'  -16.63
   0  48    G  P    0  48    G  OP1     P       OP1   17.90
   0  48    G  P    0  48    G  OP2     P       OP2   11.86
   0  48    G  P    0  48    G  O5'     P       O5'  -10.45
   0  48    G  O5'  0  48    G  C5'     O5'     C5'    7.52
   0  48    G  C5'  0  48    G  C4'     C5'     C4'  -11.98
   0  48    G  C4'  0  48    G  O4'     C4'     O4'    9.57
   0  48    G  O4'  0  48    G  C1'     O4'     C1'   -5.94
   0  48    G  C3'  0  48    G  O3'     C3'     O3'   -7.98
   0  48    G  C3'  0  48    G  C2'     C3'     C2'    5.72
   0  48    G  O3'  0  49    U  P       O3'     P     -4.02
   0  48    G  C2'  0  48    G  O2'     C2'     O2'   13.30
   0  48    G  C2'  0  48    G  C1'     C2'     C1'  -14.73
   0  49    U  P    0  49    U  OP1     P       OP1  -19.94
   0  49    U  P    0  49    U  OP2     P       OP2  -14.21
   0  49    U  P    0  49    U  O5'     P       O5'  -14.95
   0  49    U  O5'  0  49    U  C5'     O5'     C5'  -21.09
   0  49    U  C5'  0  49    U  C4'     C5'     C4'  -21.52
   0  49    U  C4'  0  49    U  O4'     C4'     O4'   20.72
   0  49    U  C4'  0  49    U  C3'     C4'     C3'  -23.02
   0  49    U  O4'  0  49    U  C1'     O4'     C1'   12.15
   0  49    U  C3'  0  49    U  O3'     C3'     O3'   15.87
   0  49    U  C3'  0  49    U  C2'     C3'     C2'   16.26
   0  49    U  O3'  0  50    U  P       O3'     P     49.31
   0  49    U  C2'  0  49    U  O2'     C2'     O2'    6.35
   0  49    U  C2'  0  49    U  C1'     C2'     C1'  -30.10
   0  49    U  C1'  0  49    U  N1      C1'     N1     4.70
   0  50    U  P    0  50    U  OP1     P       OP1  -12.84
   0  50    U  P    0  50    U  OP2     P       OP2   -9.04
   0  50    U  P    0  50    U  O5'     P       O5'  -12.21
   0  50    U  O5'  0  50    U  C5'     O5'     C5'  -11.65
   0  50    U  C5'  0  50    U  C4'     C5'     C4'  -13.87
   0  50    U  C4'  0  50    U  O4'     C4'     O4'   13.40
   0  50    U  C4'  0  50    U  C3'     C4'     C3'  -18.86
   0  50    U  O4'  0  50    U  C1'     O4'     C1'    8.15
   0  50    U  C3'  0  50    U  C2'     C3'     C2'   14.18
   0  50    U  O3'  0  51    U  P       O3'     P      6.71
   0  50    U  C2'  0  50    U  O2'     C2'     O2'   11.96
   0  50    U  C2'  0  50    U  C1'     C2'     C1'  -24.66
   0  51    U  P    0  51    U  OP1     P       OP1  -13.46
   0  51    U  P    0  51    U  OP2     P       OP2  -10.80
   0  51    U  P    0  51    U  O5'     P       O5'  -15.17
   0  51    U  O5'  0  51    U  C5'     O5'     C5'    4.75
   0  51    U  C5'  0  51    U  C4'     C5'     C4'  -32.19
   0  51    U  C4'  0  51    U  O4'     C4'     O4'   15.52
   0  51    U  C4'  0  51    U  C3'     C4'     C3'  -13.30
   0  51    U  C3'  0  51    U  O3'     C3'     O3'   24.38
   0  51    U  O3'  0  52    A  P       O3'     P     71.98
   0  51    U  C2'  0  51    U  C1'     C2'     C1'  -20.74
   0  52    A  P    0  52    A  OP1     P       OP1  -13.47
   0  52    A  P    0  52    A  OP2     P       OP2    4.39
   0  52    A  P    0  52    A  O5'     P       O5'  -18.28
   0  52    A  O5'  0  52    A  C5'     O5'     C5'   15.48
   0  52    A  C5'  0  52    A  C4'     C5'     C4'  -19.31
   0  52    A  C4'  0  52    A  O4'     C4'     O4'   24.73
   0  52    A  C4'  0  52    A  C3'     C4'     C3'   -4.15
   0  52    A  O4'  0  52    A  C1'     O4'     C1'  -18.11
   0  52    A  C3'  0  52    A  O3'     C3'     O3'  -16.08
   0  52    A  C3'  0  52    A  C2'     C3'     C2'  -19.86
   0  52    A  O3'  0  53    C  P       O3'     P      7.04
   0  52    A  C2'  0  52    A  O2'     C2'     O2'  -30.59
   0  52    A  C2'  0  52    A  C1'     C2'     C1'  -11.65
   0  52    A  C1'  0  52    A  N9      C1'     N9    -5.12
   0  53    C  P    0  53    C  OP1     P       OP1   -8.48
   0  53    C  P    0  53    C  OP2     P       OP2   -8.48
   0  53    C  P    0  53    C  O5'     P       O5'  -15.98
   0  53    C  C5'  0  53    C  C4'     C5'     C4'  -23.04
   0  53    C  C4'  0  53    C  O4'     C4'     O4'   -4.40
   0  53    C  C4'  0  53    C  C3'     C4'     C3'   14.74
   0  53    C  O3'  0  54    C  P       O3'     P     73.27
   0  53    C  C2'  0  53    C  C1'     C2'     C1'   -6.18
   0  54    C  P    0  54    C  OP1     P       OP1   -6.62
   0  54    C  P    0  54    C  OP2     P       OP2   -8.73
   0  54    C  P    0  54    C  O5'     P       O5'  -14.84
   0  54    C  O5'  0  54    C  C5'     O5'     C5'   10.06
   0  54    C  C5'  0  54    C  C4'     C5'     C4'  -10.49
   0  54    C  C4'  0  54    C  O4'     C4'     O4'    6.59
   0  54    C  C4'  0  54    C  C3'     C4'     C3'    8.11
   0  54    C  O4'  0  54    C  C1'     O4'     C1'   22.63
   0  54    C  C3'  0  54    C  C2'     C3'     C2'   16.40
   0  54    C  O3'  0  55    G  P       O3'     P      6.72
   0  54    C  C2'  0  54    C  O2'     C2'     O2'    8.15
   0  54    C  C2'  0  54    C  C1'     C2'     C1'  -26.22
   0  55    G  P    0  55    G  OP1     P       OP1    9.87
   0  55    G  P    0  55    G  OP2     P       OP2   15.40
   0  55    G  P    0  55    G  O5'     P       O5'   -7.95
   0  55    G  O5'  0  55    G  C5'     O5'     C5'   18.08
   0  55    G  C5'  0  55    G  C4'     C5'     C4'  -11.34
   0  55    G  C4'  0  55    G  C3'     C4'     C3'  -23.07
   0  55    G  O4'  0  55    G  C1'     O4'     C1'    6.76
   0  55    G  C3'  0  55    G  C2'     C3'     C2'    9.05
   0  55    G  O3'  0  56    U  P       O3'     P    -28.90
   0  55    G  C2'  0  55    G  O2'     C2'     O2'   12.92
   0  55    G  C2'  0  55    G  C1'     C2'     C1'  -25.00
   0  56    U  P    0  56    U  OP1     P       OP1   -6.10
   0  56    U  P    0  56    U  OP2     P       OP2   -8.02
   0  56    U  P    0  56    U  O5'     P       O5'   -7.50
   0  56    U  O5'  0  56    U  C5'     O5'     C5'  -13.47
   0  56    U  C5'  0  56    U  C4'     C5'     C4'  -19.24
   0  56    U  C4'  0  56    U  O4'     C4'     O4'   11.20
   0  56    U  C4'  0  56    U  C3'     C4'     C3'  -10.89
   0  56    U  O4'  0  56    U  C1'     O4'     C1'    7.53
   0  56    U  C3'  0  56    U  O3'     C3'     O3'  -12.56
   0  56    U  C3'  0  56    U  C2'     C3'     C2'   17.10
   0  56    U  O3'  0  57    C  P       O3'     P    -14.17
   0  56    U  C2'  0  56    U  C1'     C2'     C1'  -23.69
   0  57    C  P    0  57    C  OP1     P       OP1   -9.50
   0  57    C  P    0  57    C  OP2     P       OP2  -10.66
   0  57    C  P    0  57    C  O5'     P       O5'   -7.92
   0  57    C  O5'  0  57    C  C5'     O5'     C5'   -5.18
   0  57    C  C5'  0  57    C  C4'     C5'     C4'  -28.13
   0  57    C  C4'  0  57    C  O4'     C4'     O4'   15.59
   0  57    C  C4'  0  57    C  C3'     C4'     C3'  -14.80
   0  57    C  O4'  0  57    C  C1'     O4'     C1'   14.63
   0  57    C  C3'  0  57    C  O3'     C3'     O3'  -21.31
   0  57    C  C3'  0  57    C  C2'     C3'     C2'   13.54
   0  57    C  O3'  0  58    C  P       O3'     P    -11.92
   0  57    C  C2'  0  57    C  O2'     C2'     O2'    7.46
   0  57    C  C2'  0  57    C  C1'     C2'     C1'  -13.00
   0  58    C  P    0  58    C  OP1     P       OP1   -6.21
   0  58    C  P    0  58    C  OP2     P       OP2  -11.05
   0  58    C  P    0  58    C  O5'     P       O5'  -11.76
   0  58    C  O5'  0  58    C  C5'     O5'     C5'   -7.00
   0  58    C  C5'  0  58    C  C4'     C5'     C4'  -11.14
   0  58    C  C4'  0  58    C  O4'     C4'     O4'   12.50
   0  58    C  O4'  0  58    C  C1'     O4'     C1'    9.12
   0  58    C  C3'  0  58    C  O3'     C3'     O3'    6.21
   0  58    C  C3'  0  58    C  C2'     C3'     C2'    5.26
   0  58    C  C2'  0  58    C  O2'     C2'     O2'    8.38
   0  58    C  C2'  0  58    C  C1'     C2'     C1'  -14.83
  652/809 bond outliers present

                    ----------Backbone bond angles----------                   

  residue               atom 1  atom 2  atom 3  sigmas
   0   1    C  O4'  0   1    C  C1'  0   1    C  N1      O4'     C1'     N1    21.50
   0   1    C  C4'  0   1    C  C3'  0   1    C  C2'     C4'     C3'     C2'  -12.46
   0   1    C  C4'  0   1    C  C3'  0   1    C  O3'     C4'     C3'     O3'   20.41
   0   1    C  C5'  0   1    C  C4'  0   1    C  C3'     C5'     C4'     C3'    6.08
   0   1    C  O4'  0   1    C  C4'  0   1    C  C3'     O4'     C4'     C3'    5.39
   0   1    C  C5'  0   1    C  C4'  0   1    C  O4'     C5'     C4'     O4'    5.81
   0   1    C  C4'  0   1    C  O4'  0   1    C  C1'     C4'     O4'     C1'  -20.28
   0   1    C  O5'  0   1    C  C5'  0   1    C  C4'     O5'     C5'     C4'   10.72
   0   1    C  P    0   1    C  O5'  0   1    C  C5'     P       O5'     C5'    4.45
   0   1    C  O2'  0   1    C  C2'  0   1    C  C1'     O2'     C2'     C1'   -6.14
   0   1    C  C3'  0   1    C  C2'  0   1    C  O2'     C3'     C2'     O2'   13.01
   0   1    C  O3'  0   2    G  P    0   2    G  OP1     O3'     P       OP1   18.69
   0   1    C  C3'  0   1    C  O3'  0   2    G  P       C3'     O3'     P     32.68
   0   2    G  O4'  0   2    G  C1'  0   2    G  N9      O4'     C1'     N9    17.37
   0   2    G  C2'  0   2    G  C1'  0   2    G  N9      C2'     C1'     N9    -7.03
   0   2    G  C4'  0   2    G  C3'  0   2    G  C2'     C4'     C3'     C2'    5.64
   0   2    G  C4'  0   2    G  C3'  0   2    G  O3'     C4'     C3'     O3'   17.21
   0   2    G  C5'  0   2    G  C4'  0   2    G  C3'     C5'     C4'     C3'   -4.30
   0   2    G  O4'  0   2    G  C4'  0   2    G  C3'     O4'     C4'     C3'    4.16
   0   2    G  C5'  0   2    G  C4'  0   2    G  O4'     C5'     C4'     O4'   21.54
   0   2    G  C4'  0   2    G  O4'  0   2    G  C1'     C4'     O4'     C1'  -10.29
   0   2    G  O5'  0   2    G  C5'  0   2    G  C4'     O5'     C5'     C4'   -6.53
   0   2    G  P    0   2    G  O5'  0   2    G  C5'     P       O5'     C5'   19.58
   0   2    G  OP1  0   2    G  P    0   2    G  O5'     OP1     P       O5'   -5.81
   0   2    G  OP1  0   2    G  P    0   2    G  OP2     OP1     P       OP2   -9.74
   0   2    G  OP2  0   2    G  P    0   2    G  O5'     OP2     P       O5'   -7.54
   0   2    G  O2'  0   2    G  C2'  0   2    G  C1'     O2'     C2'     C1'   -6.99
   0   2    G  C3'  0   2    G  C2'  0   2    G  O2'     C3'     C2'     O2'    6.68
   0   2    G  O3'  0   3    C  P    0   3    C  OP1     O3'     P       OP1    6.36
   0   3    C  O4'  0   3    C  C1'  0   3    C  N1      O4'     C1'     N1    28.53
   0   3    C  C2'  0   3    C  C1'  0   3    C  N1      C2'     C1'     N1     4.05
   0   3    C  O4'  0   3    C  C1'  0   3    C  C2'     O4'     C1'     C2'  -18.91
   0   3    C  C3'  0   3    C  C2'  0   3    C  C1'     C3'     C2'     C1'   -9.82
   0   3    C  C4'  0   3    C  C3'  0   3    C  O3'     C4'     C3'     O3'   16.04
   0   3    C  C5'  0   3    C  C4'  0   3    C  C3'     C5'     C4'     C3'   17.68
   0   3    C  O4'  0   3    C  C4'  0   3    C  C3'     O4'     C4'     C3'    4.97
   0   3    C  C4'  0   3    C  O4'  0   3    C  C1'     C4'     O4'     C1'  -24.37
   0   3    C  O5'  0   3    C  C5'  0   3    C  C4'     O5'     C5'     C4'  -10.20
   0   3    C  P    0   3    C  O5'  0   3    C  C5'     P       O5'     C5'    6.13
   0   3    C  OP1  0   3    C  P    0   3    C  OP2     OP1     P       OP2   -4.14
   0   3    C  C3'  0   3    C  C2'  0   3    C  O2'     C3'     C2'     O2'    8.80
   0   3    C  O3'  0   4    A  P    0   4    A  O5'     O3'     P       O5'  -10.93
   0   3    C  O3'  0   4    A  P    0   4    A  OP2     O3'     P       OP2   -6.73
   0   3    C  C3'  0   3    C  O3'  0   4    A  P       C3'     O3'     P     13.63
   0   4    A  O4'  0   4    A  C1'  0   4    A  N9      O4'     C1'     N9     4.78
   0   4    A  C2'  0   4    A  C1'  0   4    A  N9      C2'     C1'     N9    -7.52
   0   4    A  O4'  0   4    A  C1'  0   4    A  C2'     O4'     C1'     C2'   10.25
   0   4    A  C4'  0   4    A  C3'  0   4    A  C2'     C4'     C3'     C2'    8.63
   0   4    A  O3'  0   4    A  C3'  0   4    A  C2'     O3'     C3'     C2'    8.26
   0   4    A  C4'  0   4    A  C3'  0   4    A  O3'     C4'     C3'     O3'    6.37
   0   4    A  C5'  0   4    A  C4'  0   4    A  C3'     C5'     C4'     C3'   12.22
   0   4    A  O4'  0   4    A  C4'  0   4    A  C3'     O4'     C4'     C3'  -10.32
   0   4    A  OP2  0   4    A  P    0   4    A  O5'     OP2     P       O5'    6.20
   0   4    A  C3'  0   4    A  C2'  0   4    A  O2'     C3'     C2'     O2'   15.88
   0   4    A  O3'  0   5    C  P    0   5    C  O5'     O3'     P       O5'  -12.60
   0   4    A  O3'  0   5    C  P    0   5    C  OP1     O3'     P       OP1   16.18
   0   4    A  C3'  0   4    A  O3'  0   5    C  P       C3'     O3'     P     12.58
   0   5    C  O4'  0   5    C  C1'  0   5    C  N1      O4'     C1'     N1    23.53
   0   5    C  O4'  0   5    C  C1'  0   5    C  C2'     O4'     C1'     C2'   -4.77
   0   5    C  C4'  0   5    C  C3'  0   5    C  C2'     C4'     C3'     C2'    4.36
   0   5    C  O3'  0   5    C  C3'  0   5    C  C2'     O3'     C3'     C2'    9.97
   0   5    C  C4'  0   5    C  C3'  0   5    C  O3'     C4'     C3'     O3'    4.34
   0   5    C  C5'  0   5    C  C4'  0   5    C  C3'     C5'     C4'     C3'   20.58
   0   5    C  C4'  0   5    C  O4'  0   5    C  C1'     C4'     O4'     C1'  -20.76
   0   5    C  P    0   5    C  O5'  0   5    C  C5'     P       O5'     C5'    4.29
   0   5    C  OP1  0   5    C  P    0   5    C  O5'     OP1     P       O5'   -4.76
   0   5    C  OP1  0   5    C  P    0   5    C  OP2     OP1     P       OP2   -6.22
   0   5    C  O2'  0   5    C  C2'  0   5    C  C1'     O2'     C2'     C1'   -4.10
   0   5    C  C3'  0   5    C  C2'  0   5    C  O2'     C3'     C2'     O2'   10.72
   0   5    C  O3'  0   6    A  P    0   6    A  O5'     O3'     P       O5'  -42.15
   0   5    C  O3'  0   6    A  P    0   6    A  OP1     O3'     P       OP1   -8.33
   0   5    C  O3'  0   6    A  P    0   6    A  OP2     O3'     P       OP2    4.12
   0   6    A  O4'  0   6    A  C1'  0   6    A  N9      O4'     C1'     N9     8.81
   0   6    A  C3'  0   6    A  C2'  0   6    A  C1'     C3'     C2'     C1'   10.88
   0   6    A  C4'  0   6    A  C3'  0   6    A  C2'     C4'     C3'     C2'   -4.05
   0   6    A  C4'  0   6    A  C3'  0   6    A  O3'     C4'     C3'     O3'   19.37
   0   6    A  C5'  0   6    A  C4'  0   6    A  C3'     C5'     C4'     C3'    7.97
   0   6    A  O5'  0   6    A  C5'  0   6    A  C4'     O5'     C5'     C4'   10.23
   0   6    A  P    0   6    A  O5'  0   6    A  C5'     P       O5'     C5'  -14.54
   0   6    A  OP2  0   6    A  P    0   6    A  O5'     OP2     P       O5'    9.57
   0   6    A  O2'  0   6    A  C2'  0   6    A  C1'     O2'     C2'     C1'  -10.57
   0   6    A  C3'  0   6    A  C2'  0   6    A  O2'     C3'     C2'     O2'   12.94
   0   6    A  O3'  0   7    C  P    0   7    C  O5'     O3'     P       O5'  -41.53
   0   6    A  O3'  0   7    C  P    0   7    C  OP1     O3'     P       OP1   -6.14
   0   6    A  O3'  0   7    C  P    0   7    C  OP2     O3'     P       OP2   14.51
   0   7    C  O4'  0   7    C  C1'  0   7    C  N1      O4'     C1'     N1    27.32
   0   7    C  O4'  0   7    C  C1'  0   7    C  C2'     O4'     C1'     C2'  -11.26
   0   7    C  C3'  0   7    C  C2'  0   7    C  C1'     C3'     C2'     C1'  -14.67
   0   7    C  O3'  0   7    C  C3'  0   7    C  C2'     O3'     C3'     C2'   -7.45
   0   7    C  C4'  0   7    C  C3'  0   7    C  O3'     C4'     C3'     O3'    4.43
   0   7    C  C5'  0   7    C  C4'  0   7    C  C3'     C5'     C4'     C3'   12.63
   0   7    C  C4'  0   7    C  O4'  0   7    C  C1'     C4'     O4'     C1'  -22.58
   0   7    C  OP1  0   7    C  P    0   7    C  O5'     OP1     P       O5'   -4.41
   0   7    C  OP1  0   7    C  P    0   7    C  OP2     OP1     P       OP2   -4.77
   0   7    C  C3'  0   7    C  C2'  0   7    C  O2'     C3'     C2'     O2'   17.54
   0   7    C  O3'  0   8    U  P    0   8    U  O5'     O3'     P       O5'  -45.56
   0   7    C  O3'  0   8    U  P    0   8    U  OP2     O3'     P       OP2    6.05
   0   8    U  O4'  0   8    U  C1'  0   8    U  N1      O4'     C1'     N1    23.26
   0   8    U  O4'  0   8    U  C1'  0   8    U  C2'     O4'     C1'     C2'   -9.95
   0   8    U  C3'  0   8    U  C2'  0   8    U  C1'     C3'     C2'     C1'   -7.94
   0   8    U  C4'  0   8    U  C3'  0   8    U  C2'     C4'     C3'     C2'    7.48
   0   8    U  O3'  0   8    U  C3'  0   8    U  C2'     O3'     C3'     C2'   -5.69
   0   8    U  C4'  0   8    U  C3'  0   8    U  O3'     C4'     C3'     O3'   16.11
   0   8    U  C5'  0   8    U  C4'  0   8    U  C3'     C5'     C4'     C3'   18.32
   0   8    U  O4'  0   8    U  C4'  0   8    U  C3'     O4'     C4'     C3'   -4.93
   0   8    U  C5'  0   8    U  C4'  0   8    U  O4'     C5'     C4'     O4'    4.76
   0   8    U  C4'  0   8    U  O4'  0   8    U  C1'     C4'     O4'     C1'   -4.50
   0   8    U  OP1  0   8    U  P    0   8    U  OP2     OP1     P       OP2   -4.17
   0   8    U  O2'  0   8    U  C2'  0   8    U  C1'     O2'     C2'     C1'    6.33
   0   8    U  O3'  0   9    C  P    0   9    C  O5'     O3'     P       O5'   -6.85
   0   8    U  O3'  0   9    C  P    0   9    C  OP1     O3'     P       OP1    9.43
   0   8    U  C3'  0   8    U  O3'  0   9    C  P       C3'     O3'     P     29.23
   0   9    C  O4'  0   9    C  C1'  0   9    C  N1      O4'     C1'     N1    28.09
   0   9    C  C2'  0   9    C  C1'  0   9    C  N1      C2'     C1'     N1    -5.40
   0   9    C  O4'  0   9    C  C1'  0   9    C  C2'     O4'     C1'     C2'   -5.11
   0   9    C  C3'  0   9    C  C2'  0   9    C  C1'     C3'     C2'     C1'   -6.17
   0   9    C  C4'  0   9    C  C3'  0   9    C  O3'     C4'     C3'     O3'   11.53
   0   9    C  C5'  0   9    C  C4'  0   9    C  C3'     C5'     C4'     C3'   14.20
   0   9    C  O4'  0   9    C  C4'  0   9    C  C3'     O4'     C4'     C3'    4.68
   0   9    C  C4'  0   9    C  O4'  0   9    C  C1'     C4'     O4'     C1'  -20.64
   0   9    C  O5'  0   9    C  C5'  0   9    C  C4'     O5'     C5'     C4'   -4.76
   0   9    C  P    0   9    C  O5'  0   9    C  C5'     P       O5'     C5'    7.51
   0   9    C  C3'  0   9    C  C2'  0   9    C  O2'     C3'     C2'     O2'   13.89
   0   9    C  O3'  0  10    G  P    0  10    G  O5'     O3'     P       O5'  -10.63
   0   9    C  O3'  0  10    G  P    0  10    G  OP1     O3'     P       OP1   12.48
   0  10    G  O4'  0  10    G  C1'  0  10    G  N9      O4'     C1'     N9    13.26
   0  10    G  O3'  0  10    G  C3'  0  10    G  C2'     O3'     C3'     C2'    8.99
   0  10    G  C4'  0  10    G  C3'  0  10    G  O3'     C4'     C3'     O3'    8.98
   0  10    G  C5'  0  10    G  C4'  0  10    G  C3'     C5'     C4'     C3'   -5.40
   0  10    G  C5'  0  10    G  C4'  0  10    G  O4'     C5'     C4'     O4'   20.77
   0  10    G  C4'  0  10    G  O4'  0  10    G  C1'     C4'     O4'     C1'  -11.50
   0  10    G  O5'  0  10    G  C5'  0  10    G  C4'     O5'     C5'     C4'   10.39
   0  10    G  P    0  10    G  O5'  0  10    G  C5'     P       O5'     C5'   11.95
   0  10    G  OP1  0  10    G  P    0  10    G  O5'     OP1     P       O5'   -5.71
   0  10    G  OP1  0  10    G  P    0  10    G  OP2     OP1     P       OP2   -7.12
   0  10    G  OP2  0  10    G  P    0  10    G  O5'     OP2     P       O5'   -8.30
   0  10    G  O2'  0  10    G  C2'  0  10    G  C1'     O2'     C2'     C1'   -9.45
   0  10    G  C3'  0  10    G  C2'  0  10    G  O2'     C3'     C2'     O2'   14.44
   0  10    G  O3'  0  11    G  P    0  11    G  OP1     O3'     P       OP1    8.64
   0  10    G  O3'  0  11    G  P    0  11    G  OP2     O3'     P       OP2    5.90
   0  10    G  C3'  0  10    G  O3'  0  11    G  P       C3'     O3'     P     14.32
   0  11    G  O4'  0  11    G  C1'  0  11    G  N9      O4'     C1'     N9    17.61
   0  11    G  C2'  0  11    G  C1'  0  11    G  N9      C2'     C1'     N9    -5.27
   0  11    G  C3'  0  11    G  C2'  0  11    G  C1'     C3'     C2'     C1'   -7.60
   0  11    G  C4'  0  11    G  C3'  0  11    G  O3'     C4'     C3'     O3'   16.55
   0  11    G  C5'  0  11    G  C4'  0  11    G  O4'     C5'     C4'     O4'   17.65
   0  11    G  C4'  0  11    G  O4'  0  11    G  C1'     C4'     O4'     C1'  -11.41
   0  11    G  P    0  11    G  O5'  0  11    G  C5'     P       O5'     C5'   15.25
   0  11    G  OP1  0  11    G  P    0  11    G  O5'     OP1     P       O5'   -5.26
   0  11    G  OP1  0  11    G  P    0  11    G  OP2     OP1     P       OP2   -8.97
   0  11    G  OP2  0  11    G  P    0  11    G  O5'     OP2     P       O5'   -5.75
   0  11    G  O2'  0  11    G  C2'  0  11    G  C1'     O2'     C2'     C1'   -9.64
   0  11    G  C3'  0  11    G  C2'  0  11    G  O2'     C3'     C2'     O2'    8.56
   0  11    G  O3'  0  12    A  P    0  12    A  O5'     O3'     P       O5'   -7.57
   0  11    G  O3'  0  12    A  P    0  12    A  OP2     O3'     P       OP2   -7.40
   0  12    A  O4'  0  12    A  C1'  0  12    A  N9      O4'     C1'     N9     6.07
   0  12    A  C2'  0  12    A  C1'  0  12    A  N9      C2'     C1'     N9    -7.90
   0  12    A  O4'  0  12    A  C1'  0  12    A  C2'     O4'     C1'     C2'   14.02
   0  12    A  C4'  0  12    A  C3'  0  12    A  C2'     C4'     C3'     C2'    6.52
   0  12    A  O3'  0  12    A  C3'  0  12    A  C2'     O3'     C3'     C2'    9.35
   0  12    A  C4'  0  12    A  C3'  0  12    A  O3'     C4'     C3'     O3'    5.20
   0  12    A  C5'  0  12    A  C4'  0  12    A  C3'     C5'     C4'     C3'   13.48
   0  12    A  O4'  0  12    A  C4'  0  12    A  C3'     O4'     C4'     C3'  -16.69
   0  12    A  P    0  12    A  O5'  0  12    A  C5'     P       O5'     C5'   -4.12
   0  12    A  C3'  0  12    A  C2'  0  12    A  O2'     C3'     C2'     O2'    9.37
   0  12    A  O3'  0  13    C  P    0  13    C  O5'     O3'     P       O5'   -7.67
   0  12    A  O3'  0  13    C  P    0  13    C  OP1     O3'     P       OP1    6.08
   0  13    C  O4'  0  13    C  C1'  0  13    C  N1      O4'     C1'     N1    25.35
   0  13    C  O4'  0  13    C  C1'  0  13    C  C2'     O4'     C1'     C2'  -11.62
   0  13    C  C3'  0  13    C  C2'  0  13    C  C1'     C3'     C2'     C1'   -6.76
   0  13    C  O3'  0  13    C  C3'  0  13    C  C2'     O3'     C3'     C2'    6.71
   0  13    C  C4'  0  13    C  C3'  0  13    C  O3'     C4'     C3'     O3'   10.72
   0  13    C  C5'  0  13    C  C4'  0  13    C  C3'     C5'     C4'     C3'   13.81
   0  13    C  C4'  0  13    C  O4'  0  13    C  C1'     C4'     O4'     C1'  -18.01
   0  13    C  P    0  13    C  O5'  0  13    C  C5'     P       O5'     C5'    5.16
   0  13    C  C3'  0  13    C  C2'  0  13    C  O2'     C3'     C2'     O2'    9.36
   0  13    C  O3'  0  14    U  P    0  14    U  OP2     O3'     P       OP2    7.13
   0  14    U  O4'  0  14    U  C1'  0  14    U  N1      O4'     C1'     N1    20.50
   0  14    U  C2'  0  14    U  C1'  0  14    U  N1      C2'     C1'     N1    -5.50
   0  14    U  O3'  0  14    U  C3'  0  14    U  C2'     O3'     C3'     C2'    4.14
   0  14    U  C4'  0  14    U  C3'  0  14    U  O3'     C4'     C3'     O3'   13.82
   0  14    U  C5'  0  14    U  C4'  0  14    U  C3'     C5'     C4'     C3'   13.39
   0  14    U  O4'  0  14    U  C4'  0  14    U  C3'     O4'     C4'     C3'   -4.10
   0  14    U  C4'  0  14    U  O4'  0  14    U  C1'     C4'     O4'     C1'   -9.53
   0  14    U  O5'  0  14    U  C5'  0  14    U  C4'     O5'     C5'     C4'    9.89
   0  14    U  P    0  14    U  O5'  0  14    U  C5'     P       O5'     C5'    6.07
   0  14    U  O2'  0  14    U  C2'  0  14    U  C1'     O2'     C2'     C1'   -5.14
   0  14    U  C3'  0  14    U  C2'  0  14    U  O2'     C3'     C2'     O2'    4.19
   0  14    U  O3'  0  15    G  P    0  15    G  O5'     O3'     P       O5'   31.52
   0  14    U  C3'  0  14    U  O3'  0  15    G  P       C3'     O3'     P      5.63
   0  15    G  O4'  0  15    G  C1'  0  15    G  N9      O4'     C1'     N9    13.75
   0  15    G  C2'  0  15    G  C1'  0  15    G  N9      C2'     C1'     N9    -6.94
   0  15    G  O4'  0  15    G  C1'  0  15    G  C2'     O4'     C1'     C2'    6.82
   0  15    G  C4'  0  15    G  C3'  0  15    G  C2'     C4'     C3'     C2'    5.23
   0  15    G  C4'  0  15    G  C3'  0  15    G  O3'     C4'     C3'     O3'   13.55
   0  15    G  C5'  0  15    G  C4'  0  15    G  C3'     C5'     C4'     C3'    5.19
   0  15    G  O4'  0  15    G  C4'  0  15    G  C3'     O4'     C4'     C3'   -4.08
   0  15    G  C5'  0  15    G  C4'  0  15    G  O4'     C5'     C4'     O4'   15.34
   0  15    G  C4'  0  15    G  O4'  0  15    G  C1'     C4'     O4'     C1'   -8.23
   0  15    G  P    0  15    G  O5'  0  15    G  C5'     P       O5'     C5'   10.01
   0  15    G  OP1  0  15    G  P    0  15    G  O5'     OP1     P       O5'   -7.30
   0  15    G  OP1  0  15    G  P    0  15    G  OP2     OP1     P       OP2   -9.60
   0  15    G  O2'  0  15    G  C2'  0  15    G  C1'     O2'     C2'     C1'   -9.21
   0  15    G  C3'  0  15    G  C2'  0  15    G  O2'     C3'     C2'     O2'    9.96
   0  15    G  O3'  0  16    A  P    0  16    A  OP2     O3'     P       OP2   -4.34
   0  16    A  O4'  0  16    A  C1'  0  16    A  N9      O4'     C1'     N9     8.54
   0  16    A  C2'  0  16    A  C1'  0  16    A  N9      C2'     C1'     N9    -9.51
   0  16    A  O4'  0  16    A  C1'  0  16    A  C2'     O4'     C1'     C2'   21.20
   0  16    A  C4'  0  16    A  C3'  0  16    A  C2'     C4'     C3'     C2'    4.77
   0  16    A  C4'  0  16    A  C3'  0  16    A  O3'     C4'     C3'     O3'    8.35
   0  16    A  C5'  0  16    A  C4'  0  16    A  C3'     C5'     C4'     C3'   21.39
   0  16    A  O4'  0  16    A  C4'  0  16    A  C3'     O4'     C4'     C3'  -12.25
   0  16    A  C4'  0  16    A  O4'  0  16    A  C1'     C4'     O4'     C1'   -4.25
   0  16    A  O5'  0  16    A  C5'  0  16    A  C4'     O5'     C5'     C4'   -6.30
   0  16    A  P    0  16    A  O5'  0  16    A  C5'     P       O5'     C5'   -7.02
   0  16    A  O3'  0  17    C  P    0  17    C  O5'     O3'     P       O5'   -6.85
   0  16    A  O3'  0  17    C  P    0  17    C  OP2     O3'     P       OP2    6.66
   0  17    C  O4'  0  17    C  C1'  0  17    C  N1      O4'     C1'     N1    27.13
   0  17    C  O4'  0  17    C  C1'  0  17    C  C2'     O4'     C1'     C2'   -9.79
   0  17    C  C3'  0  17    C  C2'  0  17    C  C1'     C3'     C2'     C1'   -6.98
   0  17    C  C4'  0  17    C  C3'  0  17    C  C2'     C4'     C3'     C2'   -4.09
   0  17    C  C4'  0  17    C  C3'  0  17    C  O3'     C4'     C3'     O3'   19.19
   0  17    C  C5'  0  17    C  C4'  0  17    C  C3'     C5'     C4'     C3'   15.80
   0  17    C  C4'  0  17    C  O4'  0  17    C  C1'     C4'     O4'     C1'  -17.79
   0  17    C  O5'  0  17    C  C5'  0  17    C  C4'     O5'     C5'     C4'   -7.06
   0  17    C  C3'  0  17    C  C2'  0  17    C  O2'     C3'     C2'     O2'    5.75
   0  17    C  O3'  0  18    G  P    0  18    G  O5'     O3'     P       O5'   28.29
   0  17    C  C3'  0  17    C  O3'  0  18    G  P       C3'     O3'     P     10.26
   0  18    G  O4'  0  18    G  C1'  0  18    G  N9      O4'     C1'     N9    16.45
   0  18    G  C2'  0  18    G  C1'  0  18    G  N9      C2'     C1'     N9    -5.78
   0  18    G  O4'  0  18    G  C1'  0  18    G  C2'     O4'     C1'     C2'    4.09
   0  18    G  C4'  0  18    G  C3'  0  18    G  C2'     C4'     C3'     C2'    4.39
   0  18    G  C4'  0  18    G  C3'  0  18    G  O3'     C4'     C3'     O3'   18.64
   0  18    G  C5'  0  18    G  C4'  0  18    G  C3'     C5'     C4'     C3'    6.05
   0  18    G  C5'  0  18    G  C4'  0  18    G  O4'     C5'     C4'     O4'   14.17
   0  18    G  C4'  0  18    G  O4'  0  18    G  C1'     C4'     O4'     C1'  -10.68
   0  18    G  O5'  0  18    G  C5'  0  18    G  C4'     O5'     C5'     C4'   -7.87
   0  18    G  P    0  18    G  O5'  0  18    G  C5'     P       O5'     C5'   14.64
   0  18    G  OP1  0  18    G  P    0  18    G  O5'     OP1     P       O5'   -8.21
   0  18    G  OP1  0  18    G  P    0  18    G  OP2     OP1     P       OP2  -10.67
   0  18    G  O2'  0  18    G  C2'  0  18    G  C1'     O2'     C2'     C1'   -6.61
   0  18    G  C3'  0  18    G  C2'  0  18    G  O2'     C3'     C2'     O2'    9.51
   0  18    G  O3'  0  19    C  P    0  19    C  O5'     O3'     P       O5'   12.58
   0  18    G  C3'  0  18    G  O3'  0  19    C  P       C3'     O3'     P     -6.93
   0  19    C  O4'  0  19    C  C1'  0  19    C  N1      O4'     C1'     N1    23.24
   0  19    C  O4'  0  19    C  C1'  0  19    C  C2'     O4'     C1'     C2'   -9.76
   0  19    C  C3'  0  19    C  C2'  0  19    C  C1'     C3'     C2'     C1'   -7.47
   0  19    C  C4'  0  19    C  C3'  0  19    C  C2'     C4'     C3'     C2'   -5.33
   0  19    C  C4'  0  19    C  C3'  0  19    C  O3'     C4'     C3'     O3'   17.07
   0  19    C  C5'  0  19    C  C4'  0  19    C  C3'     C5'     C4'     C3'   16.54
   0  19    C  O4'  0  19    C  C4'  0  19    C  C3'     O4'     C4'     C3'    5.89
   0  19    C  C5'  0  19    C  C4'  0  19    C  O4'     C5'     C4'     O4'   -4.23
   0  19    C  C4'  0  19    C  O4'  0  19    C  C1'     C4'     O4'     C1'  -22.89
   0  19    C  P    0  19    C  O5'  0  19    C  C5'     P       O5'     C5'   -5.40
   0  19    C  C3'  0  19    C  C2'  0  19    C  O2'     C3'     C2'     O2'   10.31
   0  19    C  O3'  0  20    C  P    0  20    C  O5'     O3'     P       O5'   -5.61
   0  19    C  O3'  0  20    C  P    0  20    C  OP2     O3'     P       OP2    5.84
   0  19    C  C3'  0  19    C  O3'  0  20    C  P       C3'     O3'     P      9.35
   0  20    C  O4'  0  20    C  C1'  0  20    C  N1      O4'     C1'     N1    22.55
   0  20    C  O4'  0  20    C  C1'  0  20    C  C2'     O4'     C1'     C2'   -6.60
   0  20    C  C3'  0  20    C  C2'  0  20    C  C1'     C3'     C2'     C1'   -6.06
   0  20    C  C4'  0  20    C  C3'  0  20    C  O3'     C4'     C3'     O3'   17.76
   0  20    C  C5'  0  20    C  C4'  0  20    C  C3'     C5'     C4'     C3'   16.29
   0  20    C  C4'  0  20    C  O4'  0  20    C  C1'     C4'     O4'     C1'  -21.32
   0  20    C  O5'  0  20    C  C5'  0  20    C  C4'     O5'     C5'     C4'    5.45
   0  20    C  C3'  0  20    C  C2'  0  20    C  O2'     C3'     C2'     O2'   10.73
   0  20    C  O3'  0  21    U  P    0  21    U  O5'     O3'     P       O5'    8.66
   0  20    C  O3'  0  21    U  P    0  21    U  OP1     O3'     P       OP1    5.24
   0  20    C  O3'  0  21    U  P    0  21    U  OP2     O3'     P       OP2   -4.63
   0  21    U  O4'  0  21    U  C1'  0  21    U  N1      O4'     C1'     N1    10.07
   0  21    U  C2'  0  21    U  C1'  0  21    U  N1      C2'     C1'     N1     9.87
   0  21    U  C3'  0  21    U  C2'  0  21    U  C1'     C3'     C2'     C1'   13.15
   0  21    U  C4'  0  21    U  C3'  0  21    U  C2'     C4'     C3'     C2'  -20.86
   0  21    U  C4'  0  21    U  C3'  0  21    U  O3'     C4'     C3'     O3'   35.17
   0  21    U  O4'  0  21    U  C4'  0  21    U  C3'     O4'     C4'     C3'   17.00
   0  21    U  C5'  0  21    U  C4'  0  21    U  O4'     C5'     C4'     O4'   11.08
   0  21    U  C4'  0  21    U  O4'  0  21    U  C1'     C4'     O4'     C1'  -22.58
   0  21    U  C3'  0  21    U  C2'  0  21    U  O2'     C3'     C2'     O2'   15.98
   0  21    U  O3'  0  22    C  P    0  22    C  O5'     O3'     P       O5'   -9.86
   0  21    U  O3'  0  22    C  P    0  22    C  OP1     O3'     P       OP1    9.68
   0  21    U  O3'  0  22    C  P    0  22    C  OP2     O3'     P       OP2   -4.05
   0  21    U  C3'  0  21    U  O3'  0  22    C  P       C3'     O3'     P     -4.35
   0  22    C  O4'  0  22    C  C1'  0  22    C  N1      O4'     C1'     N1     7.79
   0  22    C  C2'  0  22    C  C1'  0  22    C  N1      C2'     C1'     N1    21.83
   0  22    C  O4'  0  22    C  C1'  0  22    C  C2'     O4'     C1'     C2'  -12.47
   0  22    C  C3'  0  22    C  C2'  0  22    C  C1'     C3'     C2'     C1'    8.90
   0  22    C  C4'  0  22    C  C3'  0  22    C  C2'     C4'     C3'     C2'    5.26
   0  22    C  O3'  0  22    C  C3'  0  22    C  C2'     O3'     C3'     C2'   15.23
   0  22    C  C4'  0  22    C  C3'  0  22    C  O3'     C4'     C3'     O3'  -11.89
   0  22    C  C5'  0  22    C  C4'  0  22    C  C3'     C5'     C4'     C3'   14.19
   0  22    C  O4'  0  22    C  C4'  0  22    C  C3'     O4'     C4'     C3'  -14.73
   0  22    C  C4'  0  22    C  O4'  0  22    C  C1'     C4'     O4'     C1'  -14.71
   0  22    C  O5'  0  22    C  C5'  0  22    C  C4'     O5'     C5'     C4'   -6.68
   0  22    C  P    0  22    C  O5'  0  22    C  C5'     P       O5'     C5'   -6.34
   0  22    C  O2'  0  22    C  C2'  0  22    C  C1'     O2'     C2'     C1'    6.37
   0  22    C  C3'  0  22    C  C2'  0  22    C  O2'     C3'     C2'     O2'    8.54
   0  22    C  O3'  0  23    G  P    0  23    G  O5'     O3'     P       O5'   18.34
   0  22    C  O3'  0  23    G  P    0  23    G  OP2     O3'     P       OP2  -18.53
   0  22    C  C3'  0  22    C  O3'  0  23    G  P       C3'     O3'     P    -14.31
   0  23    G  O4'  0  23    G  C1'  0  23    G  N9      O4'     C1'     N9    29.83
   0  23    G  C2'  0  23    G  C1'  0  23    G  N9      C2'     C1'     N9    -9.76
   0  23    G  O4'  0  23    G  C1'  0  23    G  C2'     O4'     C1'     C2'   -4.25
   0  23    G  C3'  0  23    G  C2'  0  23    G  C1'     C3'     C2'     C1'  -15.61
   0  23    G  C4'  0  23    G  C3'  0  23    G  C2'     C4'     C3'     C2'   10.02
   0  23    G  O3'  0  23    G  C3'  0  23    G  C2'     O3'     C3'     C2'  -15.84
   0  23    G  C4'  0  23    G  C3'  0  23    G  O3'     C4'     C3'     O3'   22.88
   0  23    G  O4'  0  23    G  C4'  0  23    G  C3'     O4'     C4'     C3'  -11.44
   0  23    G  C5'  0  23    G  C4'  0  23    G  O4'     C5'     C4'     O4'   29.33
   0  23    G  O5'  0  23    G  C5'  0  23    G  C4'     O5'     C5'     C4'  -12.57
   0  23    G  P    0  23    G  O5'  0  23    G  C5'     P       O5'     C5'    7.83
   0  23    G  OP1  0  23    G  P    0  23    G  OP2     OP1     P       OP2   16.92
   0  23    G  OP2  0  23    G  P    0  23    G  O5'     OP2     P       O5'   -6.49
   0  23    G  C3'  0  23    G  C2'  0  23    G  O2'     C3'     C2'     O2'    8.28
   0  23    G  O3'  0  24    G  P    0  24    G  OP1     O3'     P       OP1   18.53
   0  23    G  O3'  0  24    G  P    0  24    G  OP2     O3'     P       OP2   -5.03
   0  23    G  C3'  0  23    G  O3'  0  24    G  P       C3'     O3'     P     29.59
   0  24    G  O4'  0  24    G  C1'  0  24    G  N9      O4'     C1'     N9    18.67
   0  24    G  C2'  0  24    G  C1'  0  24    G  N9      C2'     C1'     N9    -5.56
   0  24    G  C4'  0  24    G  C3'  0  24    G  C2'     C4'     C3'     C2'    5.54
   0  24    G  C4'  0  24    G  C3'  0  24    G  O3'     C4'     C3'     O3'   17.72
   0  24    G  C5'  0  24    G  C4'  0  24    G  O4'     C5'     C4'     O4'   18.16
   0  24    G  C4'  0  24    G  O4'  0  24    G  C1'     C4'     O4'     C1'   -6.85
   0  24    G  O5'  0  24    G  C5'  0  24    G  C4'     O5'     C5'     C4'   -5.29
   0  24    G  P    0  24    G  O5'  0  24    G  C5'     P       O5'     C5'    8.66
   0  24    G  OP1  0  24    G  P    0  24    G  O5'     OP1     P       O5'   -8.26
   0  24    G  OP1  0  24    G  P    0  24    G  OP2     OP1     P       OP2   -6.22
   0  24    G  O2'  0  24    G  C2'  0  24    G  C1'     O2'     C2'     C1'   -5.03
   0  24    G  C3'  0  24    G  C2'  0  24    G  O2'     C3'     C2'     O2'    8.48
   0  24    G  O3'  0  25    C  P    0  25    C  O5'     O3'     P       O5'  -10.75
   0  24    G  O3'  0  25    C  P    0  25    C  OP2     O3'     P       OP2    6.52
   0  24    G  C3'  0  24    G  O3'  0  25    C  P       C3'     O3'     P     11.79
   0  25    C  O4'  0  25    C  C1'  0  25    C  N1      O4'     C1'     N1    24.58
   0  25    C  O4'  0  25    C  C1'  0  25    C  C2'     O4'     C1'     C2'  -10.74
   0  25    C  C4'  0  25    C  C3'  0  25    C  C2'     C4'     C3'     C2'   -6.18
   0  25    C  O3'  0  25    C  C3'  0  25    C  C2'     O3'     C3'     C2'    4.13
   0  25    C  C4'  0  25    C  C3'  0  25    C  O3'     C4'     C3'     O3'   16.32
   0  25    C  C5'  0  25    C  C4'  0  25    C  C3'     C5'     C4'     C3'   16.32
   0  25    C  O4'  0  25    C  C4'  0  25    C  C3'     O4'     C4'     C3'    5.70
   0  25    C  C4'  0  25    C  O4'  0  25    C  C1'     C4'     O4'     C1'  -20.45
   0  25    C  OP1  0  25    C  P    0  25    C  OP2     OP1     P       OP2   -4.30
   0  25    C  C3'  0  25    C  C2'  0  25    C  O2'     C3'     C2'     O2'    4.74
   0  25    C  O3'  0  26    A  P    0  26    A  O5'     O3'     P       O5'   -7.18
   0  25    C  C3'  0  25    C  O3'  0  26    A  P       C3'     O3'     P      5.01
   0  26    A  O4'  0  26    A  C1'  0  26    A  N9      O4'     C1'     N9    10.50
   0  26    A  C2'  0  26    A  C1'  0  26    A  N9      C2'     C1'     N9    -8.02
   0  26    A  O4'  0  26    A  C1'  0  26    A  C2'     O4'     C1'     C2'   10.44
   0  26    A  C3'  0  26    A  C2'  0  26    A  C1'     C3'     C2'     C1'    5.01
   0  26    A  C4'  0  26    A  C3'  0  26    A  O3'     C4'     C3'     O3'    9.61
   0  26    A  C5'  0  26    A  C4'  0  26    A  C3'     C5'     C4'     C3'   17.11
   0  26    A  O4'  0  26    A  C4'  0  26    A  C3'     O4'     C4'     C3'  -13.63
   0  26    A  C4'  0  26    A  O4'  0  26    A  C1'     C4'     O4'     C1'    7.19
   0  26    A  O5'  0  26    A  C5'  0  26    A  C4'     O5'     C5'     C4'   -4.34
   0  26    A  P    0  26    A  O5'  0  26    A  C5'     P       O5'     C5'   -4.88
   0  26    A  O3'  0  27    C  P    0  27    C  O5'     O3'     P       O5'   -5.16
   0  26    A  O3'  0  27    C  P    0  27    C  OP1     O3'     P       OP1    6.29
   0  26    A  O3'  0  27    C  P    0  27    C  OP2     O3'     P       OP2   -4.25
   0  27    C  O4'  0  27    C  C1'  0  27    C  N1      O4'     C1'     N1    22.06
   0  27    C  C2'  0  27    C  C1'  0  27    C  N1      C2'     C1'     N1    -4.08
   0  27    C  C3'  0  27    C  C2'  0  27    C  C1'     C3'     C2'     C1'   -4.01
   0  27    C  C4'  0  27    C  C3'  0  27    C  O3'     C4'     C3'     O3'    7.16
   0  27    C  C5'  0  27    C  C4'  0  27    C  C3'     C5'     C4'     C3'   22.25
   0  27    C  C4'  0  27    C  O4'  0  27    C  C1'     C4'     O4'     C1'  -16.38
   0  27    C  P    0  27    C  O5'  0  27    C  C5'     P       O5'     C5'    7.16
   0  27    C  O2'  0  27    C  C2'  0  27    C  C1'     O2'     C2'     C1'   -6.46
   0  27    C  C3'  0  27    C  C2'  0  27    C  O2'     C3'     C2'     O2'   17.95
   0  27    C  O3'  0  28    C  P    0  28    C  O5'     O3'     P       O5'   -9.32
   0  27    C  O3'  0  28    C  P    0  28    C  OP1     O3'     P       OP1    8.33
   0  27    C  C3'  0  27    C  O3'  0  28    C  P       C3'     O3'     P     19.47
   0  28    C  O4'  0  28    C  C1'  0  28    C  N1      O4'     C1'     N1    21.27
   0  28    C  O4'  0  28    C  C1'  0  28    C  C2'     O4'     C1'     C2'   -7.88
   0  28    C  C4'  0  28    C  C3'  0  28    C  C2'     C4'     C3'     C2'   -4.08
   0  28    C  O3'  0  28    C  C3'  0  28    C  C2'     O3'     C3'     C2'   -5.87
   0  28    C  C4'  0  28    C  C3'  0  28    C  O3'     C4'     C3'     O3'   14.87
   0  28    C  C5'  0  28    C  C4'  0  28    C  C3'     C5'     C4'     C3'   14.05
   0  28    C  O4'  0  28    C  C4'  0  28    C  C3'     O4'     C4'     C3'    6.67
   0  28    C  C4'  0  28    C  O4'  0  28    C  C1'     C4'     O4'     C1'  -22.32
   0  28    C  O5'  0  28    C  C5'  0  28    C  C4'     O5'     C5'     C4'   13.20
   0  28    C  P    0  28    C  O5'  0  28    C  C5'     P       O5'     C5'    4.57
   0  28    C  O2'  0  28    C  C2'  0  28    C  C1'     O2'     C2'     C1'   -6.78
   0  28    C  C3'  0  28    C  C2'  0  28    C  O2'     C3'     C2'     O2'   10.46
   0  28    C  O3'  0  29    U  P    0  29    U  OP1     O3'     P       OP1   19.65
   0  28    C  O3'  0  29    U  P    0  29    U  OP2     O3'     P       OP2   -7.78
   0  28    C  C3'  0  28    C  O3'  0  29    U  P       C3'     O3'     P     21.16
   0  29    U  O4'  0  29    U  C1'  0  29    U  N1      O4'     C1'     N1    20.13
   0  29    U  O4'  0  29    U  C1'  0  29    U  C2'     O4'     C1'     C2'   -9.74
   0  29    U  C3'  0  29    U  C2'  0  29    U  C1'     C3'     C2'     C1'   10.53
   0  29    U  C4'  0  29    U  C3'  0  29    U  C2'     C4'     C3'     C2'   -4.33
   0  29    U  O3'  0  29    U  C3'  0  29    U  C2'     O3'     C3'     C2'   11.11
   0  29    U  C4'  0  29    U  C3'  0  29    U  O3'     C4'     C3'     O3'    8.38
   0  29    U  C5'  0  29    U  C4'  0  29    U  O4'     C5'     C4'     O4'   17.16
   0  29    U  P    0  29    U  O5'  0  29    U  C5'     P       O5'     C5'    9.36
   0  29    U  OP1  0  29    U  P    0  29    U  O5'     OP1     P       O5'   -6.50
   0  29    U  OP1  0  29    U  P    0  29    U  OP2     OP1     P       OP2   -4.38
   0  29    U  OP2  0  29    U  P    0  29    U  O5'     OP2     P       O5'   -5.87
   0  29    U  O3'  0  30    G  P    0  30    G  O5'     O3'     P       O5'   29.21
   0  29    U  O3'  0  30    G  P    0  30    G  OP1     O3'     P       OP1    6.18
   0  29    U  C3'  0  29    U  O3'  0  30    G  P       C3'     O3'     P     16.89
   0  30    G  O4'  0  30    G  C1'  0  30    G  N9      O4'     C1'     N9     9.05
   0  30    G  C2'  0  30    G  C1'  0  30    G  N9      C2'     C1'     N9    -6.94
   0  30    G  O4'  0  30    G  C1'  0  30    G  C2'     O4'     C1'     C2'    6.33
   0  30    G  C3'  0  30    G  C2'  0  30    G  C1'     C3'     C2'     C1'    5.28
   0  30    G  C4'  0  30    G  C3'  0  30    G  C2'     C4'     C3'     C2'    7.85
   0  30    G  C4'  0  30    G  C3'  0  30    G  O3'     C4'     C3'     O3'    9.14
   0  30    G  C5'  0  30    G  C4'  0  30    G  O4'     C5'     C4'     O4'   14.54
   0  30    G  C4'  0  30    G  O4'  0  30    G  C1'     C4'     O4'     C1'   -7.25
   0  30    G  P    0  30    G  O5'  0  30    G  C5'     P       O5'     C5'   16.48
   0  30    G  OP1  0  30    G  P    0  30    G  O5'     OP1     P       O5'   -8.45
   0  30    G  OP1  0  30    G  P    0  30    G  OP2     OP1     P       OP2   -9.27
   0  30    G  OP2  0  30    G  P    0  30    G  O5'     OP2     P       O5'   -5.43
   0  30    G  O2'  0  30    G  C2'  0  30    G  C1'     O2'     C2'     C1'   -7.64
   0  30    G  C3'  0  30    G  C2'  0  30    G  O2'     C3'     C2'     O2'    4.37
   0  30    G  O3'  0  31    A  P    0  31    A  O5'     O3'     P       O5'    8.13
   0  30    G  O3'  0  31    A  P    0  31    A  OP1     O3'     P       OP1   -6.28
   0  30    G  O3'  0  31    A  P    0  31    A  OP2     O3'     P       OP2   -5.94
   0  30    G  C3'  0  30    G  O3'  0  31    A  P       C3'     O3'     P      6.20
   0  31    A  O4'  0  31    A  C1'  0  31    A  N9      O4'     C1'     N9     6.73
   0  31    A  C2'  0  31    A  C1'  0  31    A  N9      C2'     C1'     N9    -6.75
   0  31    A  O4'  0  31    A  C1'  0  31    A  C2'     O4'     C1'     C2'   13.54
   0  31    A  C4'  0  31    A  C3'  0  31    A  C2'     C4'     C3'     C2'    9.28
   0  31    A  C4'  0  31    A  C3'  0  31    A  O3'     C4'     C3'     O3'   15.28
   0  31    A  C5'  0  31    A  C4'  0  31    A  C3'     C5'     C4'     C3'   28.15
   0  31    A  O4'  0  31    A  C4'  0  31    A  C3'     O4'     C4'     C3'  -14.61
   0  31    A  C4'  0  31    A  O4'  0  31    A  C1'     C4'     O4'     C1'    5.03
   0  31    A  O2'  0  31    A  C2'  0  31    A  C1'     O2'     C2'     C1'    9.08
   0  31    A  C3'  0  31    A  C2'  0  31    A  O2'     C3'     C2'     O2'   11.08
   0  31    A  O3'  0  32    A  P    0  32    A  OP1     O3'     P       OP1   -5.16
   0  31    A  C3'  0  31    A  O3'  0  32    A  P       C3'     O3'     P     10.57
   0  32    A  O4'  0  32    A  C1'  0  32    A  N9      O4'     C1'     N9     5.25
   0  32    A  C2'  0  32    A  C1'  0  32    A  N9      C2'     C1'     N9    -7.14
   0  32    A  O4'  0  32    A  C1'  0  32    A  C2'     O4'     C1'     C2'   21.87
   0  32    A  C3'  0  32    A  C2'  0  32    A  C1'     C3'     C2'     C1'  -10.18
   0  32    A  C4'  0  32    A  C3'  0  32    A  C2'     C4'     C3'     C2'   21.15
   0  32    A  C4'  0  32    A  C3'  0  32    A  O3'     C4'     C3'     O3'    4.49
   0  32    A  C5'  0  32    A  C4'  0  32    A  C3'     C5'     C4'     C3'   26.45
   0  32    A  O4'  0  32    A  C4'  0  32    A  C3'     O4'     C4'     C3'  -18.12
   0  32    A  C5'  0  32    A  C4'  0  32    A  O4'     C5'     C4'     O4'  -11.78
   0  32    A  C4'  0  32    A  O4'  0  32    A  C1'     C4'     O4'     C1'   -5.92
   0  32    A  O5'  0  32    A  C5'  0  32    A  C4'     O5'     C5'     C4'    7.44
   0  32    A  O2'  0  32    A  C2'  0  32    A  C1'     O2'     C2'     C1'    5.26
   0  32    A  C3'  0  32    A  C2'  0  32    A  O2'     C3'     C2'     O2'   14.16
   0  32    A  O3'  0  33    C  P    0  33    C  O5'     O3'     P       O5'  -12.73
   0  32    A  O3'  0  33    C  P    0  33    C  OP2     O3'     P       OP2    9.47
   0  32    A  C3'  0  32    A  O3'  0  33    C  P       C3'     O3'     P      6.69
   0  33    C  O4'  0  33    C  C1'  0  33    C  N1      O4'     C1'     N1    26.40
   0  33    C  O4'  0  33    C  C1'  0  33    C  C2'     O4'     C1'     C2'  -10.95
   0  33    C  C3'  0  33    C  C2'  0  33    C  C1'     C3'     C2'     C1'   -9.79
   0  33    C  C4'  0  33    C  C3'  0  33    C  O3'     C4'     C3'     O3'   16.48
   0  33    C  C5'  0  33    C  C4'  0  33    C  C3'     C5'     C4'     C3'   17.02
   0  33    C  C4'  0  33    C  O4'  0  33    C  C1'     C4'     O4'     C1'  -20.74
   0  33    C  P    0  33    C  O5'  0  33    C  C5'     P       O5'     C5'   -4.50
   0  33    C  C3'  0  33    C  C2'  0  33    C  O2'     C3'     C2'     O2'    9.44
   0  33    C  O3'  0  34    G  P    0  34    G  O5'     O3'     P       O5'   26.51
   0  33    C  O3'  0  34    G  P    0  34    G  OP1     O3'     P       OP1    6.04
   0  33    C  C3'  0  33    C  O3'  0  34    G  P       C3'     O3'     P     15.94
   0  34    G  O4'  0  34    G  C1'  0  34    G  N9      O4'     C1'     N9    16.14
   0  34    G  C2'  0  34    G  C1'  0  34    G  N9      C2'     C1'     N9    -6.07
   0  34    G  O4'  0  34    G  C1'  0  34    G  C2'     O4'     C1'     C2'    4.99
   0  34    G  C3'  0  34    G  C2'  0  34    G  C1'     C3'     C2'     C1'   -5.85
   0  34    G  C4'  0  34    G  C3'  0  34    G  C2'     C4'     C3'     C2'    7.18
   0  34    G  C4'  0  34    G  C3'  0  34    G  O3'     C4'     C3'     O3'   16.59
   0  34    G  C5'  0  34    G  C4'  0  34    G  C3'     C5'     C4'     C3'    7.37
   0  34    G  C5'  0  34    G  C4'  0  34    G  O4'     C5'     C4'     O4'   11.37
   0  34    G  C4'  0  34    G  O4'  0  34    G  C1'     C4'     O4'     C1'  -10.77
   0  34    G  P    0  34    G  O5'  0  34    G  C5'     P       O5'     C5'   14.55
   0  34    G  OP1  0  34    G  P    0  34    G  O5'     OP1     P       O5'   -7.87
   0  34    G  OP1  0  34    G  P    0  34    G  OP2     OP1     P       OP2   -8.94
   0  34    G  OP2  0  34    G  P    0  34    G  O5'     OP2     P       O5'   -6.12
   0  34    G  O2'  0  34    G  C2'  0  34    G  C1'     O2'     C2'     C1'   -7.09
   0  34    G  C3'  0  34    G  C2'  0  34    G  O2'     C3'     C2'     O2'   12.19
   0  34    G  O3'  0  35    C  P    0  35    C  O5'     O3'     P       O5'    9.89
   0  34    G  O3'  0  35    C  P    0  35    C  OP1     O3'     P       OP1    4.95
   0  34    G  C3'  0  34    G  O3'  0  35    C  P       C3'     O3'     P     -5.21
   0  35    C  O4'  0  35    C  C1'  0  35    C  N1      O4'     C1'     N1    20.97
   0  35    C  C2'  0  35    C  C1'  0  35    C  N1      C2'     C1'     N1     6.28
   0  35    C  O4'  0  35    C  C1'  0  35    C  C2'     O4'     C1'     C2'  -13.29
   0  35    C  C3'  0  35    C  C2'  0  35    C  C1'     C3'     C2'     C1'   -8.08
   0  35    C  O3'  0  35    C  C3'  0  35    C  C2'     O3'     C3'     C2'   -5.40
   0  35    C  C4'  0  35    C  C3'  0  35    C  O3'     C4'     C3'     O3'   15.60
   0  35    C  C5'  0  35    C  C4'  0  35    C  C3'     C5'     C4'     C3'   14.07
   0  35    C  O4'  0  35    C  C4'  0  35    C  C3'     O4'     C4'     C3'    8.79
   0  35    C  C4'  0  35    C  O4'  0  35    C  C1'     C4'     O4'     C1'  -22.58
   0  35    C  C3'  0  35    C  C2'  0  35    C  O2'     C3'     C2'     O2'    9.47
   0  35    C  O3'  0  36    U  P    0  36    U  OP2     O3'     P       OP2    5.48
   0  35    C  C3'  0  35    C  O3'  0  36    U  P       C3'     O3'     P      8.46
   0  36    U  O4'  0  36    U  C1'  0  36    U  N1      O4'     C1'     N1    17.30
   0  36    U  C3'  0  36    U  C2'  0  36    U  C1'     C3'     C2'     C1'   -5.27
   0  36    U  C4'  0  36    U  C3'  0  36    U  O3'     C4'     C3'     O3'   16.71
   0  36    U  C5'  0  36    U  C4'  0  36    U  C3'     C5'     C4'     C3'   20.01
   0  36    U  C4'  0  36    U  O4'  0  36    U  C1'     C4'     O4'     C1'  -12.14
   0  36    U  OP1  0  36    U  P    0  36    U  OP2     OP1     P       OP2   -4.63
   0  36    U  O2'  0  36    U  C2'  0  36    U  C1'     O2'     C2'     C1'   13.40
   0  36    U  O3'  0  37    C  P    0  37    C  OP1     O3'     P       OP1   10.66
   0  36    U  O3'  0  37    C  P    0  37    C  OP2     O3'     P       OP2   -5.25
   0  36    U  C3'  0  36    U  O3'  0  37    C  P       C3'     O3'     P     10.78
   0  37    C  O4'  0  37    C  C1'  0  37    C  N1      O4'     C1'     N1    19.12
   0  37    C  C2'  0  37    C  C1'  0  37    C  N1      C2'     C1'     N1     4.96
   0  37    C  O4'  0  37    C  C1'  0  37    C  C2'     O4'     C1'     C2'   -5.88
   0  37    C  C3'  0  37    C  C2'  0  37    C  C1'     C3'     C2'     C1'  -13.95
   0  37    C  C4'  0  37    C  C3'  0  37    C  C2'     C4'     C3'     C2'    5.86
   0  37    C  O3'  0  37    C  C3'  0  37    C  C2'     O3'     C3'     C2'   17.43
   0  37    C  C4'  0  37    C  C3'  0  37    C  O3'     C4'     C3'     O3'  -11.44
   0  37    C  C5'  0  37    C  C4'  0  37    C  C3'     C5'     C4'     C3'   15.85
   0  37    C  O4'  0  37    C  C4'  0  37    C  C3'     O4'     C4'     C3'   -5.85
   0  37    C  C5'  0  37    C  C4'  0  37    C  O4'     C5'     C4'     O4'    6.34
   0  37    C  C4'  0  37    C  O4'  0  37    C  C1'     C4'     O4'     C1'  -19.97
   0  37    C  O5'  0  37    C  C5'  0  37    C  C4'     O5'     C5'     C4'   10.35
   0  37    C  P    0  37    C  O5'  0  37    C  C5'     P       O5'     C5'   -4.97
   0  37    C  C3'  0  37    C  C2'  0  37    C  O2'     C3'     C2'     O2'   29.24
   0  37    C  O3'  0  38    C  P    0  38    C  O5'     O3'     P       O5'   -5.59
   0  37    C  O3'  0  38    C  P    0  38    C  OP1     O3'     P       OP1   16.95
   0  37    C  O3'  0  38    C  P    0  38    C  OP2     O3'     P       OP2  -18.89
   0  37    C  C3'  0  37    C  O3'  0  38    C  P       C3'     O3'     P      8.85
   0  38    C  O4'  0  38    C  C1'  0  38    C  N1      O4'     C1'     N1     5.59
   0  38    C  C2'  0  38    C  C1'  0  38    C  N1      C2'     C1'     N1     7.84
   0  38    C  O4'  0  38    C  C1'  0  38    C  C2'     O4'     C1'     C2'   -4.10
   0  38    C  C3'  0  38    C  C2'  0  38    C  C1'     C3'     C2'     C1'    7.69
   0  38    C  C4'  0  38    C  C3'  0  38    C  C2'     C4'     C3'     C2'   -5.46
   0  38    C  O3'  0  38    C  C3'  0  38    C  C2'     O3'     C3'     C2'   14.87
   0  38    C  C4'  0  38    C  C3'  0  38    C  O3'     C4'     C3'     O3'  -13.17
   0  38    C  O4'  0  38    C  C4'  0  38    C  C3'     O4'     C4'     C3'    5.62
   0  38    C  C4'  0  38    C  O4'  0  38    C  C1'     C4'     O4'     C1'   -7.55
   0  38    C  O5'  0  38    C  C5'  0  38    C  C4'     O5'     C5'     C4'   16.02
   0  38    C  P    0  38    C  O5'  0  38    C  C5'     P       O5'     C5'   -4.64
   0  38    C  C3'  0  38    C  C2'  0  38    C  O2'     C3'     C2'     O2'    8.88
   0  39    C  O4'  0  39    C  C1'  0  39    C  N1      O4'     C1'     N1    19.72
   0  39    C  C4'  0  39    C  C3'  0  39    C  C2'     C4'     C3'     C2'  -10.22
   0  39    C  O3'  0  39    C  C3'  0  39    C  C2'     O3'     C3'     C2'    4.76
   0  39    C  C4'  0  39    C  C3'  0  39    C  O3'     C4'     C3'     O3'   17.58
   0  39    C  C5'  0  39    C  C4'  0  39    C  C3'     C5'     C4'     C3'    4.56
   0  39    C  C5'  0  39    C  C4'  0  39    C  O4'     C5'     C4'     O4'   14.15
   0  39    C  C4'  0  39    C  O4'  0  39    C  C1'     C4'     O4'     C1'  -19.91
   0  39    C  O5'  0  39    C  C5'  0  39    C  C4'     O5'     C5'     C4'   13.92
   0  39    C  P    0  39    C  O5'  0  39    C  C5'     P       O5'     C5'   -4.84
   0  39    C  O2'  0  39    C  C2'  0  39    C  C1'     O2'     C2'     C1'   -5.19
   0  39    C  C3'  0  39    C  C2'  0  39    C  O2'     C3'     C2'     O2'   23.09
   0  40    G  O4'  0  40    G  C1'  0  40    G  N9      O4'     C1'     N9    10.76
   0  40    G  O3'  0  40    G  C3'  0  40    G  C2'     O3'     C3'     C2'   14.55
   0  40    G  C4'  0  40    G  C3'  0  40    G  O3'     C4'     C3'     O3'    4.09
   0  40    G  C5'  0  40    G  C4'  0  40    G  O4'     C5'     C4'     O4'   19.53
   0  40    G  C4'  0  40    G  O4'  0  40    G  C1'     C4'     O4'     C1'   -7.83
   0  40    G  P    0  40    G  O5'  0  40    G  C5'     P       O5'     C5'    6.40
   0  40    G  OP1  0  40    G  P    0  40    G  OP2     OP1     P       OP2   -8.94
   0  40    G  O2'  0  40    G  C2'  0  40    G  C1'     O2'     C2'     C1'   -4.01
   0  40    G  C3'  0  40    G  C2'  0  40    G  O2'     C3'     C2'     O2'   15.48
   0  40    G  O3'  0  41    G  P    0  41    G  O5'     O3'     P       O5'  -47.71
   0  40    G  O3'  0  41    G  P    0  41    G  OP1     O3'     P       OP1    4.62
   0  40    G  C3'  0  40    G  O3'  0  41    G  P       C3'     O3'     P    -14.62
   0  41    G  O4'  0  41    G  C1'  0  41    G  N9      O4'     C1'     N9    10.11
   0  41    G  C4'  0  41    G  C3'  0  41    G  C2'     C4'     C3'     C2'   -5.91
   0  41    G  O3'  0  41    G  C3'  0  41    G  C2'     O3'     C3'     C2'   12.61
   0  41    G  C4'  0  41    G  C3'  0  41    G  O3'     C4'     C3'     O3'    9.64
   0  41    G  C5'  0  41    G  C4'  0  41    G  C3'     C5'     C4'     C3'   -7.46
   0  41    G  O4'  0  41    G  C4'  0  41    G  C3'     O4'     C4'     C3'   13.35
   0  41    G  C5'  0  41    G  C4'  0  41    G  O4'     C5'     C4'     O4'   18.06
   0  41    G  C4'  0  41    G  O4'  0  41    G  C1'     C4'     O4'     C1'   -9.96
   0  41    G  O5'  0  41    G  C5'  0  41    G  C4'     O5'     C5'     C4'   -8.80
   0  41    G  OP1  0  41    G  P    0  41    G  OP2     OP1     P       OP2   -5.88
   0  41    G  O2'  0  41    G  C2'  0  41    G  C1'     O2'     C2'     C1'   -8.53
   0  41    G  C3'  0  41    G  C2'  0  41    G  O2'     C3'     C2'     O2'   14.91
   0  41    G  O3'  0  42    U  P    0  42    U  O5'     O3'     P       O5'  -32.13
   0  41    G  O3'  0  42    U  P    0  42    U  OP1     O3'     P       OP1   -9.81
   0  41    G  O3'  0  42    U  P    0  42    U  OP2     O3'     P       OP2   16.33
   0  41    G  C3'  0  41    G  O3'  0  42    U  P       C3'     O3'     P    -11.05
   0  42    U  O4'  0  42    U  C1'  0  42    U  N1      O4'     C1'     N1    17.09
   0  42    U  O4'  0  42    U  C1'  0  42    U  C2'     O4'     C1'     C2'    5.63
   0  42    U  C3'  0  42    U  C2'  0  42    U  C1'     C3'     C2'     C1'   -7.21
   0  42    U  C4'  0  42    U  C3'  0  42    U  C2'     C4'     C3'     C2'   -4.49
   0  42    U  O3'  0  42    U  C3'  0  42    U  C2'     O3'     C3'     C2'   10.41
   0  42    U  C4'  0  42    U  C3'  0  42    U  O3'     C4'     C3'     O3'   13.05
   0  42    U  C5'  0  42    U  C4'  0  42    U  C3'     C5'     C4'     C3'   13.98
   0  42    U  O4'  0  42    U  C4'  0  42    U  C3'     O4'     C4'     C3'    9.23
   0  42    U  C4'  0  42    U  O4'  0  42    U  C1'     C4'     O4'     C1'  -18.19
   0  42    U  P    0  42    U  O5'  0  42    U  C5'     P       O5'     C5'    6.76
   0  42    U  OP1  0  42    U  P    0  42    U  OP2     OP1     P       OP2   -4.54
   0  42    U  C3'  0  42    U  C2'  0  42    U  O2'     C3'     C2'     O2'   10.41
   0  42    U  O3'  0  43    G  P    0  43    G  O5'     O3'     P       O5'  -25.24
   0  42    U  O3'  0  43    G  P    0  43    G  OP1     O3'     P       OP1   11.55
   0  43    G  O4'  0  43    G  C1'  0  43    G  N9      O4'     C1'     N9    15.37
   0  43    G  C2'  0  43    G  C1'  0  43    G  N9      C2'     C1'     N9    -6.06
   0  43    G  O3'  0  43    G  C3'  0  43    G  C2'     O3'     C3'     C2'    7.25
   0  43    G  C4'  0  43    G  C3'  0  43    G  O3'     C4'     C3'     O3'   15.53
   0  43    G  C5'  0  43    G  C4'  0  43    G  C3'     C5'     C4'     C3'   -8.56
   0  43    G  O4'  0  43    G  C4'  0  43    G  C3'     O4'     C4'     C3'   10.43
   0  43    G  C5'  0  43    G  C4'  0  43    G  O4'     C5'     C4'     O4'   21.47
   0  43    G  C4'  0  43    G  O4'  0  43    G  C1'     C4'     O4'     C1'   -6.91
   0  43    G  O5'  0  43    G  C5'  0  43    G  C4'     O5'     C5'     C4'   -5.49
   0  43    G  P    0  43    G  O5'  0  43    G  C5'     P       O5'     C5'   12.51
   0  43    G  OP1  0  43    G  P    0  43    G  OP2     OP1     P       OP2   -8.71
   0  43    G  OP2  0  43    G  P    0  43    G  O5'     OP2     P       O5'   -7.45
   0  43    G  O2'  0  43    G  C2'  0  43    G  C1'     O2'     C2'     C1'   -6.76
   0  43    G  C3'  0  43    G  C2'  0  43    G  O2'     C3'     C2'     O2'   16.15
   0  43    G  O3'  0  44    G  P    0  44    G  OP1     O3'     P       OP1    6.61
   0  43    G  O3'  0  44    G  P    0  44    G  OP2     O3'     P       OP2    8.23
   0  44    G  O4'  0  44    G  C1'  0  44    G  N9      O4'     C1'     N9    15.95
   0  44    G  C4'  0  44    G  C3'  0  44    G  O3'     C4'     C3'     O3'   19.10
   0  44    G  C5'  0  44    G  C4'  0  44    G  C3'     C5'     C4'     C3'   -6.13
   0  44    G  O4'  0  44    G  C4'  0  44    G  C3'     O4'     C4'     C3'   14.52
   0  44    G  C5'  0  44    G  C4'  0  44    G  O4'     C5'     C4'     O4'   16.44
   0  44    G  C4'  0  44    G  O4'  0  44    G  C1'     C4'     O4'     C1'  -15.10
   0  44    G  O5'  0  44    G  C5'  0  44    G  C4'     O5'     C5'     C4'   -9.23
   0  44    G  P    0  44    G  O5'  0  44    G  C5'     P       O5'     C5'   10.58
   0  44    G  OP1  0  44    G  P    0  44    G  O5'     OP1     P       O5'   -5.23
   0  44    G  OP1  0  44    G  P    0  44    G  OP2     OP1     P       OP2   -7.04
   0  44    G  OP2  0  44    G  P    0  44    G  O5'     OP2     P       O5'   -8.06
   0  44    G  O2'  0  44    G  C2'  0  44    G  C1'     O2'     C2'     C1'  -12.59
   0  44    G  C3'  0  44    G  C2'  0  44    G  O2'     C3'     C2'     O2'   11.50
   0  44    G  O3'  0  45    A  P    0  45    A  O5'     O3'     P       O5'  -11.08
   0  44    G  O3'  0  45    A  P    0  45    A  OP2     O3'     P       OP2   -5.89
   0  44    G  C3'  0  44    G  O3'  0  45    A  P       C3'     O3'     P     -5.87
   0  45    A  O4'  0  45    A  C1'  0  45    A  N9      O4'     C1'     N9     6.14
   0  45    A  O4'  0  45    A  C1'  0  45    A  C2'     O4'     C1'     C2'    7.15
   0  45    A  C3'  0  45    A  C2'  0  45    A  C1'     C3'     C2'     C1'    7.75
   0  45    A  C4'  0  45    A  C3'  0  45    A  C2'     C4'     C3'     C2'   -8.90
   0  45    A  O3'  0  45    A  C3'  0  45    A  C2'     O3'     C3'     C2'   15.81
   0  45    A  C4'  0  45    A  C3'  0  45    A  O3'     C4'     C3'     O3'    8.03
   0  45    A  C5'  0  45    A  C4'  0  45    A  C3'     C5'     C4'     C3'   10.55
   0  45    A  O4'  0  45    A  C4'  0  45    A  C3'     O4'     C4'     C3'    7.65
   0  45    A  C5'  0  45    A  C4'  0  45    A  O4'     C5'     C4'     O4'   -4.31
   0  45    A  C4'  0  45    A  O4'  0  45    A  C1'     C4'     O4'     C1'   -8.35
   0  45    A  O5'  0  45    A  C5'  0  45    A  C4'     O5'     C5'     C4'    4.94
   0  45    A  P    0  45    A  O5'  0  45    A  C5'     P       O5'     C5'   -6.59
   0  45    A  O2'  0  45    A  C2'  0  45    A  C1'     O2'     C2'     C1'   -9.38
   0  45    A  C3'  0  45    A  C2'  0  45    A  O2'     C3'     C2'     O2'   18.93
   0  45    A  O3'  0  46    A  P    0  46    A  O5'     O3'     P       O5'   -7.48
   0  45    A  O3'  0  46    A  P    0  46    A  OP2     O3'     P       OP2   -5.38
   0  45    A  C3'  0  45    A  O3'  0  46    A  P       C3'     O3'     P     -9.92
   0  46    A  O4'  0  46    A  C1'  0  46    A  N9      O4'     C1'     N9     4.67
   0  46    A  C2'  0  46    A  C1'  0  46    A  N9      C2'     C1'     N9    -5.60
   0  46    A  O4'  0  46    A  C1'  0  46    A  C2'     O4'     C1'     C2'    8.29
   0  46    A  C3'  0  46    A  C2'  0  46    A  C1'     C3'     C2'     C1'    9.86
   0  46    A  C4'  0  46    A  C3'  0  46    A  C2'     C4'     C3'     C2'   -8.94
   0  46    A  O3'  0  46    A  C3'  0  46    A  C2'     O3'     C3'     C2'   13.31
   0  46    A  C4'  0  46    A  C3'  0  46    A  O3'     C4'     C3'     O3'    9.42
   0  46    A  C5'  0  46    A  C4'  0  46    A  C3'     C5'     C4'     C3'    6.62
   0  46    A  O4'  0  46    A  C4'  0  46    A  C3'     O4'     C4'     C3'    5.26
   0  46    A  C4'  0  46    A  O4'  0  46    A  C1'     C4'     O4'     C1'   -5.79
   0  46    A  P    0  46    A  O5'  0  46    A  C5'     P       O5'     C5'   -6.55
   0  46    A  O2'  0  46    A  C2'  0  46    A  C1'     O2'     C2'     C1'   -8.77
   0  46    A  C3'  0  46    A  C2'  0  46    A  O2'     C3'     C2'     O2'   15.41
   0  46    A  O3'  0  47    U  P    0  47    U  OP2     O3'     P       OP2    6.99
   0  46    A  C3'  0  46    A  O3'  0  47    U  P       C3'     O3'     P     -7.14
   0  47    U  O4'  0  47    U  C1'  0  47    U  N1      O4'     C1'     N1    20.98
   0  47    U  C2'  0  47    U  C1'  0  47    U  N1      C2'     C1'     N1    -4.94
   0  47    U  C4'  0  47    U  C3'  0  47    U  C2'     C4'     C3'     C2'   -8.21
   0  47    U  O3'  0  47    U  C3'  0  47    U  C2'     O3'     C3'     C2'    4.32
   0  47    U  C4'  0  47    U  C3'  0  47    U  O3'     C4'     C3'     O3'   16.48
   0  47    U  C5'  0  47    U  C4'  0  47    U  O4'     C5'     C4'     O4'    6.62
   0  47    U  C4'  0  47    U  O4'  0  47    U  C1'     C4'     O4'     C1'  -13.89
   0  47    U  O5'  0  47    U  C5'  0  47    U  C4'     O5'     C5'     C4'   11.34
   0  47    U  P    0  47    U  O5'  0  47    U  C5'     P       O5'     C5'   12.45
   0  47    U  OP2  0  47    U  P    0  47    U  O5'     OP2     P       O5'   -4.02
   0  47    U  O2'  0  47    U  C2'  0  47    U  C1'     O2'     C2'     C1'   -4.54
   0  47    U  C3'  0  47    U  C2'  0  47    U  O2'     C3'     C2'     O2'    4.33
   0  47    U  O3'  0  48    G  P    0  48    G  OP1     O3'     P       OP1   17.50
   0  47    U  C3'  0  47    U  O3'  0  48    G  P       C3'     O3'     P     24.26
   0  48    G  O4'  0  48    G  C1'  0  48    G  N9      O4'     C1'     N9    14.02
   0  48    G  C2'  0  48    G  C1'  0  48    G  N9      C2'     C1'     N9    -8.25
   0  48    G  O4'  0  48    G  C1'  0  48    G  C2'     O4'     C1'     C2'    7.99
   0  48    G  C3'  0  48    G  C2'  0  48    G  C1'     C3'     C2'     C1'    4.15
   0  48    G  C4'  0  48    G  C3'  0  48    G  C2'     C4'     C3'     C2'   -5.94
   0  48    G  O3'  0  48    G  C3'  0  48    G  C2'     O3'     C3'     C2'    7.63
   0  48    G  C4'  0  48    G  C3'  0  48    G  O3'     C4'     C3'     O3'   16.43
   0  48    G  C5'  0  48    G  C4'  0  48    G  C3'     C5'     C4'     C3'   -5.72
   0  48    G  O4'  0  48    G  C4'  0  48    G  C3'     O4'     C4'     C3'    4.04
   0  48    G  C5'  0  48    G  C4'  0  48    G  O4'     C5'     C4'     O4'   19.35
   0  48    G  C4'  0  48    G  O4'  0  48    G  C1'     C4'     O4'     C1'   -8.46
   0  48    G  P    0  48    G  O5'  0  48    G  C5'     P       O5'     C5'   18.40
   0  48    G  OP1  0  48    G  P    0  48    G  O5'     OP1     P       O5'   -5.45
   0  48    G  OP1  0  48    G  P    0  48    G  OP2     OP1     P       OP2   -8.98
   0  48    G  OP2  0  48    G  P    0  48    G  O5'     OP2     P       O5'   -6.90
   0  48    G  O2'  0  48    G  C2'  0  48    G  C1'     O2'     C2'     C1'   -9.24
   0  48    G  C3'  0  48    G  C2'  0  48    G  O2'     C3'     C2'     O2'   12.92
   0  48    G  O3'  0  49    U  P    0  49    U  O5'     O3'     P       O5'  -18.61
   0  48    G  O3'  0  49    U  P    0  49    U  OP1     O3'     P       OP1    5.26
   0  48    G  O3'  0  49    U  P    0  49    U  OP2     O3'     P       OP2    9.36
   0  48    G  C3'  0  48    G  O3'  0  49    U  P       C3'     O3'     P     13.83
   0  49    U  O4'  0  49    U  C1'  0  49    U  N1      O4'     C1'     N1    15.51
   0  49    U  O4'  0  49    U  C1'  0  49    U  C2'     O4'     C1'     C2'    6.42
   0  49    U  C4'  0  49    U  C3'  0  49    U  C2'     C4'     C3'     C2'   -8.13
   0  49    U  O3'  0  49    U  C3'  0  49    U  C2'     O3'     C3'     C2'  -11.93
   0  49    U  C4'  0  49    U  C3'  0  49    U  O3'     C4'     C3'     O3'   12.87
   0  49    U  C5'  0  49    U  C4'  0  49    U  C3'     C5'     C4'     C3'   14.37
   0  49    U  O4'  0  49    U  C4'  0  49    U  C3'     O4'     C4'     C3'   17.68
   0  49    U  C5'  0  49    U  C4'  0  49    U  O4'     C5'     C4'     O4'  -14.26
   0  49    U  C4'  0  49    U  O4'  0  49    U  C1'     C4'     O4'     C1'  -28.62
   0  49    U  O5'  0  49    U  C5'  0  49    U  C4'     O5'     C5'     C4'    6.15
   0  49    U  P    0  49    U  O5'  0  49    U  C5'     P       O5'     C5'    6.79
   0  49    U  OP1  0  49    U  P    0  49    U  OP2     OP1     P       OP2   -6.91
   0  49    U  O2'  0  49    U  C2'  0  49    U  C1'     O2'     C2'     C1'   -7.64
   0  49    U  C3'  0  49    U  C2'  0  49    U  O2'     C3'     C2'     O2'   -4.07
   0  49    U  O3'  0  50    U  P    0  50    U  O5'     O3'     P       O5'  -56.29
   0  49    U  O3'  0  50    U  P    0  50    U  OP2     O3'     P       OP2   -6.60
   0  49    U  C3'  0  49    U  O3'  0  50    U  P       C3'     O3'     P    -25.09
   0  50    U  O4'  0  50    U  C1'  0  50    U  N1      O4'     C1'     N1    18.42
   0  50    U  C2'  0  50    U  C1'  0  50    U  N1      C2'     C1'     N1    -5.65
   0  50    U  O4'  0  50    U  C1'  0  50    U  C2'     O4'     C1'     C2'    4.88
   0  50    U  C3'  0  50    U  C2'  0  50    U  C1'     C3'     C2'     C1'   -6.61
   0  50    U  O3'  0  50    U  C3'  0  50    U  C2'     O3'     C3'     C2'  -12.25
   0  50    U  C4'  0  50    U  C3'  0  50    U  O3'     C4'     C3'     O3'   26.39
   0  50    U  C5'  0  50    U  C4'  0  50    U  C3'     C5'     C4'     C3'   13.89
   0  50    U  O4'  0  50    U  C4'  0  50    U  C3'     O4'     C4'     C3'    4.84
   0  50    U  C5'  0  50    U  C4'  0  50    U  O4'     C5'     C4'     O4'   -5.05
   0  50    U  C4'  0  50    U  O4'  0  50    U  C1'     C4'     O4'     C1'  -18.83
   0  50    U  O5'  0  50    U  C5'  0  50    U  C4'     O5'     C5'     C4'   11.87
   0  50    U  O3'  0  51    U  P    0  51    U  O5'     O3'     P       O5'  -15.43
   0  50    U  O3'  0  51    U  P    0  51    U  OP1     O3'     P       OP1   21.69
   0  50    U  O3'  0  51    U  P    0  51    U  OP2     O3'     P       OP2   -9.28
   0  50    U  C3'  0  50    U  O3'  0  51    U  P       C3'     O3'     P     12.03
   0  51    U  O4'  0  51    U  C1'  0  51    U  N1      O4'     C1'     N1    18.42
   0  51    U  C3'  0  51    U  C2'  0  51    U  C1'     C3'     C2'     C1'   -5.33
   0  51    U  C4'  0  51    U  C3'  0  51    U  C2'     C4'     C3'     C2'    7.18
   0  51    U  C4'  0  51    U  C3'  0  51    U  O3'     C4'     C3'     O3'   12.87
   0  51    U  C5'  0  51    U  C4'  0  51    U  C3'     C5'     C4'     C3'   26.68
   0  51    U  C5'  0  51    U  C4'  0  51    U  O4'     C5'     C4'     O4'   -4.70
   0  51    U  C4'  0  51    U  O4'  0  51    U  C1'     C4'     O4'     C1'  -17.21
   0  51    U  O5'  0  51    U  C5'  0  51    U  C4'     O5'     C5'     C4'   -5.29
   0  51    U  OP1  0  51    U  P    0  51    U  OP2     OP1     P       OP2   -4.63
   0  51    U  O3'  0  52    A  P    0  52    A  O5'     O3'     P       O5'  -13.28
   0  51    U  O3'  0  52    A  P    0  52    A  OP1     O3'     P       OP1   16.33
   0  51    U  O3'  0  52    A  P    0  52    A  OP2     O3'     P       OP2  -23.38
   0  52    A  O4'  0  52    A  C1'  0  52    A  N9      O4'     C1'     N9     7.07
   0  52    A  C2'  0  52    A  C1'  0  52    A  N9      C2'     C1'     N9    -4.63
   0  52    A  O4'  0  52    A  C1'  0  52    A  C2'     O4'     C1'     C2'   14.19
   0  52    A  C4'  0  52    A  C3'  0  52    A  C2'     C4'     C3'     C2'   16.47
   0  52    A  O3'  0  52    A  C3'  0  52    A  C2'     O3'     C3'     C2'   -9.51
   0  52    A  C4'  0  52    A  C3'  0  52    A  O3'     C4'     C3'     O3'   18.67
   0  52    A  C5'  0  52    A  C4'  0  52    A  C3'     C5'     C4'     C3'   37.48
   0  52    A  O4'  0  52    A  C4'  0  52    A  C3'     O4'     C4'     C3'  -14.21
   0  52    A  C5'  0  52    A  C4'  0  52    A  O4'     C5'     C4'     O4'  -14.82
   0  52    A  C4'  0  52    A  O4'  0  52    A  C1'     C4'     O4'     C1'  -10.71
   0  52    A  O5'  0  52    A  C5'  0  52    A  C4'     O5'     C5'     C4'   -7.39
   0  52    A  P    0  52    A  O5'  0  52    A  C5'     P       O5'     C5'   -5.73
   0  52    A  O2'  0  52    A  C2'  0  52    A  C1'     O2'     C2'     C1'    7.73
   0  52    A  O3'  0  53    C  P    0  53    C  O5'     O3'     P       O5'   -6.91
   0  52    A  O3'  0  53    C  P    0  53    C  OP1     O3'     P       OP1   -5.64
   0  52    A  O3'  0  53    C  P    0  53    C  OP2     O3'     P       OP2   13.04
   0  53    C  O4'  0  53    C  C1'  0  53    C  N1      O4'     C1'     N1    25.41
   0  53    C  C2'  0  53    C  C1'  0  53    C  N1      C2'     C1'     N1    -6.48
   0  53    C  O4'  0  53    C  C1'  0  53    C  C2'     O4'     C1'     C2'   -7.45
   0  53    C  C3'  0  53    C  C2'  0  53    C  C1'     C3'     C2'     C1'   13.85
   0  53    C  C4'  0  53    C  C3'  0  53    C  C2'     C4'     C3'     C2'  -13.60
   0  53    C  O3'  0  53    C  C3'  0  53    C  C2'     O3'     C3'     C2'    7.15
   0  53    C  C4'  0  53    C  C3'  0  53    C  O3'     C4'     C3'     O3'   11.29
   0  53    C  C5'  0  53    C  C4'  0  53    C  C3'     C5'     C4'     C3'   14.58
   0  53    C  O4'  0  53    C  C4'  0  53    C  C3'     O4'     C4'     C3'    4.81
   0  53    C  C4'  0  53    C  O4'  0  53    C  C1'     C4'     O4'     C1'   -8.56
   0  53    C  O5'  0  53    C  C5'  0  53    C  C4'     O5'     C5'     C4'   -7.39
   0  53    C  P    0  53    C  O5'  0  53    C  C5'     P       O5'     C5'   -7.15
   0  53    C  OP1  0  53    C  P    0  53    C  OP2     OP1     P       OP2   -5.34
   0  53    C  O2'  0  53    C  C2'  0  53    C  C1'     O2'     C2'     C1'   12.91
   0  53    C  C3'  0  53    C  C2'  0  53    C  O2'     C3'     C2'     O2'  -10.00
   0  53    C  O3'  0  54    C  P    0  54    C  O5'     O3'     P       O5'  -11.71
   0  53    C  O3'  0  54    C  P    0  54    C  OP1     O3'     P       OP1  -26.31
   0  53    C  O3'  0  54    C  P    0  54    C  OP2     O3'     P       OP2   12.79
   0  53    C  C3'  0  53    C  O3'  0  54    C  P       C3'     O3'     P    -26.93
   0  54    C  O4'  0  54    C  C1'  0  54    C  N1      O4'     C1'     N1    17.80
   0  54    C  C2'  0  54    C  C1'  0  54    C  N1      C2'     C1'     N1     4.05
   0  54    C  O4'  0  54    C  C1'  0  54    C  C2'     O4'     C1'     C2'   -4.78
   0  54    C  C3'  0  54    C  C2'  0  54    C  C1'     C3'     C2'     C1'    4.48
   0  54    C  C4'  0  54    C  C3'  0  54    C  C2'     C4'     C3'     C2'  -11.30
   0  54    C  O3'  0  54    C  C3'  0  54    C  C2'     O3'     C3'     C2'  -14.17
   0  54    C  C4'  0  54    C  C3'  0  54    C  O3'     C4'     C3'     O3'    5.83
   0  54    C  O4'  0  54    C  C4'  0  54    C  C3'     O4'     C4'     C3'    6.90
   0  54    C  C5'  0  54    C  C4'  0  54    C  O4'     C5'     C4'     O4'   10.95
   0  54    C  C4'  0  54    C  O4'  0  54    C  C1'     C4'     O4'     C1'  -21.32
   0  54    C  OP1  0  54    C  P    0  54    C  O5'     OP1     P       O5'   -5.34
   0  54    C  O2'  0  54    C  C2'  0  54    C  C1'     O2'     C2'     C1'    7.22
   0  54    C  C3'  0  54    C  C2'  0  54    C  O2'     C3'     C2'     O2'    9.67
   0  54    C  O3'  0  55    G  P    0  55    G  O5'     O3'     P       O5'  -22.73
   0  54    C  O3'  0  55    G  P    0  55    G  OP1     O3'     P       OP1   11.95
   0  54    C  C3'  0  54    C  O3'  0  55    G  P       C3'     O3'     P    -43.40
   0  55    G  O4'  0  55    G  C1'  0  55    G  N9      O4'     C1'     N9    14.01
   0  55    G  C2'  0  55    G  C1'  0  55    G  N9      C2'     C1'     N9    -4.28
   0  55    G  O4'  0  55    G  C1'  0  55    G  C2'     O4'     C1'     C2'    4.73
   0  55    G  C3'  0  55    G  C2'  0  55    G  C1'     C3'     C2'     C1'  -10.84
   0  55    G  C4'  0  55    G  C3'  0  55    G  C2'     C4'     C3'     C2'    7.70
   0  55    G  O3'  0  55    G  C3'  0  55    G  C2'     O3'     C3'     C2'    6.50
   0  55    G  C4'  0  55    G  C3'  0  55    G  O3'     C4'     C3'     O3'    8.46
   0  55    G  C5'  0  55    G  C4'  0  55    G  O4'     C5'     C4'     O4'   11.37
   0  55    G  C4'  0  55    G  O4'  0  55    G  C1'     C4'     O4'     C1'  -10.55
   0  55    G  P    0  55    G  O5'  0  55    G  C5'     P       O5'     C5'   20.69
   0  55    G  OP1  0  55    G  P    0  55    G  O5'     OP1     P       O5'   -6.97
   0  55    G  OP1  0  55    G  P    0  55    G  OP2     OP1     P       OP2   -7.93
   0  55    G  OP2  0  55    G  P    0  55    G  O5'     OP2     P       O5'   -8.93
   0  55    G  O2'  0  55    G  C2'  0  55    G  C1'     O2'     C2'     C1'   -4.44
   0  55    G  C3'  0  55    G  C2'  0  55    G  O2'     C3'     C2'     O2'   15.52
   0  55    G  O3'  0  56    U  P    0  56    U  OP2     O3'     P       OP2    7.64
   0  56    U  O4'  0  56    U  C1'  0  56    U  N1      O4'     C1'     N1    18.80
   0  56    U  C3'  0  56    U  C2'  0  56    U  C1'     C3'     C2'     C1'  -10.19
   0  56    U  O3'  0  56    U  C3'  0  56    U  C2'     O3'     C3'     C2'    9.32
   0  56    U  C4'  0  56    U  C3'  0  56    U  O3'     C4'     C3'     O3'   11.82
   0  56    U  C5'  0  56    U  C4'  0  56    U  C3'     C5'     C4'     C3'    9.97
   0  56    U  C5'  0  56    U  C4'  0  56    U  O4'     C5'     C4'     O4'   -5.89
   0  56    U  C4'  0  56    U  O4'  0  56    U  C1'     C4'     O4'     C1'  -16.04
   0  56    U  O5'  0  56    U  C5'  0  56    U  C4'     O5'     C5'     C4'   19.31
   0  56    U  OP1  0  56    U  P    0  56    U  OP2     OP1     P       OP2   -4.12
   0  56    U  O2'  0  56    U  C2'  0  56    U  C1'     O2'     C2'     C1'    4.27
   0  56    U  C3'  0  56    U  C2'  0  56    U  O2'     C3'     C2'     O2'    5.00
   0  56    U  O3'  0  57    C  P    0  57    C  OP2     O3'     P       OP2    4.09
   0  56    U  C3'  0  56    U  O3'  0  57    C  P       C3'     O3'     P     -8.96
   0  57    C  O4'  0  57    C  C1'  0  57    C  N1      O4'     C1'     N1    26.12
   0  57    C  O4'  0  57    C  C1'  0  57    C  C2'     O4'     C1'     C2'  -11.43
   0  57    C  C3'  0  57    C  C2'  0  57    C  C1'     C3'     C2'     C1'  -17.20
   0  57    C  C4'  0  57    C  C3'  0  57    C  O3'     C4'     C3'     O3'   13.53
   0  57    C  C5'  0  57    C  C4'  0  57    C  C3'     C5'     C4'     C3'   14.25
   0  57    C  C4'  0  57    C  O4'  0  57    C  C1'     C4'     O4'     C1'  -22.53
   0  57    C  OP1  0  57    C  P    0  57    C  OP2     OP1     P       OP2   -4.55
   0  57    C  C3'  0  57    C  C2'  0  57    C  O2'     C3'     C2'     O2'   18.00
   0  57    C  O3'  0  58    C  P    0  58    C  O5'     O3'     P       O5'   -6.23
   0  57    C  O3'  0  58    C  P    0  58    C  OP2     O3'     P       OP2    5.08
   0  57    C  C3'  0  57    C  O3'  0  58    C  P       C3'     O3'     P      4.02
   0  58    C  O4'  0  58    C  C1'  0  58    C  N1      O4'     C1'     N1    25.08
   0  58    C  O4'  0  58    C  C1'  0  58    C  C2'     O4'     C1'     C2'   -8.92
   0  58    C  C3'  0  58    C  C2'  0  58    C  C1'     C3'     C2'     C1'   -4.56
   0  58    C  C4'  0  58    C  C3'  0  58    C  C2'     C4'     C3'     C2'   -7.67
   0  58    C  O3'  0  58    C  C3'  0  58    C  C2'     O3'     C3'     C2'  -17.06
   0  58    C  C4'  0  58    C  C3'  0  58    C  O3'     C4'     C3'     O3'   42.47
   0  58    C  C5'  0  58    C  C4'  0  58    C  C3'     C5'     C4'     C3'   13.79
   0  58    C  O4'  0  58    C  C4'  0  58    C  C3'     O4'     C4'     C3'    4.23
   0  58    C  C5'  0  58    C  C4'  0  58    C  O4'     C5'     C4'     O4'   -4.39
   0  58    C  C4'  0  58    C  O4'  0  58    C  C1'     C4'     O4'     C1'  -22.47
   0  58    C  O5'  0  58    C  C5'  0  58    C  C4'     O5'     C5'     C4'   15.73
   0  58    C  O2'  0  58    C  C2'  0  58    C  C1'     O2'     C2'     C1'    6.87
   0  58    C  C3'  0  58    C  C2'  0  58    C  O2'     C3'     C2'     O2'   18.27
  824/1264 angle outliers present

                        ----------Sugar pucker----------                       

  residue                  delta   outlier   epsilon   outlier
   0  13    C               43.7       yes     147.5       yes
   0  22    C               22.5       yes     115.6       yes
   0  23    G               41.3       yes     259.9        no
   0  48    G               14.6       yes     157.4        no
   0  50    U               84.0        no       2.2       yes
   0  56    U               47.5       yes     141.8       yes
   0  58    C               17.3       yes       ---        no
  7/57 pucker outliers present

                  ----------Backbone torsion suites----------                  

  Suite ID                 suite  suiteness  triaged angle
    G0   2                    !!          0     delta
    C0   3                    !!          0  epsilon-1
    A0   4                    !!          0  epsilon-1
    C0   5                    !!          0  epsilon-1
    A0   6                    !!          0  epsilon-1
    C0   7                    !!          0   delta-1
    U0   8                    !!          0     delta
    C0   9                    !!          0  epsilon-1
    G0  10                    !!          0   delta-1
    G0  11                    !!          0   delta-1
    A0  12                    !!          0  epsilon-1
    C0  13                    !!          0  epsilon-1
    U0  14                    !!          0  epsilon-1
    G0  15                    !!          0  epsilon-1
    A0  16                    !!          0  epsilon-1
    C0  17                    !!          0   delta-1
    G0  18                    !!          0  epsilon-1
    C0  19                    !!          0  epsilon-1
    C0  20                    !!          0  epsilon-1
    U0  21                    !!          0     delta
    C0  22                    !!          0  epsilon-1
    G0  23                    !!          0  epsilon-1
    G0  24                    !!          0   delta-1
    C0  25                    !!          0  epsilon-1
    A0  26                    !!          0  epsilon-1
    C0  27                    !!          0   delta-1
    C0  28                    !!          0  epsilon-1
    U0  29                    !!          0  epsilon-1
    G0  30                    !!          0  epsilon-1
    A0  31                    !!          0  epsilon-1
    A0  32                    !!          0   delta-1
    C0  33                    !!          0      None
    G0  34                    !!          0  epsilon-1
    C0  35                    !!          0  epsilon-1
    U0  36                    !!          0  epsilon-1
    C0  37                    !!          0  epsilon-1
    C0  38                    !!          0  epsilon-1
    G0  40                    !!          0   delta-1
    G0  41                    !!          0   delta-1
    U0  42                    !!          0   delta-1
    G0  43                    !!          0   delta-1
    G0  44                    !!          0   delta-1
    A0  45                    !!          0  epsilon-1
    A0  46                    !!          0  epsilon-1
    U0  47                    !!          0   delta-1
    G0  48                    !!          0     delta
    U0  49                    !!          0   delta-1
    U0  50                    !!          0   delta-1
    U0  51                    !!          0  epsilon-1
    A0  52                    !!          0  epsilon-1
    C0  53                    !!          0   delta-1
    C0  54                    !!          0  epsilon-1
    G0  55                    !!          0     delta
    U0  56                    !!          0  epsilon-1
    C0  57                    !!          0  epsilon-1
    C0  58                    !!          0  epsilon-1
Found 56 complete suites derived from 56 entries
55 suites were triaged, leaving 56 assigned to bins
For all 56 suites: average suiteness== 0.000 (power==3.00)
    56 suites are  outliers
     0 suites have suiteness == 0
     0 suites have suiteness >  0 <.1
     0 suites have suiteness >=.1 <.2
     0 suites have suiteness >=.2 <.3
     0 suites have suiteness >=.3 <.4
     0 suites have suiteness >=.4 <.5
     0 suites have suiteness >=.5 <.6
     0 suites have suiteness >=.6 <.7
     0 suites have suiteness >=.7 <.8
     0 suites have suiteness >=.8 <.9
     0 suites have suiteness >=.9
 A form (1a) 0 suites: average suiteness== 0.000 (power==3.00)
     0 suites have suiteness == 0
     0 suites have suiteness >  0 <.1
     0 suites have suiteness >=.1 <.2
     0 suites have suiteness >=.2 <.3
     0 suites have suiteness >=.3 <.4
     0 suites have suiteness >=.4 <.5
     0 suites have suiteness >=.5 <.6
     0 suites have suiteness >=.6 <.7
     0 suites have suiteness >=.7 <.8
     0 suites have suiteness >=.8 <.9
     0 suites have suiteness >=.9
 non-1a  has 56 suites: average suiteness== 0.000 (power==3.00)
     0 suites have suiteness == 0
     0 suites have suiteness >  0 <.1
     0 suites have suiteness >=.1 <.2
     0 suites have suiteness >=.2 <.3
     0 suites have suiteness >=.3 <.4
     0 suites have suiteness >=.4 <.5
     0 suites have suiteness >=.5 <.6
     0 suites have suiteness >=.6 <.7
     0 suites have suiteness >=.7 <.8
     0 suites have suiteness >=.8 <.9
     0 suites have suiteness >=.9

=================================== Summary ===================================

  Ramachandran outliers =   0.00 %
                favored =   0.00 %
  Rotamer outliers      =   0.00 %
  C-beta deviations     =     0
  Clashscore            = 655.10
  RMS(bonds)            =   0.2451
  RMS(angles)           =  16.61
  MolProbity score      =   4.41
